obs,sdf_2020_f,unrest,pop,male,v_age,income,region,sdf_2016_f,sdf_2024_f
Yes,62.57257457,0,6135,0.479139902,54,4,Northern Rim,50.65502227,63.59257457
Yes,53.36088856,0,7714,0.486927909,33,3,West,53.25807288,54.38088856
Yes,61.59476263,0,16571,0.521990194,39,3,West,50.37997381,62.61476263
Yes,57.51121194,0,1935,0.49403068,66,5,West,47.53753801,58.53121194
Yes,48.72297064,0,10482,0.486731337,42,4,Eastern Islands,26.30138002,49.74297064
Yes,45.4533862,0,12306,0.520997754,57,4,West,54.45496604,46.4733862
Yes,50.98907972,0,9393,0.495325083,37,5,Northern Rim,37.99939656,52.00907972
Yes,56.65507164,0,8980,0.495416326,60,3,Eastern Islands,49.45658835,57.67507164
Yes,43.54766872,0,3296,0.528209923,20,3,Eastern Islands,39.47370229,44.56766872
Yes,39.33110913,0,13422,0.532973951,42,5,West,47.77913719,40.35110913
Yes,48.55607022,0,13557,0.512352081,40,4,Eastern Islands,45.11190559,49.57607022
Yes,42.59534733,0,7501,0.512447437,55,2,West,37.94836415,43.61534733
Yes,57.41739939,0,11396,0.537020988,25,4,West,47.048455,58.43739939
Yes,49.7469662,0,3194,0.516715814,74,3,Eastern Islands,58.05250101,50.7669662
Yes,66.38386927,0,9019,0.480832648,47,2,West,50.35218038,67.40386927
Yes,44.49117119,0,7589,0.528766855,46,3,West,43.18993353,45.51117119
Yes,42.205081,0,11639,0.506826843,47,3,West,49.48138257,43.225081
Yes,60.79731505,0,9577,0.528777622,46,4,West,61.26838031,61.81731505
Yes,51.63645755,1,12502,0.4847232,39,3,West,34.61116515,52.65645755
Yes,55.28043359,0,11077,0.508823088,31,3,Northern Rim,60.47916049,56.30043359
Yes,53.86181723,0,12686,0.487127754,45,3,Eastern Islands,41.83494282,54.88181723
Yes,43.40487741,0,8052,0.524992653,43,3,Eastern Islands,50.81743596,44.42487741
Yes,45.78769402,0,6368,0.51261254,46,6,West,35.44727403,46.80769402
Yes,48.6730225,0,10687,0.506106253,50,2,West,45.19727353,49.6930225
Yes,56.67499436,0,16574,0.473066519,50,2,West,49.23449847,57.69499436
Yes,68.19603359,0,10413,0.523537752,43,3,West,59.3247832,69.21603359
Yes,62.55419029,0,10578,0.511850257,30,2,Northern Rim,56.58364134,63.57419029
Yes,55.31076465,0,11701,0.509281221,44,3,Northern Rim,42.99659964,56.33076465
Yes,42.71379174,0,13147,0.511723191,45,4,West,40.09539266,43.73379174
Yes,52.42268515,0,12299,0.518899185,53,4,West,32.01523084,53.44268515
Yes,41.92765946,0,3982,0.556860922,19,4,Northern Rim,39.32246239,42.94765946
Yes,59.50865235,0,12616,0.496094131,43,4,Northern Rim,39.97966849,60.52865235
Yes,55.5479223,0,5314,0.508130995,23,3,West,52.89068412,56.5679223
Yes,61.93363853,0,16306,0.541364501,43,2,Eastern Islands,42.47411738,62.95363853
Yes,55.25141438,0,5136,0.517600263,18,5,Eastern Islands,50.39740588,56.27141438
Yes,53.65133718,0,5749,0.50338503,71,4,Eastern Islands,38.29104287,54.67133718
Yes,58.24778275,0,15214,0.513189119,51,2,West,49.5328973,59.26778275
Yes,54.09462454,0,17852,0.488742712,45,5,West,45.38170188,55.11462454
Yes,52.82986295,0,7572,0.539580809,59,2,West,48.9360677,53.84986295
Yes,52.94070056,0,9389,0.53888416,75,5,Eastern Islands,60.88721086,53.96070056
Yes,52.29083966,0,17025,0.480840578,46,4,Eastern Islands,49.97584795,53.31083966
Yes,30.71820833,0,9523,0.523532228,18,1,West,46.6906111,31.73820833
Yes,48.15084156,0,10696,0.53983138,45,3,Northern Rim,54.57039788,49.17084156
Yes,49.53897137,0,8807,0.510424551,31,3,Northern Rim,52.56985777,50.55897137
Yes,63.84739267,0,13074,0.533836443,47,4,Eastern Islands,36.7636615,64.86739267
Yes,40.6213831,0,6648,0.508941668,40,3,Eastern Islands,40.75558276,41.6413831
Yes,42.71938853,0,10836,0.508376394,49,4,West,42.12346314,43.73938853
Yes,49.12024809,0,14627,0.522662222,85,4,Eastern Islands,49.45561265,50.14024809
Yes,38.1395829,0,7737,0.511256,45,3,West,28.74131699,39.1595829
Yes,39.81942109,0,18381,0.501020911,45,3,Northern Rim,58.0381649,40.83942109
Yes,45.25991032,0,10041,0.558386868,30,2,Northern Rim,39.79882083,46.27991032
Yes,61.21219123,0,9635,0.496528841,41,7,West,41.25539686,62.23219123
Yes,57.54860615,0,7442,0.496621254,67,3,Northern Rim,53.71930435,58.56860615
Yes,53.73568981,1,5280,0.5248236,18,3,West,42.08803816,54.75568981
Yes,37.07533073,0,7480,0.516154603,29,4,Eastern Islands,56.41732404,38.09533073
Yes,59.83219048,0,9611,0.513041594,31,2,Northern Rim,54.23188516,60.85219048
Yes,46.5691384,0,12722,0.505150874,47,3,West,31.12964783,47.5891384
Yes,45.27052642,0,8577,0.502522785,43,3,Northern Rim,37.78545143,46.29052642
Yes,62.63975471,0,12149,0.488493262,56,4,Eastern Islands,40.26099141,63.65975471
Yes,52.80025369,0,14832,0.504110482,40,4,West,51.32693813,53.82025369
Yes,46.25756773,0,8479,0.500132762,49,5,Eastern Islands,42.69671745,47.27756773
Yes,57.4214526,0,4541,0.555772405,23,5,West,45.09372296,58.4414526
Yes,47.76819239,0,4305,0.521108361,26,3,Northern Rim,43.80312851,48.78819239
Yes,61.70638661,0,10845,0.526305258,41,4,Northern Rim,49.79740003,62.72638661
Yes,52.15725189,0,16267,0.514598002,42,4,Northern Rim,37.19392164,53.17725189
Yes,50.60870238,0,3954,0.482947994,31,3,Eastern Islands,45.08151307,51.62870238
Yes,47.71813707,0,7004,0.527670291,42,3,West,43.33567527,48.73813707
Yes,45.64748015,0,14321,0.513001388,45,1,Eastern Islands,46.52063743,46.66748015
Yes,67.25040899,0,12948,0.490733065,28,4,Northern Rim,41.53736948,68.27040899
Yes,67.31408019,0,19121,0.534584751,59,4,Eastern Islands,49.62271518,68.33408019
Yes,52.5417293,0,10213,0.507311807,31,4,Northern Rim,56.36655623,53.5617293
Yes,38.00487993,0,11286,0.531648039,39,3,West,65.45467659,39.02487993
Yes,57.4928354,0,6891,0.507868529,74,4,West,46.64542686,58.5128354
Yes,57.89206383,0,8506,0.518357782,44,3,West,42.74725789,58.91206383
Yes,56.42263702,0,14750,0.513981473,53,3,Northern Rim,64.40773774,57.44263702
Yes,50.8263446,0,16474,0.508390587,47,6,Eastern Islands,59.26807913,51.8463446
Yes,46.70292284,0,6316,0.516197759,39,4,Northern Rim,37.39930912,47.72292284
Yes,52.16863424,0,2062,0.515707866,31,5,Northern Rim,44.07730508,53.18863424
Yes,46.92097226,0,15974,0.498248086,40,4,Eastern Islands,57.86761396,47.94097226
Yes,43.28538497,0,8501,0.49394047,18,5,Eastern Islands,48.25394284,44.30538497
Yes,50.52086729,1,13740,0.514194004,38,4,West,47.60723037,51.54086729
Yes,58.76513189,0,12364,0.494160259,64,3,Northern Rim,49.09325102,59.78513189
Yes,64.49701984,0,6708,0.508321276,18,4,Northern Rim,41.03376244,65.51701984
Yes,38.80649262,0,11454,0.467092553,50,3,Northern Rim,39.90090056,39.82649262
Yes,36.63948053,0,10112,0.528209894,49,3,West,50.44705011,37.65948053
Yes,48.7088651,0,4853,0.482327187,71,4,Eastern Islands,43.57381437,49.7288651
Yes,46.85585546,0,7050,0.500882468,39,5,Eastern Islands,56.53081226,47.87585546
Yes,59.67509919,0,7092,0.550847328,72,4,Northern Rim,42.934024,60.69509919
Yes,60.63782118,0,9145,0.490536038,35,1,Eastern Islands,50.84782173,61.65782118
Yes,60.78955274,0,15521,0.521790401,27,6,Eastern Islands,41.37929243,61.80955274
Yes,52.58667421,0,6912,0.536065669,36,3,West,41.26466891,53.60667421
Yes,52.8690457,0,21288,0.512755906,23,5,Northern Rim,44.22240771,53.8890457
Yes,50.0760902,0,13355,0.498766938,29,2,Northern Rim,52.10053902,51.0960902
Yes,53.76292389,0,13728,0.495416472,37,3,Eastern Islands,45.31953512,54.78292389
Yes,39.50286573,0,6869,0.504106985,55,3,West,46.33910314,40.52286573
Yes,49.71787899,0,11440,0.518530504,59,3,West,44.84560362,50.73787899
Yes,48.48314286,0,4053,0.510046656,35,2,Eastern Islands,38.28472018,49.50314286
Yes,40.06075317,0,5654,0.511749764,42,4,Eastern Islands,46.51775275,41.08075317
Yes,38.95122357,0,11340,0.528729876,38,5,Eastern Islands,49.4391293,39.97122357
Yes,54.89297265,0,11243,0.523114417,31,2,West,52.95563536,55.91297265
Yes,49.5568811,0,11306,0.532250558,45,3,West,56.912158,50.5768811
Yes,59.83797479,0,1640,0.477065288,39,4,West,50.41681668,60.85797479
Yes,51.52505057,0,16786,0.523385759,47,2,West,54.14842853,52.54505057
Yes,50.61703132,0,9151,0.48181283,46,3,West,51.13021631,51.63703132
Yes,40.6053205,0,11026,0.514838095,62,4,Northern Rim,48.38429326,41.6253205
Yes,48.64150714,0,8807,0.513498859,35,5,West,56.16385276,49.66150714
Yes,59.44973598,0,10665,0.517092705,31,5,Northern Rim,54.98435863,60.46973598
Yes,49.89603759,0,3960,0.494247299,45,4,West,39.20903724,50.91603759
Yes,39.24431549,0,13394,0.515658691,18,4,Eastern Islands,38.71746215,40.26431549
Yes,50.26615627,0,8048,0.507695883,21,3,Eastern Islands,47.13008992,51.28615627
Yes,60.34704221,0,12816,0.5102766,18,3,West,46.16095828,61.36704221
Yes,48.17175089,0,10266,0.498700246,19,4,Eastern Islands,51.02302532,49.19175089
Yes,53.79376551,0,13333,0.514917281,21,3,Eastern Islands,42.29123876,54.81376551
Yes,51.94165596,0,8427,0.523560159,39,5,Eastern Islands,40.16441725,52.96165596
Yes,55.21472831,0,9966,0.499002624,31,4,Eastern Islands,48.23375808,56.23472831
Yes,41.31781988,0,7567,0.511823707,51,5,West,43.2005498,42.33781988
Yes,56.47528477,0,11251,0.52979473,59,5,West,49.48112319,57.49528477
Yes,56.223523,0,8327,0.468675425,51,3,West,42.56660727,57.243523
Yes,50.28808372,0,7420,0.512616054,57,2,Northern Rim,36.06541654,51.30808372
Yes,45.87075096,0,15650,0.518727803,40,3,West,51.96737886,46.89075096
Yes,52.41244414,0,3396,0.511059948,54,4,Northern Rim,51.61914729,53.43244414
Yes,45.10865146,0,8254,0.517023076,21,3,Northern Rim,52.29635597,46.12865146
Yes,45.18286288,0,8815,0.483862994,18,3,Eastern Islands,40.53103132,46.20286288
Yes,55.15982978,0,3311,0.553872648,54,5,Eastern Islands,41.40655321,56.17982978
Yes,55.33762893,0,3071,0.500071459,41,2,West,48.46224336,56.35762893
Yes,58.41933116,0,8788,0.506650007,52,5,Eastern Islands,51.69571234,59.43933116
Yes,57.03908193,0,6255,0.507954725,49,5,Eastern Islands,46.77430478,58.05908193
Yes,47.39749171,0,8410,0.4598418,18,3,Eastern Islands,51.88651431,48.41749171
Yes,41.56071453,0,10875,0.497950955,36,2,Northern Rim,40.10196551,42.58071453
Yes,44.38305739,1,10999,0.509853652,50,2,West,32.77180052,45.40305739
Yes,43.48873915,0,12392,0.530872011,51,5,West,41.89368801,44.50873915
Yes,61.82262751,0,15626,0.495008758,33,4,West,54.70344072,62.84262751
Yes,41.6733858,0,9648,0.51413501,78,6,Northern Rim,41.93197006,42.6933858
Yes,49.29583325,0,18992,0.477463962,28,5,Eastern Islands,48.43408535,50.31583325
Yes,50.60521928,0,19156,0.532149915,29,4,West,47.31135907,51.62521928
Yes,43.7807805,0,10767,0.517551204,76,1,West,54.65606309,44.8007805
Yes,43.59774802,0,15141,0.537771338,53,3,West,40.43415966,44.61774802
Yes,41.45127883,0,12494,0.518171305,30,5,Eastern Islands,45.01828792,42.47127883
Yes,49.90601182,0,4687,0.483235591,34,4,Eastern Islands,41.3559716,50.92601182
Yes,48.9299396,0,8167,0.494337456,47,4,Eastern Islands,50.46497594,49.9499396
Yes,44.66064628,0,8439,0.492335937,52,2,West,44.2113483,45.68064628
Yes,52.19240008,0,11109,0.537230377,35,5,West,44.5147422,53.21240008
Yes,65.89602148,0,9508,0.497904699,54,3,West,49.84611009,66.91602148
Yes,46.74041471,0,8605,0.50404277,44,4,Eastern Islands,52.0380535,47.76041471
Yes,52.49839201,1,10614,0.52262901,22,4,West,46.07763924,53.51839201
Yes,48.55141832,0,11643,0.454168976,43,5,West,36.13554874,49.57141832
Yes,58.1794573,0,9360,0.512858874,36,3,West,46.21049781,59.1994573
Yes,47.39604337,0,12961,0.484352965,62,3,Northern Rim,44.83227481,48.41604337
Yes,52.78260787,0,12116,0.532322061,42,2,West,34.73946605,53.80260787
Yes,48.38389068,0,15226,0.49665134,51,3,West,47.94301858,49.40389068
Yes,50.83582532,0,5862,0.527144774,40,3,Northern Rim,46.62615832,51.85582532
Yes,50.60974043,0,8751,0.505750153,33,5,Northern Rim,49.7797949,51.62974043
Yes,58.9172198,0,19119,0.480816282,28,4,Northern Rim,35.56150853,59.9372198
Yes,52.46002299,0,8695,0.518387183,51,3,West,57.18840292,53.48002299
Yes,46.715802,0,9364,0.493007448,32,3,Northern Rim,44.89059951,47.735802
Yes,55.09391843,0,8010,0.509389539,52,4,West,44.13173329,56.11391843
Yes,50.92345839,0,6255,0.511441448,23,3,Northern Rim,51.64372297,51.94345839
Yes,51.38388645,0,10612,0.477364295,29,3,Northern Rim,45.43439506,52.40388645
Yes,49.83508131,0,7397,0.533230214,50,2,Eastern Islands,46.17691438,50.85508131
Yes,44.33151458,0,9357,0.521640212,50,2,Northern Rim,50.17958978,45.35151458
Yes,41.33628946,0,10996,0.529159725,62,4,Eastern Islands,44.86042807,42.35628946
Yes,54.17105866,0,12717,0.507939448,55,3,Eastern Islands,56.83083855,55.19105866
Yes,45.49095813,0,16670,0.525976937,34,4,Northern Rim,47.53246312,46.51095813
Yes,44.47040132,0,8292,0.488113012,36,4,Northern Rim,41.49914811,45.49040132
Yes,48.93030957,0,9126,0.518494408,45,5,Eastern Islands,58.21891522,49.95030957
Yes,40.58745602,0,1624,0.488755134,51,5,Northern Rim,40.19774459,41.60745602
Yes,54.63640901,0,3869,0.496238455,46,3,Eastern Islands,47.23075182,55.65640901
Yes,38.15793693,0,15379,0.53010159,24,2,Eastern Islands,50.0068342,39.17793693
Yes,39.96065654,0,7121,0.495384095,44,3,Eastern Islands,48.75542145,40.98065654
Yes,55.34894835,0,16254,0.473278235,37,6,Eastern Islands,50.79817308,56.36894835
Yes,45.18957542,0,8608,0.524383043,48,3,Northern Rim,50.66169191,46.20957542
Yes,63.91615701,0,4198,0.510962817,35,5,Northern Rim,34.82739902,64.93615701
Yes,50.87858742,0,7387,0.509345054,34,2,Northern Rim,51.85511916,51.89858742
Yes,54.23142198,0,11252,0.481169558,34,3,Eastern Islands,43.9733325,55.25142198
Yes,41.89624916,0,6726,0.503501449,52,3,Eastern Islands,52.91351591,42.91624916
Yes,55.78945295,0,8797,0.476581209,35,3,Northern Rim,45.4993123,56.80945295
Yes,44.60850031,0,3063,0.509995304,59,2,Eastern Islands,46.49645199,45.62850031
Yes,57.76394065,0,8048,0.491933782,32,5,Northern Rim,51.40136695,58.78394065
Yes,46.94790219,0,7600,0.496461341,54,4,Northern Rim,46.71148744,47.96790219
Yes,50.85975062,0,7128,0.515209923,38,4,West,54.93304353,51.87975062
Yes,55.50507631,0,10043,0.515364903,39,5,Northern Rim,38.94076958,56.52507631
Yes,61.9120195,0,3347,0.510174375,38,3,Northern Rim,48.20906478,62.9320195
Yes,57.01339304,0,15074,0.528110445,60,5,Northern Rim,61.29632921,58.03339304
Yes,56.65224741,0,6939,0.51330504,66,4,Eastern Islands,48.09704267,57.67224741
Yes,55.12791522,0,11491,0.539928905,19,2,Northern Rim,49.25589573,56.14791522
Yes,36.06956904,0,12059,0.512024049,49,4,Eastern Islands,53.3906483,37.08956904
Yes,69.2276482,0,10367,0.503255507,30,4,Eastern Islands,33.11499403,70.2476482
Yes,46.31852464,0,7548,0.530952633,64,3,Northern Rim,39.3319023,47.33852464
Yes,60.60414314,0,11985,0.47064539,46,4,Eastern Islands,47.95855834,61.62414314
Yes,59.06254352,0,9833,0.481533395,36,3,Northern Rim,44.04050542,60.08254352
Yes,59.92687597,0,13746,0.533759108,42,5,Northern Rim,55.43104163,60.94687597
Yes,55.50394215,0,15730,0.470422017,76,4,Eastern Islands,39.61641047,56.52394215
Yes,47.14001515,0,15233,0.484723025,30,3,West,43.76051637,48.16001515
Yes,44.30818227,0,8568,0.474432047,40,5,West,48.79584143,45.32818227
Yes,48.93218104,0,8431,0.492939451,50,3,Eastern Islands,39.63944925,49.95218104
Yes,59.00988281,0,8754,0.491655447,54,5,West,49.93470169,60.02988281
Yes,59.8910887,0,5232,0.520188693,25,3,Northern Rim,50.15190585,60.9110887
Yes,47.62536582,0,1660,0.494360155,55,4,Eastern Islands,42.01000292,48.64536582
Yes,57.60584196,0,17024,0.489333038,38,4,Northern Rim,59.83245153,58.62584196
Yes,35.51445464,0,10730,0.515458805,41,4,West,48.06067334,36.53445464
Yes,39.43082877,0,18512,0.496298484,18,2,Northern Rim,49.96742703,40.45082877
Yes,51.28175801,1,10772,0.529449785,51,5,Eastern Islands,48.57234443,52.30175801
Yes,50.63863336,0,9255,0.498447291,24,5,West,35.6937628,51.65863336
Yes,38.5791877,0,12065,0.504212633,66,5,West,47.47270171,39.5991877
Yes,65.64927321,0,10210,0.534005031,72,3,West,49.41268529,66.66927321
Yes,49.14936148,0,8127,0.495845588,46,5,Eastern Islands,48.72393629,50.16936148
Yes,51.63422306,0,1556,0.521727609,26,4,West,55.35163319,52.65422306
Yes,46.29783671,0,15123,0.495910295,44,5,Eastern Islands,42.6784979,47.31783671
Yes,48.10930052,0,7272,0.525159772,55,5,West,41.24119091,49.12930052
Yes,55.39264763,0,13343,0.512704638,31,4,Northern Rim,40.91618246,56.41264763
Yes,67.8881247,0,12103,0.509189469,42,4,Eastern Islands,44.02584448,68.9081247
Yes,48.73515476,0,8962,0.503995451,58,4,Eastern Islands,43.51596252,49.75515476
Yes,43.00559298,0,9063,0.526326895,24,3,Eastern Islands,52.46154043,44.02559298
Yes,36.1101954,0,9296,0.48470595,28,4,West,52.0751334,37.1301954
Yes,63.01215221,0,13684,0.527280857,59,3,Northern Rim,50.45010024,64.03215221
Yes,55.09241745,0,13482,0.552045233,68,3,Northern Rim,48.07948635,56.11241745
Yes,51.53996615,0,5343,0.49883743,43,2,West,42.34215729,52.55996615
Yes,51.94646861,0,11530,0.498084531,22,4,Eastern Islands,37.68438084,52.96646861
Yes,44.9158442,0,11423,0.492015493,41,3,Northern Rim,45.30701676,45.9358442
Yes,42.29693141,0,10333,0.505854298,28,4,Eastern Islands,45.89705389,43.31693141
Yes,45.43738668,0,7993,0.502660972,48,4,West,39.1072306,46.45738668
Yes,47.26075137,0,6705,0.471991938,26,5,Eastern Islands,43.13559151,48.28075137
Yes,37.21291071,0,731,0.545469776,36,4,West,45.51718567,38.23291071
Yes,61.32772357,1,14894,0.514276627,23,2,Eastern Islands,47.19429829,62.34772357
Yes,49.90783871,0,9521,0.519626997,32,2,Eastern Islands,44.05813333,50.92783871
Yes,43.20369797,0,5060,0.501505698,77,4,West,49.01344096,44.22369797
Yes,57.01181372,0,7141,0.50701012,63,4,West,41.88266844,58.03181372
Yes,50.90355374,0,18182,0.522083472,29,5,Eastern Islands,43.99864269,51.92355374
Yes,41.13265388,0,10859,0.5180238,45,5,Northern Rim,39.12827781,42.15265388
Yes,46.43028542,1,8292,0.529836175,35,4,Northern Rim,50.65969399,47.45028542
Yes,57.17757344,0,12401,0.497932072,32,3,Northern Rim,38.80755339,58.19757344
Yes,50.1117886,0,6256,0.526339385,56,5,Eastern Islands,52.24802513,51.1317886
Yes,62.2534609,0,1524,0.549390006,55,1,Eastern Islands,48.71860198,63.2734609
Yes,48.61777148,0,4562,0.484122849,59,4,West,48.14130586,49.63777148
Yes,56.62121902,0,7506,0.518019634,62,1,Northern Rim,50.08391706,57.64121902
Yes,45.72476958,0,15798,0.516444867,33,2,Northern Rim,43.89715537,46.74476958
Yes,56.00422953,0,10664,0.522270205,22,2,West,56.3220963,57.02422953
Yes,46.66148902,0,12053,0.507852129,18,6,Northern Rim,38.24031154,47.68148902
Yes,46.38731942,0,12936,0.510767435,38,3,Eastern Islands,47.63334624,47.40731942
Yes,55.69447676,0,13419,0.502533977,18,4,Northern Rim,51.48995091,56.71447676
Yes,56.18709169,0,3340,0.55068946,75,3,West,50.91967535,57.20709169
Yes,70.8343055,0,7394,0.498331802,57,2,Eastern Islands,50.71077716,71.8543055
Yes,47.96358649,0,10648,0.512718592,38,4,Eastern Islands,43.84719967,48.98358649
Yes,45.11982189,0,7840,0.517241041,54,3,Eastern Islands,57.15252855,46.13982189
Yes,50.38192479,0,9141,0.512601098,49,2,West,48.88386621,51.40192479
Yes,45.48323814,0,100,0.499070921,28,3,Northern Rim,55.63020907,46.50323814
Yes,49.73190455,0,18261,0.49503787,39,4,Northern Rim,46.55099194,50.75190455
Yes,52.67665228,0,11121,0.557033884,54,3,Eastern Islands,51.01494781,53.69665228
Yes,51.5400198,0,11227,0.505318606,42,3,Eastern Islands,35.07061818,52.5600198
Yes,55.65373518,0,10690,0.528626606,43,4,Eastern Islands,48.59650332,56.67373518
Yes,56.78991887,0,5734,0.522319186,28,3,Northern Rim,48.6499014,57.80991887
Yes,64.55509966,0,3889,0.53735787,42,2,Eastern Islands,44.71307978,65.57509966
Yes,48.04869971,0,15790,0.498654861,22,3,Northern Rim,46.00718404,49.06869971
Yes,62.24875179,0,11630,0.526583566,18,4,West,47.97614329,63.26875179
Yes,51.70536672,0,7220,0.554691727,31,3,West,50.9279082,52.72536672
Yes,58.047942,0,11827,0.488648051,44,2,West,47.87966519,59.067942
Yes,52.16820375,1,7270,0.486366093,45,3,West,46.58637062,53.18820375
Yes,35.75485333,0,2448,0.507495563,57,4,Eastern Islands,45.61789982,36.77485333
Yes,50.24781599,0,789,0.499662747,18,3,Northern Rim,53.3354909,51.26781599
Yes,54.56086344,0,10806,0.5591783,46,4,Northern Rim,50.53270023,55.58086344
Yes,40.11128347,0,9749,0.493946794,49,5,Eastern Islands,51.90225236,41.13128347
Yes,43.67048246,0,11555,0.522678612,18,3,Eastern Islands,44.69501948,44.69048246
Yes,53.97412126,0,4937,0.521349299,48,3,West,44.55778549,54.99412126
Yes,56.01849227,0,17681,0.496784753,42,5,Eastern Islands,58.85377791,57.03849227
Yes,36.09413946,0,11143,0.484508644,42,3,Eastern Islands,44.30867112,37.11413946
Yes,56.76096233,0,20471,0.52770092,49,4,West,49.07478431,57.78096233
Yes,53.7557502,0,1998,0.514051653,43,4,Eastern Islands,34.10303677,54.7757502
Yes,47.62228549,0,4535,0.472284954,68,5,Northern Rim,36.47238948,48.64228549
Yes,40.27804038,0,9852,0.537697217,42,4,Eastern Islands,49.75337107,41.29804038
Yes,50.99421862,0,11090,0.491166352,23,4,West,38.5932769,52.01421862
Yes,43.04603912,0,16289,0.474911549,32,2,Eastern Islands,49.87798015,44.06603912
Yes,54.00831415,0,5393,0.480953593,61,3,Eastern Islands,50.43961977,55.02831415
Yes,38.5061643,0,7806,0.524045101,25,5,Northern Rim,41.84578184,39.5261643
Yes,48.12554092,0,10469,0.543054885,41,4,Northern Rim,50.92432797,49.14554092
Yes,37.95983481,0,11243,0.490762929,18,4,Eastern Islands,53.65878253,38.97983481
Yes,45.91195059,0,14812,0.526021651,18,4,Eastern Islands,47.72700756,46.93195059
Yes,49.72502338,0,12654,0.526780168,38,3,Eastern Islands,46.13837627,50.74502338
Yes,56.15582206,0,16683,0.545166406,60,4,Northern Rim,41.0531344,57.17582206
Yes,44.607418,0,8858,0.509966177,29,6,West,46.78869233,45.627418
Yes,45.87529096,0,6065,0.497378127,48,4,West,54.26333102,46.89529096
Yes,41.46821435,0,5253,0.51724398,30,4,Northern Rim,53.83038845,42.48821435
Yes,46.93095945,0,1748,0.501046088,33,4,Northern Rim,49.79475606,47.95095945
Yes,51.22033499,0,13304,0.530431465,59,1,Eastern Islands,43.12351822,52.24033499
Yes,44.38683467,0,15716,0.471256087,22,2,West,52.08123359,45.40683467
Yes,52.30626049,0,7343,0.532178517,31,2,Eastern Islands,45.59473229,53.32626049
Yes,57.72781646,0,100,0.491079693,40,2,Northern Rim,46.92637526,58.74781646
Yes,44.86383814,0,7696,0.547123335,24,3,Eastern Islands,58.45100177,45.88383814
Yes,41.4505657,0,6524,0.536780906,23,1,Eastern Islands,50.91607183,42.4705657
Yes,51.19924011,0,15795,0.487285318,23,5,Northern Rim,40.38634405,52.21924011
Yes,50.67784251,0,12795,0.516178142,57,2,West,51.53922697,51.69784251
Yes,51.84440258,0,10330,0.508619733,37,4,Northern Rim,52.18442254,52.86440258
Yes,56.13055584,0,8540,0.500342924,39,3,Northern Rim,48.03941986,57.15055584
Yes,53.10643477,0,13811,0.495595427,25,5,West,51.83207568,54.12643477
Yes,52.52354114,0,5444,0.499193508,29,3,Northern Rim,50.69470147,53.54354114
Yes,52.82777128,0,18130,0.539314492,41,3,Eastern Islands,37.19030379,53.84777128
Yes,41.11954597,0,11740,0.52932303,50,4,Northern Rim,43.22121595,42.13954597
Yes,43.77362434,0,13694,0.523439175,37,2,Eastern Islands,49.92540607,44.79362434
Yes,52.86418614,0,11739,0.49631603,35,3,Northern Rim,35.80959598,53.88418614
Yes,50.26811871,0,15077,0.517735168,24,4,Eastern Islands,56.98666821,51.28811871
Yes,40.50975205,0,14294,0.484559875,28,2,Northern Rim,45.44665841,41.52975205
Yes,63.3262589,0,12324,0.495411351,37,2,West,32.92959072,64.3462589
Yes,67.49640517,0,5227,0.487762224,49,4,West,44.02534281,68.51640517
Yes,59.44572157,0,12603,0.514591352,39,3,West,52.87324543,60.46572157
Yes,72.75379416,0,4908,0.504804516,52,1,Northern Rim,52.05712238,73.77379416
Yes,39.11839225,0,5355,0.462417161,34,3,Eastern Islands,46.99567969,40.13839225
Yes,63.43856537,0,10698,0.513060591,39,3,West,52.3069763,64.45856537
Yes,41.25743655,0,4114,0.469489501,53,4,Northern Rim,32.84529285,42.27743655
Yes,48.03170421,0,3530,0.520358482,45,3,Northern Rim,49.3969722,49.05170421
Yes,42.01653979,0,11807,0.526144436,63,4,Eastern Islands,44.53934608,43.03653979
Yes,59.7114049,0,3897,0.516615274,47,2,Northern Rim,42.3521723,60.7314049
Yes,52.29744489,0,8122,0.51060164,21,4,Eastern Islands,35.55530703,53.31744489
Yes,50.3618884,0,20792,0.49993416,45,3,Northern Rim,56.27877965,51.3818884
Yes,40.18020091,0,12622,0.539843294,42,3,Eastern Islands,46.39608379,41.20020091
Yes,41.4188513,0,10480,0.514801644,41,4,Eastern Islands,48.12573025,42.4388513
Yes,48.80998918,0,6352,0.50257407,58,5,Eastern Islands,42.86507478,49.82998918
Yes,32.96404276,0,11257,0.50956389,38,5,West,31.29592871,33.98404276
Yes,57.17168941,0,6605,0.528480453,54,5,Northern Rim,39.42244299,58.19168941
Yes,64.4257008,0,12168,0.560793382,24,3,Eastern Islands,26.38098699,65.4457008
Yes,62.57487981,0,16898,0.491770148,31,5,Eastern Islands,49.07896753,63.59487981
Yes,40.24226239,0,7223,0.519903569,53,4,Northern Rim,43.79645664,41.26226239
Yes,47.85256749,0,9348,0.518355337,29,4,Eastern Islands,38.45469498,48.87256749
Yes,60.06119106,0,11561,0.552418927,43,5,Eastern Islands,52.40072573,61.08119106
Yes,55.7344281,0,7882,0.505488764,50,4,Northern Rim,33.08331155,56.7544281
Yes,47.63513182,0,2411,0.49670201,45,2,Northern Rim,43.48498559,48.65513182
Yes,57.17827017,0,7281,0.507918275,52,3,Northern Rim,49.84490515,58.19827017
Yes,42.43460316,0,13993,0.549681899,46,4,Northern Rim,44.36706779,43.45460316
Yes,58.48271998,0,14518,0.498863645,42,3,Eastern Islands,40.09493562,59.50271998
Yes,48.51475307,0,4681,0.532710756,34,4,Northern Rim,44.68901415,49.53475307
Yes,54.39297895,0,15024,0.527079701,65,4,Northern Rim,32.99911491,55.41297895
Yes,50.96664805,0,10595,0.513407492,51,5,Northern Rim,43.14092308,51.98664805
Yes,63.89552136,0,13223,0.524797514,35,3,West,45.40161567,64.91552136
Yes,49.44077757,0,13776,0.504763694,37,2,Northern Rim,44.1357131,50.46077757
Yes,67.6861664,0,4540,0.494080696,46,4,West,43.87058428,68.7061664
Yes,33.96545847,0,10610,0.531826912,54,2,Northern Rim,42.7710171,34.98545847
Yes,46.02917323,0,14250,0.511690286,50,3,Northern Rim,52.42886956,47.04917323
Yes,60.54474354,0,6351,0.514121844,21,2,West,52.65002446,61.56474354
Yes,47.50629456,0,15513,0.523111179,76,1,West,49.11642713,48.52629456
Yes,45.94801665,0,7699,0.502585714,30,4,Eastern Islands,42.71194435,46.96801665
Yes,40.49165292,0,8573,0.544718659,51,3,Northern Rim,44.25041335,41.51165292
Yes,52.87550061,0,17139,0.494949842,40,3,Eastern Islands,54.53719627,53.89550061
Yes,41.96354119,0,11676,0.509634216,61,3,Eastern Islands,42.76057402,42.98354119
Yes,64.21710026,0,5438,0.502858304,30,3,Eastern Islands,49.76352133,65.23710026
Yes,40.23836204,0,7072,0.49966761,24,4,Northern Rim,40.69649673,41.25836204
Yes,46.48135922,0,6168,0.50273519,65,4,West,39.38071764,47.50135922
Yes,49.58997393,0,14756,0.533726649,54,3,Eastern Islands,41.28169453,50.60997393
Yes,44.34928384,1,7048,0.509909261,53,5,West,41.08572803,45.36928384
Yes,53.58616244,0,100,0.511934899,31,3,Northern Rim,44.45521315,54.60616244
Yes,58.03498449,0,9777,0.527971165,55,3,Northern Rim,38.8332413,59.05498449
Yes,32.95286082,0,10786,0.496284757,50,3,West,44.15968085,33.97286082
Yes,50.94884786,0,10371,0.49341157,18,2,Eastern Islands,49.80852457,51.96884786
Yes,45.78644535,0,15184,0.511643621,30,3,Eastern Islands,37.78329918,46.80644535
Yes,40.74555068,0,4088,0.468589845,45,3,West,51.9227871,41.76555068
Yes,63.33917937,0,4574,0.476451729,38,5,Eastern Islands,35.80856712,64.35917937
Yes,44.23987513,0,5786,0.519112667,42,4,Northern Rim,36.08394652,45.25987513
Yes,43.53253007,0,10040,0.471009909,56,3,Northern Rim,51.24107546,44.55253007
Yes,54.87413064,0,10796,0.540380897,55,3,Eastern Islands,45.26522505,55.89413064
Yes,49.73083898,0,8156,0.517535036,42,3,West,46.64415866,50.75083898
Yes,50.29702408,0,7748,0.499438052,42,3,West,42.95620453,51.31702408
Yes,64.23055034,0,8373,0.470932674,48,2,Eastern Islands,56.45798226,65.25055034
Yes,52.07491707,0,7494,0.512031233,47,3,West,40.26039295,53.09491707
Yes,55.71952436,0,6262,0.546021457,44,3,West,51.99966125,56.73952436
Yes,56.30634091,0,10151,0.506779104,29,5,Northern Rim,47.67323661,57.32634091
Yes,46.60909037,0,7181,0.504775509,51,2,Eastern Islands,54.7011266,47.62909037
Yes,49.4101739,0,14947,0.507733584,20,2,Northern Rim,43.71389689,50.4301739
Yes,51.26396047,0,15691,0.48041981,35,2,West,55.10711605,52.28396047
Yes,48.14426845,0,9418,0.500407146,36,6,West,53.38187113,49.16426845
Yes,49.21591273,0,12996,0.472074612,54,4,Eastern Islands,39.07496815,50.23591273
Yes,59.72421509,0,5783,0.512700265,57,4,Northern Rim,48.85761231,60.74421509
Yes,39.33729784,0,11478,0.51529163,39,3,Northern Rim,59.17843915,40.35729784
Yes,52.44524996,0,8416,0.499010071,39,5,Northern Rim,34.35127391,53.46524996
Yes,60.83430554,0,9297,0.511255629,26,5,Eastern Islands,46.78039533,61.85430554
Yes,50.77604035,0,5721,0.508571555,81,5,Eastern Islands,45.5806294,51.79604035
Yes,49.07142279,0,14928,0.494982978,40,2,Eastern Islands,48.06038018,50.09142279
Yes,66.99673612,0,5683,0.510405615,42,4,Eastern Islands,34.88030663,68.01673612
Yes,64.52414008,0,7742,0.516507747,38,3,Eastern Islands,38.58308735,65.54414008
Yes,43.57391321,0,1256,0.506295493,55,4,West,51.62324008,44.59391321
Yes,48.52925705,0,16071,0.50658342,24,3,Northern Rim,46.71212125,49.54925705
Yes,58.74700352,0,11804,0.509391823,47,3,Northern Rim,48.79523405,59.76700352
Yes,39.53124458,0,4010,0.526414367,46,5,Eastern Islands,39.70739733,40.55124458
Yes,37.87937378,0,2726,0.503656235,27,3,West,48.62521612,38.89937378
Yes,61.85057594,0,11848,0.52695254,52,2,West,59.08550106,62.87057594
Yes,46.09124387,0,14517,0.511583052,22,6,Northern Rim,46.27936195,47.11124387
Yes,45.14178249,0,6595,0.528994946,62,3,Northern Rim,49.05336329,46.16178249
Yes,72.78016974,0,17598,0.521172132,18,5,Northern Rim,48.79569675,73.80016974
Yes,53.79835682,0,11451,0.519420679,44,3,West,49.64625531,54.81835682
Yes,47.72865326,0,8829,0.526231801,57,5,West,27.14836007,48.74865326
Yes,53.60124515,0,15069,0.494781525,53,4,West,42.06619972,54.62124515
Yes,65.05908991,0,6026,0.485009432,35,4,West,43.67484775,66.07908991
Yes,51.8467921,0,11347,0.493658485,44,3,West,37.53091788,52.8667921
Yes,41.25160596,0,10223,0.464432243,41,6,West,38.0388065,42.27160596
Yes,34.66520728,0,9134,0.484900371,23,3,Eastern Islands,51.35500745,35.68520728
Yes,43.1518455,0,15516,0.515114953,36,5,West,46.61114891,44.1718455
Yes,68.23245392,0,5735,0.48259226,88,1,Northern Rim,44.6112491,69.25245392
Yes,43.0479575,0,7409,0.504961144,45,4,Eastern Islands,34.91606289,44.0679575
Yes,56.10288147,0,100,0.507851171,58,3,Northern Rim,52.7766359,57.12288147
Yes,54.22390604,0,5826,0.529596608,23,4,Northern Rim,46.91061484,55.24390604
Yes,51.87999944,0,7103,0.522059145,23,3,Eastern Islands,45.20866201,52.89999944
Yes,61.08935377,0,5945,0.510406401,23,2,Eastern Islands,40.68505611,62.10935377
Yes,32.50480895,0,8123,0.53290806,47,3,Northern Rim,52.87258767,33.52480895
Yes,54.54635679,0,6375,0.511319998,34,4,Northern Rim,55.72713313,55.56635679
Yes,52.78602721,0,11430,0.49600441,29,3,West,47.63463523,53.80602721
Yes,36.88288331,0,5607,0.517310637,62,5,Northern Rim,33.39866534,37.90288331
Yes,53.36407894,0,9429,0.497207262,24,4,West,43.27509867,54.38407894
Yes,57.61363578,0,15406,0.502821157,61,3,West,51.45656267,58.63363578
Yes,53.4971034,0,14782,0.536669383,39,3,Eastern Islands,43.5477449,54.5171034
Yes,36.80246268,0,8000,0.503836378,46,5,West,52.75439674,37.82246268
Yes,30.46077946,0,8044,0.510603686,51,4,West,37.5843316,31.48077946
Yes,43.34606872,0,6973,0.514310004,58,4,West,48.32238435,44.36606872
Yes,49.98390701,0,3309,0.513822703,57,4,Eastern Islands,55.91829756,51.00390701
Yes,77.22550467,0,12242,0.491226475,47,2,Eastern Islands,42.68001312,78.24550467
Yes,63.00072611,0,16657,0.510641677,50,2,West,40.69169474,64.02072611
Yes,36.37260514,0,100,0.490353413,63,4,West,37.36920478,37.39260514
Yes,56.23664975,0,8670,0.525900546,57,4,Eastern Islands,45.8931794,57.25664975
Yes,51.20986825,0,5435,0.551533079,36,3,West,53.15075825,52.22986825
Yes,56.72068807,0,13858,0.459720919,19,2,Eastern Islands,38.998637,57.74068807
Yes,56.53351148,0,9214,0.506809526,25,4,Northern Rim,49.21881001,57.55351148
Yes,50.03215468,0,8534,0.502316104,48,4,Eastern Islands,49.27222169,51.05215468
Yes,50.28561728,0,14116,0.525410331,51,2,Eastern Islands,51.84975515,51.30561728
Yes,54.13683138,0,16051,0.49423174,57,3,West,51.08511888,55.15683138
Yes,62.83272389,0,11671,0.494480053,69,5,Northern Rim,44.0648745,63.85272389
Yes,68.28181655,0,14620,0.484703158,20,4,Northern Rim,49.88721842,69.30181655
Yes,48.3338623,0,10722,0.525907111,38,4,Northern Rim,51.81369243,49.3538623
Yes,50.84777374,0,15568,0.515069894,28,5,West,49.48947691,51.86777374
Yes,41.70780216,0,15739,0.548123221,76,2,West,55.27271137,42.72780216
Yes,58.75372349,0,22313,0.509880991,34,3,West,61.48447442,59.77372349
Yes,49.21653553,0,6936,0.545026937,28,3,West,48.4229787,50.23653553
Yes,56.30690014,0,7321,0.513521933,28,4,West,47.40586185,57.32690014
Yes,54.98342774,0,8722,0.547911438,42,3,Eastern Islands,50.5938392,56.00342774
Yes,53.45612171,0,6787,0.526514276,54,2,Eastern Islands,49.09233705,54.47612171
Yes,58.49513554,0,8241,0.505259473,31,3,Northern Rim,44.29982583,59.51513554
Yes,41.98292836,0,8573,0.517119645,18,4,West,39.00975832,43.00292836
Yes,27.55386975,0,17070,0.479316001,66,4,Northern Rim,53.01547951,28.57386975
Yes,61.22628036,0,15046,0.479902193,18,4,Eastern Islands,51.6242902,62.24628036
Yes,57.63751984,0,100,0.491543202,51,4,West,43.06676859,58.65751984
Yes,61.98070134,0,11869,0.500403254,78,5,Northern Rim,52.65458504,63.00070134
Yes,42.80540603,0,17019,0.479229392,38,4,West,45.66262472,43.82540603
Yes,48.41795065,0,19031,0.503224639,41,4,Northern Rim,42.40978394,49.43795065
Yes,62.14698661,0,9569,0.495673967,25,3,West,39.51056745,63.16698661
Yes,53.70573486,0,6206,0.467699943,61,3,West,38.29513243,54.72573486
Yes,44.67564124,0,8915,0.495029339,32,4,Eastern Islands,48.76673141,45.69564124
Yes,54.68596023,0,12605,0.505134781,46,4,Eastern Islands,52.13224757,55.70596023
Yes,38.59856311,0,15569,0.515482863,40,5,West,50.59819989,39.61856311
Yes,55.61593669,0,9115,0.485319549,41,2,Eastern Islands,41.29413803,56.63593669
Yes,54.08805578,0,11285,0.498243985,85,3,Northern Rim,48.52611394,55.10805578
Yes,53.30976754,0,15196,0.525073029,36,3,Northern Rim,46.450423,54.32976754
Yes,58.04924525,0,9862,0.524283947,43,3,Northern Rim,40.55136107,59.06924525
Yes,45.80291324,0,11328,0.510005335,32,3,Eastern Islands,56.12114301,46.82291324
Yes,60.89849594,0,14684,0.460923034,42,3,West,55.36355102,61.91849594
Yes,52.27251372,0,14465,0.513752946,57,3,Northern Rim,49.9097184,53.29251372
Yes,43.11751161,0,6285,0.493307664,46,4,West,44.89919822,44.13751161
Yes,61.35433767,0,6094,0.515602859,33,4,Eastern Islands,57.93157621,62.37433767
Yes,55.24576793,0,13940,0.518700125,52,3,Eastern Islands,34.62208451,56.26576793
Yes,35.61925314,0,14353,0.512084695,65,4,Eastern Islands,46.35412955,36.63925314
Yes,38.84836178,0,5692,0.502089416,30,3,Northern Rim,45.31826632,39.86836178
Yes,53.07224879,0,15514,0.503684644,25,3,West,48.64311072,54.09224879
Yes,35.51136428,0,8493,0.558205488,66,4,Northern Rim,52.02477102,36.53136428
Yes,57.00713835,0,11728,0.503811667,35,5,West,46.49707772,58.02713835
Yes,60.82992935,0,8413,0.521421076,40,5,Eastern Islands,47.8634197,61.84992935
Yes,53.11304879,0,14670,0.517720553,26,4,West,45.5580506,54.13304879
Yes,32.41939494,0,9339,0.529225192,33,3,Northern Rim,48.78456553,33.43939494
Yes,61.14947891,0,5128,0.493421276,62,5,West,29.20074883,62.16947891
Yes,48.70059196,0,11300,0.545609089,69,3,Eastern Islands,38.58834554,49.72059196
Yes,50.945635,0,7198,0.520126315,56,2,West,50.05698254,51.965635
Yes,49.43619435,0,11653,0.53258264,43,3,Eastern Islands,42.4957161,50.45619435
Yes,56.65961048,0,15349,0.523743238,58,3,Northern Rim,50.84943964,57.67961048
Yes,43.84444481,0,3041,0.494532532,33,3,Eastern Islands,48.69361766,44.86444481
Yes,39.12112488,0,11227,0.483761535,38,3,West,51.2656626,40.14112488
Yes,58.22337758,0,4306,0.520033811,41,3,Eastern Islands,53.94612208,59.24337758
Yes,62.32255954,0,23320,0.518785722,57,2,Eastern Islands,48.48804973,63.34255954
Yes,60.25201577,0,6525,0.501716047,45,4,West,44.60039296,61.27201577
Yes,37.07850137,0,15939,0.502383797,18,2,Northern Rim,41.45449214,38.09850137
Yes,41.11467077,0,15327,0.527304115,29,2,West,47.94845052,42.13467077
Yes,58.68084753,0,9278,0.519158286,42,3,West,54.52804528,59.70084753
Yes,47.50815762,0,13396,0.503117489,43,4,Northern Rim,28.38042938,48.52815762
Yes,45.07292879,0,15058,0.510560524,42,3,West,48.70181325,46.09292879
Yes,56.56074396,0,13573,0.537871131,34,3,Northern Rim,58.99842819,57.58074396
Yes,48.84180689,0,17771,0.499837939,54,4,Northern Rim,48.83351791,49.86180689
Yes,54.12293345,0,13746,0.503157321,18,4,West,44.62728519,55.14293345
Yes,37.19366729,0,14238,0.502728746,20,4,Eastern Islands,47.92894802,38.21366729
Yes,53.93428286,0,11908,0.5056285,59,4,West,40.14609433,54.95428286
Yes,54.97596918,0,13331,0.516436629,18,3,Northern Rim,30.07918299,55.99596918
Yes,48.50516789,0,4782,0.516841437,35,4,Eastern Islands,44.31034606,49.52516789
Yes,38.35769093,0,5701,0.509006717,50,2,Eastern Islands,55.46524063,39.37769093
Yes,60.89416949,0,14100,0.520157493,71,2,Northern Rim,56.4206028,61.91416949
Yes,63.18821798,0,7027,0.475451615,39,5,West,40.09265174,64.20821798
Yes,49.53121508,0,11889,0.524420494,23,4,West,48.00799706,50.55121508
Yes,54.03961609,0,16646,0.504107138,18,5,West,60.71795121,55.05961609
Yes,44.07730499,0,7025,0.489261748,20,3,Eastern Islands,38.48010907,45.09730499
Yes,55.26105429,0,5501,0.499027773,27,5,West,42.41685388,56.28105429
Yes,45.51269467,0,8048,0.496352278,27,1,Eastern Islands,40.80512623,46.53269467
Yes,43.63942622,0,6188,0.488168449,44,6,Eastern Islands,52.90869541,44.65942622
Yes,55.12681831,0,8484,0.505522561,59,2,West,61.4913357,56.14681831
Yes,51.78098399,0,7706,0.528112167,18,5,Northern Rim,44.66395364,52.80098399
Yes,56.61664766,0,11007,0.456731249,32,4,Northern Rim,51.06541247,57.63664766
Yes,60.94837332,0,9015,0.476057254,52,4,Northern Rim,41.30919691,61.96837332
Yes,50.59097842,0,7832,0.535284587,75,5,West,52.85059419,51.61097842
Yes,44.22164317,1,5000,0.545264306,64,6,Eastern Islands,42.61714971,45.24164317
Yes,48.94891699,0,15061,0.538386107,45,4,West,41.73441307,49.96891699
Yes,61.29995742,0,18234,0.508620388,32,4,West,38.15341731,62.31995742
Yes,48.68010228,0,11891,0.491721654,23,3,West,50.43868737,49.70010228
Yes,64.63231631,0,6654,0.511850142,44,3,Northern Rim,47.24985932,65.65231631
Yes,46.45054697,0,15104,0.496139757,29,4,Eastern Islands,40.25328943,47.47054697
Yes,58.33214834,0,5210,0.526211211,34,2,Northern Rim,43.80280132,59.35214834
Yes,37.17901879,0,5548,0.543289974,43,3,West,39.9659506,38.19901879
Yes,52.24051116,0,18860,0.518119722,52,4,Eastern Islands,26.38613241,53.26051116
Yes,62.7996706,0,16511,0.49714698,20,4,Eastern Islands,31.72969307,63.8196706
Yes,49.29437974,0,13266,0.517562966,46,4,Eastern Islands,51.44921452,50.31437974
Yes,57.82438993,0,6966,0.493434538,57,3,West,43.19676911,58.84438993
Yes,58.15586006,0,16402,0.517330843,39,5,Eastern Islands,43.5262232,59.17586006
Yes,46.14623241,0,7501,0.508935345,22,4,Northern Rim,38.32196331,47.16623241
Yes,55.60572144,0,12370,0.518688568,38,4,Eastern Islands,54.72487431,56.62572144
Yes,51.20726939,0,6550,0.492332018,53,3,Northern Rim,42.90970813,52.22726939
Yes,50.96456091,0,9993,0.50699848,23,4,West,45.73762956,51.98456091
Yes,45.28033823,0,11877,0.503060316,68,2,West,44.61587702,46.30033823
Yes,44.09471386,0,5490,0.530459679,33,4,Eastern Islands,29.40322029,45.11471386
Yes,45.56104076,0,13951,0.551824189,21,2,West,54.72340923,46.58104076
Yes,47.82679801,1,13518,0.534044191,50,3,West,47.68197747,48.84679801
Yes,55.90802404,0,9711,0.501244627,39,4,Northern Rim,46.32692169,56.92802404
Yes,45.38514125,1,12371,0.513962077,40,4,Northern Rim,34.7002242,46.40514125
Yes,49.14886598,0,13650,0.500842311,34,4,Northern Rim,55.56184165,50.16886598
Yes,54.60725672,0,9201,0.499529658,41,6,Northern Rim,31.15515085,55.62725672
Yes,63.70961698,0,5669,0.502601335,48,5,West,48.36069661,64.72961698
Yes,45.20820122,0,9749,0.517529338,51,4,Eastern Islands,56.11865238,46.22820122
Yes,33.72090806,0,15292,0.527801366,43,6,Eastern Islands,37.84250997,34.74090806
Yes,60.80085385,0,8016,0.512093324,26,4,Northern Rim,55.99495147,61.82085385
Yes,37.94752781,0,3427,0.527032065,18,5,West,33.17729707,38.96752781
Yes,45.27289623,0,12386,0.518419184,29,4,West,38.57261365,46.29289623
Yes,55.97487798,0,4029,0.53131072,44,4,Northern Rim,39.473615,56.99487798
Yes,50.09847714,0,9691,0.547124831,50,3,Eastern Islands,58.56331031,51.11847714
Yes,48.94332524,0,5606,0.488633995,39,4,Eastern Islands,52.37710223,49.96332524
Yes,48.62806154,0,20453,0.545327482,51,4,West,54.47042932,49.64806154
Yes,60.29610696,0,12746,0.541502991,60,4,Eastern Islands,45.63252528,61.31610696
Yes,65.1940005,0,18195,0.514281012,49,5,West,48.5849038,66.2140005
Yes,51.90084514,0,12683,0.504911733,27,4,Eastern Islands,34.4999248,52.92084514
Yes,56.17186225,0,5384,0.525973362,46,3,Eastern Islands,38.99032713,57.19186225
Yes,48.05497098,0,6455,0.492989575,44,3,Northern Rim,48.28383776,49.07497098
Yes,59.66737039,0,13700,0.524293783,66,4,Eastern Islands,45.48642348,60.68737039
Yes,61.85589447,0,10356,0.52591818,18,3,West,43.2606872,62.87589447
Yes,48.53493421,0,5901,0.519234912,31,4,Northern Rim,34.51080021,49.55493421
Yes,57.61517572,0,7533,0.5116808,48,3,Eastern Islands,45.1607735,58.63517572
Yes,62.4905333,0,12959,0.479037706,27,3,Eastern Islands,47.42692417,63.5105333
Yes,43.43124642,0,100,0.49582912,49,3,Northern Rim,48.15058262,44.45124642
Yes,41.22586575,0,6160,0.499590024,38,3,West,45.53180954,42.24586575
Yes,49.9315924,0,10781,0.479878432,44,4,West,60.96517184,50.9515924
Yes,52.42032612,0,15413,0.478245279,44,4,Northern Rim,49.40912241,53.44032612
Yes,47.36649121,0,15239,0.561643326,41,3,West,52.60924497,48.38649121
Yes,69.73226261,0,12076,0.497745467,59,3,West,37.07777589,70.75226261
Yes,70.65506145,0,7538,0.510849219,18,3,West,53.39385147,71.67506145
Yes,53.34713434,0,3683,0.516217007,43,3,West,33.87015265,54.36713434
Yes,39.48482623,0,3601,0.530383463,58,2,Northern Rim,46.51426279,40.50482623
Yes,51.89348602,0,11544,0.516224016,43,3,West,39.56843691,52.91348602
Yes,54.89054396,0,10618,0.538226097,38,4,Eastern Islands,38.35940754,55.91054396
Yes,61.95568349,0,10654,0.528692572,18,3,West,52.46593311,62.97568349
Yes,49.40739259,0,7709,0.504321335,68,4,Northern Rim,50.59388739,50.42739259
Yes,47.30790893,0,3580,0.555592983,55,4,Eastern Islands,56.96125588,48.32790893
Yes,55.57613162,0,9555,0.521091408,18,5,Northern Rim,59.62217663,56.59613162
Yes,62.82802514,0,10004,0.479911569,45,2,West,41.98962963,63.84802514
Yes,43.77663959,1,13457,0.494479488,42,3,West,39.20824309,44.79663959
Yes,47.13969762,0,9481,0.542992307,35,2,Eastern Islands,45.69492317,48.15969762
Yes,49.4167607,0,8297,0.486133664,70,3,West,40.73446321,50.4367607
Yes,44.90335801,0,4436,0.526775142,66,6,Eastern Islands,38.4072656,45.92335801
Yes,52.13091403,0,16319,0.548036668,64,4,Eastern Islands,53.63306931,53.15091403
Yes,45.80184874,0,16348,0.530495971,61,6,Eastern Islands,37.93981954,46.82184874
Yes,57.7006755,0,2706,0.520667822,36,4,Northern Rim,50.67349942,58.7206755
Yes,53.61782619,0,4449,0.492812783,42,4,Northern Rim,42.26123872,54.63782619
Yes,48.41596767,0,8564,0.491804716,45,4,Northern Rim,49.83534087,49.43596767
Yes,55.90252523,0,17796,0.509544718,60,3,Eastern Islands,46.8004783,56.92252523
Yes,42.3603859,0,12809,0.535340172,51,5,West,43.43002222,43.3803859
Yes,45.21416105,0,9686,0.526843719,34,3,Eastern Islands,44.60258335,46.23416105
Yes,38.3929453,0,4584,0.501898847,53,4,Eastern Islands,53.4957496,39.4129453
Yes,40.67517105,0,12570,0.499739933,53,3,Eastern Islands,48.64975344,41.69517105
Yes,61.75437181,0,9437,0.501635612,39,4,Northern Rim,40.13046515,62.77437181
Yes,61.68035707,0,2237,0.493976404,39,5,Northern Rim,52.14134326,62.70035707
Yes,50.65327116,0,10771,0.49850417,71,4,West,51.33078112,51.67327116
Yes,43.14325822,0,11964,0.542199527,24,3,West,47.83785258,44.16325822
Yes,61.9441753,0,17273,0.540540733,49,3,Northern Rim,44.39988249,62.9641753
Yes,54.43717887,0,11784,0.507252723,25,3,Northern Rim,47.98698985,55.45717887
Yes,54.37573081,0,14753,0.531816569,43,3,West,57.74949924,55.39573081
Yes,64.24011616,0,11703,0.516037107,40,3,West,39.70829052,65.26011616
Yes,72.28701129,0,10688,0.495525593,26,4,Eastern Islands,40.4978791,73.30701129
Yes,41.1270169,0,10670,0.478899628,35,3,Northern Rim,47.21075933,42.1470169
Yes,57.9953423,0,16843,0.506716205,39,5,Eastern Islands,46.34481834,59.0153423
Yes,51.48761844,1,11539,0.534089179,20,4,Northern Rim,51.94639317,52.50761844
Yes,41.46318608,0,6352,0.516279968,53,2,Eastern Islands,44.33019008,42.48318608
Yes,43.26745771,0,3105,0.514589882,56,3,Northern Rim,47.66723597,44.28745771
Yes,44.01667383,0,15773,0.492598552,37,4,Northern Rim,51.79779816,45.03667383
Yes,51.60851067,0,10621,0.513624195,41,3,West,35.32148841,52.62851067
Yes,71.76273684,0,8784,0.506722582,47,4,Eastern Islands,35.49318606,72.78273684
Yes,52.3172379,1,9310,0.497352968,24,3,Northern Rim,33.42464651,53.3372379
Yes,51.44951241,0,10056,0.520418701,18,4,West,52.64643936,52.46951241
Yes,41.70302319,0,4402,0.50200157,50,4,Eastern Islands,34.40062665,42.72302319
Yes,47.29467733,0,6606,0.506716654,21,4,West,44.95947198,48.31467733
Yes,55.22649304,0,4926,0.522725689,35,4,West,40.63930591,56.24649304
Yes,47.13784141,0,17140,0.525003002,51,3,West,43.36766892,48.15784141
Yes,48.07301756,0,17111,0.526424227,39,2,West,49.06202674,49.09301756
Yes,64.40897817,0,14099,0.53917502,39,3,Eastern Islands,52.0671342,65.42897817
Yes,52.44596641,0,8445,0.478925742,41,4,West,55.58523321,53.46596641
Yes,44.13259941,0,15954,0.488055963,31,4,Eastern Islands,39.62068555,45.15259941
Yes,55.30697741,0,6818,0.517967848,31,2,Eastern Islands,47.91047719,56.32697741
Yes,65.31098091,0,16107,0.547122767,24,4,Eastern Islands,38.74646812,66.33098091
Yes,53.84332581,0,11416,0.493527991,28,3,West,55.89618885,54.86332581
Yes,53.04540735,0,9595,0.524255004,38,4,Northern Rim,28.61507607,54.06540735
Yes,54.34426211,0,12074,0.518089015,34,2,Northern Rim,43.20753537,55.36426211
Yes,48.25931839,0,15677,0.477695573,48,4,West,48.81518921,49.27931839
Yes,46.36023821,0,5120,0.530502387,18,3,West,49.27068155,47.38023821
Yes,43.51885123,0,100,0.516592064,38,4,Northern Rim,55.3289934,44.53885123
Yes,40.31678827,0,13253,0.51041382,33,3,Northern Rim,50.87213154,41.33678827
Yes,59.8383252,0,9941,0.501627421,61,2,West,40.64438287,60.8583252
Yes,58.24686074,0,3936,0.461070385,26,2,West,52.97815827,59.26686074
Yes,56.46608184,0,13758,0.522550198,52,4,West,32.9705168,57.48608184
Yes,65.2030712,0,8366,0.53326521,29,3,Northern Rim,43.34795908,66.2230712
Yes,51.82519265,0,11562,0.485127613,62,4,West,43.067829,52.84519265
Yes,48.77068354,0,100,0.504929197,45,3,Eastern Islands,57.49554319,49.79068354
Yes,58.82441922,0,4695,0.514607041,31,4,Eastern Islands,45.06422449,59.84441922
Yes,46.00459629,0,10764,0.505021488,40,2,Northern Rim,51.75680778,47.02459629
Yes,48.28832162,0,3688,0.538728645,65,4,Eastern Islands,55.04893588,49.30832162
Yes,47.14593303,0,8563,0.518045964,36,3,Eastern Islands,54.29857738,48.16593303
Yes,52.23626498,0,9730,0.497515337,36,4,Northern Rim,48.13932322,53.25626498
Yes,49.14956163,0,6901,0.527623189,37,3,West,33.20070687,50.16956163
Yes,45.80110721,0,15436,0.516211188,53,5,Northern Rim,52.54172353,46.82110721
Yes,37.01298396,0,12077,0.509353826,46,4,Eastern Islands,50.31241559,38.03298396
Yes,52.13654298,0,18298,0.52640146,38,3,Eastern Islands,36.55115764,53.15654298
Yes,60.05098509,0,4912,0.483468763,43,4,West,37.65778996,61.07098509
Yes,46.67827624,0,9308,0.50107022,62,3,Northern Rim,42.02624651,47.69827624
Yes,50.99190743,0,11504,0.493859664,61,5,Northern Rim,32.79927457,52.01190743
Yes,39.45726039,0,10814,0.484891681,58,3,West,50.83454702,40.47726039
Yes,65.30487602,0,10239,0.534345011,42,2,Eastern Islands,48.79518642,66.32487602
Yes,57.3309379,0,11619,0.481866335,37,3,Northern Rim,28.82331252,58.3509379
Yes,51.65275767,0,11768,0.468676537,27,3,West,58.83324355,52.67275767
Yes,35.9845617,0,12920,0.507476542,23,3,Northern Rim,34.79588858,37.0045617
Yes,57.03144306,1,16479,0.548952132,69,4,West,37.29916983,58.05144306
Yes,57.73419773,0,10692,0.491486891,55,1,West,65.30502752,58.75419773
Yes,45.36571624,0,13644,0.516643455,68,5,West,44.06618714,46.38571624
Yes,50.90317838,0,10629,0.534956388,54,4,Eastern Islands,45.84025393,51.92317838
Yes,65.00006532,0,7574,0.474426205,26,2,Eastern Islands,38.66645021,66.02006532
Yes,41.93994749,0,12118,0.51297672,39,3,West,33.65197207,42.95994749
Yes,56.38794852,0,12851,0.486502752,35,5,Eastern Islands,46.25176031,57.40794852
Yes,51.82280099,0,13774,0.521599403,53,4,West,38.19741041,52.84280099
Yes,64.78384878,0,7511,0.482061271,34,3,Northern Rim,52.75046313,65.80384878
Yes,47.20838113,0,2096,0.509106464,38,5,Eastern Islands,47.92949303,48.22838113
Yes,44.61507408,0,8354,0.541550026,22,4,West,47.84001915,45.63507408
Yes,50.32375371,0,10012,0.503707904,19,5,Eastern Islands,44.91861927,51.34375371
Yes,63.93591997,0,12667,0.522161433,56,4,Northern Rim,50.41790782,64.95591997
Yes,78.26538519,0,3505,0.517929941,65,4,Eastern Islands,44.95806416,79.28538519
Yes,41.92784978,0,5944,0.510351613,51,5,Eastern Islands,52.00883597,42.94784978
Yes,59.053805,1,13129,0.506613294,57,4,Northern Rim,42.10332009,60.073805
Yes,59.13149844,0,11926,0.482121947,32,4,Eastern Islands,48.52425967,60.15149844
Yes,47.04255695,0,11190,0.489725302,18,3,West,45.31215356,48.06255695
Yes,46.92610733,0,9091,0.493169582,18,4,West,41.37832781,47.94610733
Yes,52.5105659,0,20388,0.522757171,53,3,Northern Rim,42.73037739,53.5305659
Yes,53.14604353,0,14650,0.495907217,55,4,Eastern Islands,44.98363198,54.16604353
Yes,51.57965829,0,5166,0.487205972,46,4,Northern Rim,46.49150377,52.59965829
Yes,62.88295402,0,13547,0.49542885,58,4,Eastern Islands,45.42721324,63.90295402
Yes,35.74531908,0,16354,0.504161884,18,3,Eastern Islands,45.98034428,36.76531908
Yes,51.45781271,0,12553,0.460650976,44,3,West,50.38057557,52.47781271
Yes,36.67015923,0,9400,0.488116387,37,4,Eastern Islands,55.2809351,37.69015923
Yes,60.49860623,0,16727,0.483288566,27,4,West,44.41863426,61.51860623
Yes,60.6801913,0,4190,0.50249756,37,3,Northern Rim,35.77530704,61.7001913
Yes,58.5527568,0,5984,0.526947468,38,5,Eastern Islands,29.73164317,59.5727568
Yes,53.81309602,0,7652,0.495990298,28,5,Eastern Islands,44.94487481,54.83309602
Yes,48.01678282,0,9289,0.505461843,21,2,Northern Rim,50.43631897,49.03678282
Yes,38.54517817,0,13083,0.508852537,56,4,Eastern Islands,59.29314584,39.56517817
Yes,47.08862863,0,7485,0.48566922,39,4,Eastern Islands,53.69895635,48.10862863
Yes,48.19767447,0,5352,0.507638157,29,5,Northern Rim,56.21907036,49.21767447
Yes,44.48531384,0,6394,0.525087342,50,4,Northern Rim,36.7069728,45.50531384
Yes,48.65877217,0,10517,0.500741746,50,5,Northern Rim,48.26733302,49.67877217
Yes,59.17506834,0,9426,0.502940513,58,4,Northern Rim,41.29689572,60.19506834
Yes,53.19587965,0,10815,0.491034486,21,2,Northern Rim,56.59027397,54.21587965
Yes,40.08418978,0,17353,0.520842267,34,3,Eastern Islands,55.19206301,41.10418978
Yes,36.31064286,0,10711,0.478730635,54,2,West,45.60482295,37.33064286
Yes,52.84108242,0,3523,0.51323391,43,3,West,42.79376205,53.86108242
Yes,55.96721636,0,2263,0.493267937,44,4,West,48.15075511,56.98721636
Yes,62.99445732,0,2206,0.515094047,48,4,Northern Rim,51.2651692,64.01445732
Yes,40.31360455,0,11169,0.498004843,42,2,Eastern Islands,45.82544933,41.33360455
Yes,49.75542061,0,3970,0.498109042,41,3,West,43.91806994,50.77542061
Yes,42.36310394,0,10108,0.469393705,53,4,Eastern Islands,36.49285978,43.38310394
Yes,51.69236257,0,7999,0.511460398,35,4,Northern Rim,48.9527313,52.71236257
Yes,49.67376997,0,1832,0.532665276,40,2,Northern Rim,54.89054093,50.69376997
Yes,52.33955627,0,5648,0.534554701,20,3,West,40.07416499,53.35955627
Yes,59.64584064,0,11507,0.490274799,60,2,Northern Rim,51.0493528,60.66584064
Yes,50.43748832,0,7888,0.522256431,75,3,Eastern Islands,55.44460065,51.45748832
Yes,34.18689625,0,11201,0.493106557,35,3,West,55.33064313,35.20689625
Yes,49.90137823,0,12324,0.525604042,35,3,Eastern Islands,43.78388475,50.92137823
Yes,72.23238337,0,13344,0.52333444,54,3,Eastern Islands,39.77028491,73.25238337
Yes,54.99495924,0,5910,0.479537709,31,4,West,42.70278592,56.01495924
Yes,49.79870825,0,11424,0.53408948,38,4,West,36.57025758,50.81870825
Yes,47.686338,0,3912,0.507543213,62,4,Eastern Islands,47.36513699,48.706338
Yes,59.89367539,0,12775,0.517671498,43,5,Northern Rim,52.11055812,60.91367539
Yes,45.7360113,0,17060,0.499272663,33,4,Northern Rim,60.14397526,46.7560113
Yes,68.48497956,0,5106,0.504890437,53,3,Eastern Islands,47.98122812,69.50497956
Yes,49.52439611,0,12233,0.497066924,37,4,Northern Rim,55.50889507,50.54439611
Yes,51.04476299,0,6790,0.502625535,23,3,Eastern Islands,50.54506988,52.06476299
Yes,45.34710461,0,8142,0.513022696,62,3,West,47.59236584,46.36710461
Yes,50.42514839,0,14113,0.526088417,46,3,Eastern Islands,48.47350962,51.44514839
Yes,54.41033163,0,13371,0.48943414,48,4,West,52.85232923,55.43033163
Yes,46.24652467,0,9920,0.499708234,31,4,West,45.18432973,47.26652467
Yes,57.2662577,0,10604,0.52519309,47,5,West,41.28168926,58.2862577
Yes,51.98912581,0,12301,0.500816385,33,4,West,49.88947893,53.00912581
Yes,56.38419949,0,6703,0.548007506,48,2,West,42.99427963,57.40419949
Yes,50.11692571,0,8688,0.480451722,58,5,West,57.13902404,51.13692571
Yes,49.11866921,0,13676,0.506567858,50,5,West,53.36397479,50.13866921
Yes,43.93662402,0,6274,0.515383627,36,4,Northern Rim,53.27062475,44.95662402
Yes,69.18247624,0,16776,0.500361793,44,4,Northern Rim,40.37574759,70.20247624
Yes,44.53350045,0,10209,0.51599702,18,3,Eastern Islands,54.61533532,45.55350045
Yes,51.42204468,0,5611,0.494093906,47,5,West,52.74755308,52.44204468
Yes,56.72006171,0,12504,0.512343127,53,4,Eastern Islands,50.01571647,57.74006171
Yes,47.79940238,0,100,0.496943073,59,3,Northern Rim,50.56686195,48.81940238
Yes,65.51788005,0,8609,0.506278137,19,3,West,56.60882163,66.53788005
Yes,48.32780641,0,15136,0.486692975,30,3,Northern Rim,54.28539148,49.34780641
Yes,45.20097144,0,9591,0.510021371,67,3,West,53.43259035,46.22097144
Yes,51.00503112,0,14869,0.512570001,22,4,West,49.01340676,52.02503112
Yes,58.15772548,0,14405,0.497667115,32,4,West,54.0466612,59.17772548
Yes,39.80705734,0,8358,0.536144882,49,5,Northern Rim,50.24071015,40.82705734
Yes,47.77535249,0,11907,0.518223053,59,5,Northern Rim,62.22982511,48.79535249
Yes,49.92426519,0,10258,0.51398331,54,4,West,39.87789804,50.94426519
Yes,52.22010718,0,8100,0.468278522,48,3,Northern Rim,47.82376368,53.24010718
Yes,66.01958205,0,10741,0.508329592,25,3,Eastern Islands,53.94792886,67.03958205
Yes,51.98210881,0,11670,0.532894975,55,4,Northern Rim,35.77681489,53.00210881
Yes,45.86915267,0,10590,0.53505014,39,3,West,49.02667489,46.88915267
Yes,63.21848408,0,8990,0.530988225,28,4,West,44.94733215,64.23848408
Yes,51.79904385,0,6988,0.5136354,41,4,Northern Rim,30.25306913,52.81904385
Yes,59.44029444,0,13601,0.502056711,60,4,Eastern Islands,45.31769722,60.46029444
Yes,58.87296945,0,4955,0.51697823,49,2,West,46.98841004,59.89296945
Yes,55.07577365,0,14423,0.501903369,35,4,Eastern Islands,46.81092275,56.09577365
Yes,51.92502205,0,10977,0.525637449,71,5,Northern Rim,40.39684813,52.94502205
Yes,43.90666336,0,5828,0.503034955,51,4,Northern Rim,49.59719983,44.92666336
Yes,50.3836032,0,9003,0.525386147,60,3,Eastern Islands,49.60149739,51.4036032
Yes,43.13204789,0,17668,0.482922505,36,6,West,46.41812324,44.15204789
Yes,56.43684542,0,12224,0.543194223,44,4,Northern Rim,50.92002989,57.45684542
Yes,58.43386398,0,15286,0.508239157,26,4,West,45.36756968,59.45386398
Yes,52.7371224,0,11403,0.491696983,28,3,Northern Rim,44.55047406,53.7571224
Yes,48.2038889,0,8396,0.527743151,23,4,Eastern Islands,34.68272856,49.2238889
Yes,52.32177486,0,6522,0.525408133,82,5,West,49.38900034,53.34177486
Yes,47.98962638,0,16961,0.499648928,41,5,West,30.09969158,49.00962638
Yes,44.38889487,0,4616,0.502872734,42,3,Northern Rim,52.73284058,45.40889487
Yes,69.44690477,0,16884,0.510341831,32,3,Eastern Islands,61.37833931,70.46690477
Yes,52.30166342,0,13180,0.541108892,32,3,West,54.07970437,53.32166342
Yes,43.76856043,0,16082,0.509885804,44,3,West,52.99527848,44.78856043
Yes,44.75276321,0,9049,0.528750728,28,5,West,42.56994574,45.77276321
Yes,52.65312422,0,7153,0.505264893,56,4,Eastern Islands,45.29697025,53.67312422
Yes,45.08434202,0,15335,0.503880201,37,1,Northern Rim,54.3696482,46.10434202
Yes,54.44664634,1,10214,0.481494999,40,5,West,38.88783483,55.46664634
Yes,53.98607286,0,9838,0.501941999,28,4,Eastern Islands,47.84198445,55.00607286
Yes,53.79406451,0,12778,0.484861223,59,2,West,54.60583705,54.81406451
Yes,56.4433018,0,19064,0.508566291,34,2,Northern Rim,45.86725393,57.4633018
Yes,55.40545473,0,11557,0.520122264,43,4,West,52.55119606,56.42545473
Yes,62.65651946,0,10373,0.486635761,23,3,West,34.45726259,63.67651946
Yes,59.99339505,0,12459,0.548126127,46,4,Northern Rim,55.47439817,61.01339505
Yes,54.50558813,0,17943,0.500798241,33,5,Eastern Islands,56.83309059,55.52558813
Yes,55.31926459,0,11257,0.50076348,50,5,Northern Rim,46.16238862,56.33926459
Yes,51.56498199,0,8749,0.492924017,31,4,Eastern Islands,51.19702985,52.58498199
Yes,63.19552895,0,6669,0.524897523,56,4,West,49.41650799,64.21552895
Yes,45.32510094,0,16276,0.511753634,33,3,Eastern Islands,33.78191427,46.34510094
Yes,63.46930051,0,10310,0.511150988,67,4,West,38.87097022,64.48930051
Yes,61.42977915,0,100,0.533705779,40,3,West,44.61486801,62.44977915
Yes,52.39035166,0,9931,0.531575514,18,3,West,45.72119658,53.41035166
Yes,60.29634822,0,14902,0.511403129,35,3,Northern Rim,48.64752537,61.31634822
Yes,46.48416532,0,9649,0.497135549,39,3,West,37.2923038,47.50416532
Yes,64.06997908,0,7114,0.525708225,18,3,Northern Rim,49.94485566,65.08997908
Yes,51.65930401,0,6381,0.509304376,52,2,West,44.84652346,52.67930401
Yes,47.8316094,0,16348,0.51782594,39,2,Northern Rim,48.86570582,48.8516094
Yes,48.13132174,0,11061,0.525362577,18,3,Northern Rim,45.24361416,49.15132174
Yes,49.13514102,0,7933,0.521132202,31,4,Eastern Islands,52.94722085,50.15514102
Yes,66.56376147,0,15756,0.503489014,51,5,Northern Rim,58.47173968,67.58376147
Yes,40.31065957,0,14620,0.494397359,50,3,West,40.09227292,41.33065957
Yes,57.44073434,0,8806,0.545415019,40,2,Northern Rim,44.45166726,58.46073434
Yes,60.68269565,0,12488,0.506583257,41,5,West,47.13980154,61.70269565
Yes,47.49860475,0,11231,0.499727762,31,3,West,54.16018426,48.51860475
Yes,36.90175419,0,10789,0.538771846,56,3,West,33.34765047,37.92175419
Yes,60.95897649,0,13426,0.507386285,22,4,Northern Rim,35.47165625,61.97897649
Yes,38.00520427,0,10789,0.491513936,18,4,Eastern Islands,48.45382019,39.02520427
Yes,51.55072176,0,8423,0.493660909,77,3,Eastern Islands,42.06288028,52.57072176
Yes,46.19578083,0,9154,0.495020977,28,2,Eastern Islands,44.97351644,47.21578083
Yes,58.11474355,0,11053,0.501829472,48,5,Northern Rim,39.75344613,59.13474355
Yes,43.19943183,0,17051,0.537430772,46,2,Northern Rim,53.10780179,44.21943183
Yes,56.13083966,0,9608,0.527410244,56,4,Eastern Islands,52.75802235,57.15083966
Yes,52.32485673,0,15693,0.523774401,66,2,Eastern Islands,30.39939428,53.34485673
Yes,52.46420557,0,11457,0.531460376,25,3,Northern Rim,46.21947707,53.48420557
Yes,46.14742018,0,20405,0.544277219,55,3,Northern Rim,54.59971285,47.16742018
Yes,55.25829028,0,14514,0.505413021,90,4,Eastern Islands,36.60274185,56.27829028
Yes,61.93975364,0,11922,0.494348774,45,4,West,38.44407785,62.95975364
Yes,45.82765561,0,6273,0.494806296,18,3,West,43.16259263,46.84765561
Yes,57.01191799,0,5439,0.526458266,56,2,West,53.7232615,58.03191799
Yes,47.11906049,0,21444,0.509736928,68,4,Northern Rim,45.2724616,48.13906049
Yes,50.14097832,0,7516,0.502240748,22,3,Northern Rim,42.10864353,51.16097832
Yes,52.56117156,0,11843,0.507932897,32,2,Northern Rim,48.30143564,53.58117156
Yes,56.73363974,0,5846,0.499177046,68,4,West,61.51485474,57.75363974
Yes,52.77382646,0,7164,0.499728166,37,4,Eastern Islands,43.3306452,53.79382646
Yes,50.08504914,0,9143,0.485134598,43,3,Northern Rim,39.57210928,51.10504914
Yes,59.43247313,0,11563,0.503518097,31,5,West,46.08862252,60.45247313
Yes,51.30869334,0,14888,0.492019139,20,4,Northern Rim,53.56317684,52.32869334
Yes,47.41464836,0,20295,0.510395093,44,5,West,36.88357111,48.43464836
Yes,58.75768114,0,12818,0.502430464,47,2,Eastern Islands,36.80864209,59.77768114
Yes,48.93427586,0,7104,0.493341954,36,3,Northern Rim,43.76686851,49.95427586
Yes,45.56665323,0,8950,0.497347203,47,4,Northern Rim,36.14805694,46.58665323
Yes,56.71532554,0,10362,0.481544226,46,3,Northern Rim,39.86696214,57.73532554
Yes,64.15822383,0,9269,0.506010774,63,3,Eastern Islands,56.50663094,65.17822383
Yes,44.34133418,0,100,0.489566936,52,4,Northern Rim,49.63626396,45.36133418
Yes,57.55150671,0,6222,0.541794397,49,3,Eastern Islands,59.79561021,58.57150671
Yes,46.39501646,0,5815,0.503666383,57,3,Eastern Islands,55.9209522,47.41501646
Yes,61.45860493,0,10921,0.500910946,48,4,West,45.30164703,62.47860493
Yes,47.12634089,0,13962,0.479836249,29,6,Northern Rim,42.56039492,48.14634089
Yes,44.36907932,0,7486,0.482166731,45,4,Northern Rim,44.67281163,45.38907932
Yes,50.45584408,0,10342,0.485587737,28,3,West,45.84879656,51.47584408
Yes,47.87968765,0,14055,0.531217505,39,4,West,44.57713962,48.89968765
Yes,46.02369088,0,6897,0.497068185,41,5,West,45.99360347,47.04369088
Yes,34.87829254,0,9314,0.568392558,63,4,Northern Rim,43.78245013,35.89829254
Yes,35.93295918,0,5611,0.5132623,65,4,West,53.89776578,36.95295918
Yes,67.25792876,0,7788,0.529875468,44,5,Eastern Islands,54.70276391,68.27792876
Yes,53.8858948,0,10028,0.521927706,28,5,Eastern Islands,52.68327349,54.9058948
Yes,53.29986404,0,9172,0.497469487,18,4,Eastern Islands,38.41172703,54.31986404
Yes,47.71602369,0,5295,0.496239502,55,3,West,44.38328158,48.73602369
Yes,65.16988864,0,12266,0.552080321,68,3,West,44.51031659,66.18988864
Yes,44.53407621,0,12928,0.532652188,32,3,West,46.42543889,45.55407621
Yes,65.64538579,0,14354,0.524216177,21,4,West,54.56044353,66.66538579
Yes,59.04128402,0,13439,0.541070731,58,3,Northern Rim,34.57594005,60.06128402
Yes,63.67474036,0,13406,0.512474892,78,4,West,48.05440611,64.69474036
Yes,43.40652899,0,9862,0.504916394,57,5,Eastern Islands,61.00007765,44.42652899
Yes,42.56726864,0,6488,0.53793269,28,5,Northern Rim,42.01540506,43.58726864
Yes,51.25823649,0,7200,0.45011676,48,4,West,53.19920379,52.27823649
Yes,57.30361456,0,8767,0.515066033,36,3,Northern Rim,48.02297058,58.32361456
Yes,45.29261708,0,9498,0.506661071,24,2,West,46.85713686,46.31261708
Yes,48.95505189,0,7143,0.523172383,30,5,West,39.56645139,49.97505189
Yes,48.89795184,0,14461,0.504477583,18,3,Northern Rim,42.67244185,49.91795184
Yes,48.75093744,0,9719,0.519329866,54,3,West,48.56563834,49.77093744
Yes,44.41310735,0,12365,0.517838484,18,4,Eastern Islands,43.55464002,45.43310735
Yes,52.30794742,0,4811,0.513122807,28,3,Northern Rim,43.46557981,53.32794742
Yes,47.95167483,0,9968,0.518455505,73,3,Northern Rim,55.23086412,48.97167483
Yes,43.30302834,0,13227,0.502612544,34,3,Eastern Islands,46.37338762,44.32302834
Yes,47.58218224,0,13341,0.537325533,24,4,Eastern Islands,44.39614062,48.60218224
Yes,52.87260518,0,13401,0.50584322,21,2,Eastern Islands,39.32474998,53.89260518
Yes,37.69965187,0,7651,0.489414253,30,3,West,51.60781847,38.71965187
Yes,64.57034421,0,11600,0.50557632,42,3,West,52.46416733,65.59034421
Yes,42.21194388,1,6630,0.504736927,33,5,Northern Rim,51.01920962,43.23194388
Yes,49.42863907,0,6522,0.521440533,43,4,West,47.79922796,50.44863907
Yes,58.94959055,0,20701,0.520486543,56,6,Eastern Islands,51.11403539,59.96959055
Yes,59.12920721,0,6522,0.51235254,65,3,West,43.2126767,60.14920721
Yes,59.53650618,0,3785,0.50213199,36,3,Eastern Islands,53.70352473,60.55650618
Yes,46.76448592,0,12096,0.512341793,30,3,West,48.08971549,47.78448592
Yes,48.81024986,0,6121,0.504502495,25,3,West,43.98720123,49.83024986
Yes,50.81015501,0,8745,0.490765147,37,3,Northern Rim,49.61998498,51.83015501
Yes,48.19543823,0,11455,0.539243142,48,3,Northern Rim,49.8967727,49.21543823
Yes,41.21331532,0,1079,0.478227643,26,5,Eastern Islands,48.55669381,42.23331532
Yes,50.59044596,0,3298,0.556738414,42,5,West,48.8336457,51.61044596
Yes,64.74799227,0,9230,0.500945847,59,6,Eastern Islands,41.9294058,65.76799227
Yes,39.03617661,0,8108,0.545792893,66,4,Northern Rim,44.12082067,40.05617661
Yes,44.32157397,0,9235,0.501206501,45,4,Northern Rim,43.75595489,45.34157397
Yes,49.27063025,0,3738,0.531643626,61,3,Northern Rim,29.24143868,50.29063025
Yes,51.53726514,0,5757,0.484246277,26,3,Eastern Islands,43.04189242,52.55726514
Yes,49.46170134,0,8265,0.550545628,48,3,West,44.3457289,50.48170134
Yes,37.96306999,0,11316,0.517780736,83,3,West,46.52962353,38.98306999
Yes,59.60823868,0,11204,0.53801926,39,3,Northern Rim,46.94425074,60.62823868
Yes,36.21626492,0,3559,0.519295035,68,2,Northern Rim,33.06372736,37.23626492
Yes,54.33005444,0,4557,0.529023377,50,2,Northern Rim,54.93627639,55.35005444
Yes,55.27650975,0,8906,0.512082324,41,1,Northern Rim,45.2393487,56.29650975
Yes,35.67592161,0,4638,0.525717965,60,4,Northern Rim,40.34759148,36.69592161
Yes,33.13018378,0,6406,0.456887051,61,5,Eastern Islands,49.98307969,34.15018378
Yes,53.4355816,0,8740,0.501514518,36,3,Eastern Islands,45.07385201,54.4555816
Yes,56.79349445,0,16117,0.493357561,59,3,Northern Rim,40.12637856,57.81349445
Yes,58.52592235,0,5613,0.538231304,47,3,Northern Rim,52.58246269,59.54592235
Yes,45.82980217,0,13881,0.490234268,22,2,West,49.02126814,46.84980217
Yes,50.05402476,0,10335,0.483278372,33,3,Northern Rim,49.94984618,51.07402476
Yes,53.73858684,0,12419,0.470687795,45,2,Northern Rim,42.58003516,54.75858684
Yes,52.6511483,0,10685,0.530105087,20,2,Eastern Islands,56.64514856,53.6711483
Yes,62.7027616,0,13539,0.523057811,53,3,Northern Rim,36.76943983,63.7227616
Yes,44.98044152,0,5564,0.499635044,58,5,West,47.81158121,46.00044152
Yes,53.87217191,0,6512,0.498573506,67,2,Northern Rim,44.27949652,54.89217191
Yes,52.48128111,0,12861,0.483272463,32,3,West,34.05302068,53.50128111
Yes,69.32320565,0,11979,0.488011003,36,5,Eastern Islands,43.2160868,70.34320565
Yes,48.79366396,0,3151,0.49552059,56,3,Eastern Islands,46.16938622,49.81366396
Yes,38.33751474,0,11557,0.497423534,29,4,Northern Rim,48.46204808,39.35751474
Yes,66.58248363,0,1703,0.503324893,40,2,Northern Rim,51.94379615,67.60248363
Yes,50.86523552,0,14740,0.504947777,31,4,Eastern Islands,37.66026423,51.88523552
Yes,66.62906968,0,12197,0.477170898,31,5,Eastern Islands,31.93269484,67.64906968
Yes,57.2659744,0,6173,0.525573099,38,4,Eastern Islands,44.16648131,58.2859744
Yes,51.14308008,0,13552,0.49064008,54,3,West,50.96141726,52.16308008
Yes,45.33555857,1,8842,0.51178729,42,2,West,42.75849118,46.35555857
Yes,45.91035183,0,5966,0.522706263,39,3,West,56.19586286,46.93035183
Yes,50.08057454,0,1827,0.513524641,39,3,West,47.87840767,51.10057454
Yes,60.56841633,0,9441,0.534902812,57,1,Eastern Islands,37.47727474,61.58841633
Yes,37.27173407,0,14313,0.524145586,39,3,Northern Rim,31.29501002,38.29173407
Yes,53.95935015,0,12752,0.536239763,62,4,Eastern Islands,40.57105575,54.97935015
Yes,61.47506982,0,11012,0.50858922,43,3,Eastern Islands,43.04045711,62.49506982
Yes,51.59936117,0,12716,0.51290231,67,4,Eastern Islands,36.57092927,52.61936117
Yes,55.31976267,0,12700,0.524803054,36,4,Eastern Islands,46.71140601,56.33976267
Yes,45.38993842,0,14835,0.496927795,43,4,West,39.12027533,46.40993842
Yes,52.7722839,0,13507,0.491601702,21,3,West,47.97249893,53.7922839
Yes,66.49727958,0,8474,0.552140367,50,3,Eastern Islands,46.20647335,67.51727958
Yes,38.19704604,0,10706,0.497470264,36,3,Northern Rim,40.58535717,39.21704604
Yes,48.04625396,0,8711,0.532930955,79,4,West,46.99261111,49.06625396
Yes,46.55019141,0,10247,0.517098032,21,4,Northern Rim,45.12348231,47.57019141
Yes,53.20102224,0,13334,0.508673339,42,4,Northern Rim,38.33592808,54.22102224
Yes,46.38419049,0,11241,0.482314056,49,4,Eastern Islands,51.69860034,47.40419049
Yes,56.14250111,0,11079,0.482735362,45,4,Northern Rim,63.04560206,57.16250111
Yes,40.61133971,0,11619,0.497378721,41,5,Eastern Islands,44.45543855,41.63133971
Yes,54.33836415,0,9560,0.497396404,22,2,West,35.73974001,55.35836415
Yes,50.02841984,0,8606,0.5283571,44,3,Northern Rim,53.64350934,51.04841984
Yes,44.73557027,0,8074,0.528307176,18,4,Eastern Islands,46.05202425,45.75557027
Yes,50.17672767,0,2994,0.501300289,26,5,Eastern Islands,43.73738088,51.19672767
Yes,49.20490625,0,12723,0.518550739,30,3,West,50.93892927,50.22490625
Yes,63.41582677,0,14268,0.504219744,32,3,Eastern Islands,38.99164093,64.43582677
Yes,60.8160948,0,5227,0.502913037,32,3,Eastern Islands,34.95666406,61.8360948
Yes,41.0460808,0,16537,0.490898897,53,4,West,40.06918134,42.0660808
Yes,41.276829,0,10887,0.525881777,77,3,West,41.71550534,42.296829
Yes,49.98787407,0,10629,0.522545655,35,2,West,50.82747125,51.00787407
Yes,47.52895319,0,10059,0.503811414,44,2,Eastern Islands,40.62677568,48.54895319
Yes,45.78834822,0,9982,0.525082487,64,4,Eastern Islands,42.23178302,46.80834822
Yes,39.16123752,0,9381,0.505093482,40,3,West,41.83741468,40.18123752
Yes,58.23543777,0,9583,0.503636632,49,4,Northern Rim,36.69136327,59.25543777
Yes,50.96563995,0,14304,0.559644617,18,4,Eastern Islands,47.16542628,51.98563995
Yes,47.52935131,0,9632,0.530530457,49,3,Northern Rim,59.09525996,48.54935131
Yes,62.32146477,0,10428,0.535139458,35,5,Eastern Islands,43.37774718,63.34146477
Yes,48.52721219,0,11627,0.53737499,38,3,Northern Rim,32.60587466,49.54721219
Yes,47.66532888,0,11123,0.528348138,48,3,Northern Rim,44.83686966,48.68532888
Yes,51.49284438,0,5185,0.477563333,21,3,Northern Rim,41.06623508,52.51284438
Yes,41.7234978,0,7984,0.55413404,47,3,West,43.64027879,42.7434978
Yes,56.51415427,0,13380,0.503223836,45,3,Northern Rim,43.73174535,57.53415427
Yes,63.6532807,0,15043,0.53070651,43,4,West,44.02019207,64.6732807
Yes,53.38851766,0,11067,0.516832467,25,4,Eastern Islands,34.1629592,54.40851766
Yes,62.44096348,0,8830,0.520370368,38,3,Eastern Islands,57.3237992,63.46096348
Yes,63.30157586,0,5101,0.511572767,27,4,Eastern Islands,48.00112483,64.32157586
Yes,50.57851344,0,13106,0.516202177,48,4,West,46.14925262,51.59851344
Yes,62.37407473,0,14158,0.519558516,63,4,West,46.81090314,63.39407473
Yes,50.82064095,0,10453,0.570765525,21,2,West,46.27475508,51.84064095
Yes,45.43278427,0,14047,0.473521562,49,4,West,48.47798808,46.45278427
Yes,55.19545019,0,12091,0.529903987,18,2,Northern Rim,39.54685822,56.21545019
Yes,39.97755279,0,11035,0.490354412,46,5,Northern Rim,47.4651101,40.99755279
Yes,50.02187505,0,7527,0.533192888,27,2,Eastern Islands,38.1745001,51.04187505
Yes,64.08353163,0,7091,0.496773624,29,1,Northern Rim,49.39091378,65.10353163
Yes,55.90256674,0,9861,0.502065187,31,3,Eastern Islands,48.29827421,56.92256674
Yes,45.83455699,0,13958,0.539226647,33,4,West,48.96726701,46.85455699
Yes,45.38653173,0,16365,0.479453452,37,4,Eastern Islands,49.15344108,46.40653173
Yes,48.00216578,0,7502,0.543502162,33,3,West,41.40967184,49.02216578
Yes,51.335272,0,11022,0.50307444,65,3,Northern Rim,42.9336654,52.355272
Yes,57.1638876,0,9699,0.52102081,44,3,Northern Rim,43.96222629,58.1838876
Yes,47.81476419,0,4921,0.528880641,46,1,Eastern Islands,46.96370378,48.83476419
Yes,64.38673789,0,14626,0.518350269,26,4,West,47.4946267,65.40673789
Yes,52.93342765,0,10634,0.512894212,49,2,Eastern Islands,56.76172058,53.95342765
Yes,45.50495436,1,15785,0.534322908,30,5,West,43.54885448,46.52495436
Yes,46.90137496,0,9710,0.465063475,50,2,Northern Rim,48.82047072,47.92137496
Yes,58.46260325,0,12728,0.494521034,66,2,Eastern Islands,54.75576224,59.48260325
Yes,61.44427027,0,7617,0.494525048,40,3,Northern Rim,49.18960828,62.46427027
Yes,48.08904513,0,9964,0.491700521,52,3,Northern Rim,46.10330752,49.10904513
Yes,58.34361307,0,15217,0.493607535,35,5,Eastern Islands,38.26973002,59.36361307
Yes,44.96244318,0,13038,0.505586962,27,4,Eastern Islands,39.60362681,45.98244318
Yes,40.67491232,0,8555,0.522657516,62,4,West,53.19643073,41.69491232
Yes,62.97924727,0,11179,0.506302622,38,3,Eastern Islands,49.5721372,63.99924727
Yes,35.78765608,0,4663,0.531274142,38,5,West,47.28909495,36.80765608
Yes,44.77273758,0,12694,0.500822874,53,3,West,41.00752518,45.79273758
Yes,50.15769542,0,14546,0.527022635,35,3,Northern Rim,56.24635819,51.17769542
Yes,50.73410079,0,8690,0.489144449,55,3,West,48.22770396,51.75410079
Yes,55.18191554,0,12606,0.514667897,18,3,West,50.90513196,56.20191554
Yes,34.39116644,0,9459,0.481095636,69,3,West,30.59945137,35.41116644
Yes,59.62919087,0,6346,0.498320157,24,4,Northern Rim,54.15933296,60.64919087
Yes,55.82589168,0,10577,0.531801777,37,4,West,51.55770643,56.84589168
Yes,56.07330679,0,9446,0.513694919,19,2,West,45.11286893,57.09330679
Yes,40.15800522,0,9331,0.499376918,48,4,Northern Rim,50.58854376,41.17800522
Yes,36.34789689,0,14001,0.52615843,29,2,Eastern Islands,47.60371343,37.36789689
Yes,63.30912,0,9649,0.528454274,36,6,Eastern Islands,44.54257219,64.32912
Yes,59.56077941,0,5180,0.490717357,31,5,Eastern Islands,49.17685994,60.58077941
Yes,65.14891301,0,14868,0.488525812,30,4,Eastern Islands,58.97574607,66.16891301
Yes,46.63857966,0,13978,0.529361032,23,4,Eastern Islands,39.21975718,47.65857966
Yes,59.16974632,0,7349,0.530682053,30,3,Eastern Islands,47.63758813,60.18974632
Yes,66.70026052,0,13067,0.492040373,81,3,Northern Rim,42.24964205,67.72026052
Yes,53.80415261,0,10102,0.50995281,44,2,Northern Rim,43.07268762,54.82415261
Yes,46.58140186,0,8486,0.517571726,41,3,West,42.62044529,47.60140186
Yes,63.32086051,0,12405,0.501516131,48,3,West,39.87715279,64.34086051
Yes,65.22436266,0,13423,0.510593738,61,3,Northern Rim,26.2562956,66.24436266
Yes,58.47394364,0,9105,0.50513853,41,5,Eastern Islands,44.13179424,59.49394364
Yes,45.88041404,0,2781,0.486181041,37,4,Eastern Islands,38.68270737,46.90041404
Yes,45.05457844,0,100,0.515651074,18,4,West,43.76046288,46.07457844
Yes,45.87849008,0,3897,0.549737791,47,4,Northern Rim,47.75038638,46.89849008
Yes,49.11257644,0,9641,0.495623828,34,3,Northern Rim,50.94506333,50.13257644
Yes,48.12992757,0,11211,0.485912037,58,4,Eastern Islands,44.55703756,49.14992757
Yes,48.45370805,0,14293,0.485684362,55,3,West,55.29842392,49.47370805
Yes,61.34967655,1,12269,0.514882167,62,3,Eastern Islands,36.94547175,62.36967655
Yes,33.03164816,0,8427,0.506598439,18,3,West,49.75157281,34.05164816
Yes,49.23824013,0,11739,0.541635311,27,3,Northern Rim,49.286078,50.25824013
Yes,49.04702858,0,8738,0.517571089,46,3,Northern Rim,42.16386567,50.06702858
Yes,56.81792518,0,10717,0.511815158,57,3,Eastern Islands,42.4911375,57.83792518
Yes,51.34984298,0,15635,0.541734517,59,4,Northern Rim,45.64105775,52.36984298
Yes,48.65136688,0,8562,0.517572183,40,4,Northern Rim,46.1295381,49.67136688
Yes,56.22298761,0,9054,0.501406115,35,3,Northern Rim,44.34688286,57.24298761
Yes,50.89858856,0,9009,0.456397161,41,4,Northern Rim,42.53467752,51.91858856
Yes,56.33348438,0,8256,0.561008704,33,3,Northern Rim,51.32412833,57.35348438
Yes,45.51169436,0,4641,0.483002228,61,4,Northern Rim,52.3248262,46.53169436
Yes,54.82922619,0,11441,0.507020563,44,4,West,39.47555187,55.84922619
Yes,51.30658053,0,8607,0.503247285,47,5,Eastern Islands,46.02137484,52.32658053
Yes,57.3216951,0,8434,0.535015241,43,4,Northern Rim,45.43831508,58.3416951
Yes,43.75564668,0,9376,0.499471512,25,2,Northern Rim,48.10555695,44.77564668
Yes,53.56901403,0,11934,0.491356005,40,3,Eastern Islands,48.54705526,54.58901403
Yes,49.07793068,0,14219,0.501872372,45,4,Northern Rim,56.6336128,50.09793068
Yes,55.43290994,0,5194,0.472562456,48,6,Eastern Islands,48.6156461,56.45290994
Yes,47.17434065,0,5135,0.529049012,18,4,Northern Rim,46.00149269,48.19434065
Yes,45.13609374,0,10362,0.536462562,31,2,Eastern Islands,54.51464881,46.15609374
Yes,48.31964588,0,5400,0.506207207,72,4,West,55.99816449,49.33964588
Yes,59.78945087,1,17018,0.498059709,64,4,West,62.40718597,60.80945087
Yes,52.11101338,1,15096,0.513337247,41,3,Northern Rim,43.76866867,53.13101338
Yes,39.23020341,0,1633,0.502891082,37,3,Eastern Islands,42.19565379,40.25020341
Yes,52.12378489,0,6193,0.518967325,56,4,West,38.47165115,53.14378489
Yes,52.14487143,0,12278,0.52690169,34,4,Eastern Islands,54.89272785,53.16487143
Yes,63.65230703,0,6157,0.487183416,63,3,West,44.68222992,64.67230703
Yes,51.73773602,0,18084,0.499842578,48,1,Northern Rim,48.28572706,52.75773602
Yes,48.42560937,0,8789,0.507649519,43,3,Northern Rim,49.52481174,49.44560937
Yes,48.00575335,0,18613,0.518309905,37,3,Eastern Islands,40.70543516,49.02575335
Yes,45.53182949,0,8033,0.514864974,58,4,Eastern Islands,42.30796685,46.55182949
Yes,48.71714714,0,5730,0.488160966,62,4,Eastern Islands,40.20046808,49.73714714
Yes,37.06805739,0,13529,0.498506013,48,4,Northern Rim,59.87134787,38.08805739
Yes,41.15147011,0,7348,0.477545109,40,3,Northern Rim,42.45335515,42.17147011
Yes,55.03622549,0,18677,0.494510426,53,4,West,39.80403064,56.05622549
Yes,59.86691999,0,10031,0.49231385,37,5,Northern Rim,36.87014373,60.88691999
Yes,56.31802369,0,6642,0.497618362,48,4,Northern Rim,40.50524406,57.33802369
Yes,67.83092831,0,6294,0.517112554,45,4,Northern Rim,53.22151696,68.85092831
Yes,38.19039653,0,13983,0.489408912,19,2,West,43.41275403,39.21039653
Yes,54.23613171,0,12022,0.525296272,22,2,Northern Rim,47.62730255,55.25613171
Yes,48.16865109,0,14344,0.491020939,24,4,Eastern Islands,53.38429333,49.18865109
Yes,41.79713421,0,16546,0.522208108,52,3,West,56.94714586,42.81713421
Yes,56.31874471,0,14804,0.511300499,61,3,Northern Rim,44.35200454,57.33874471
Yes,43.90316378,0,9913,0.520483373,54,4,Northern Rim,49.00339623,44.92316378
Yes,64.63542145,0,20150,0.505026604,38,4,Eastern Islands,39.72679524,65.65542145
Yes,45.48074028,0,14189,0.507491128,42,3,West,51.49509244,46.50074028
Yes,58.67429467,0,12176,0.524583478,21,4,West,54.29433552,59.69429467
Yes,48.40677073,0,15322,0.53576357,18,5,Eastern Islands,46.77504067,49.42677073
Yes,54.73572789,0,9744,0.502816064,18,2,West,38.57809544,55.75572789
Yes,47.93172809,0,7544,0.514750949,64,3,Northern Rim,48.70799559,48.95172809
Yes,45.14548465,0,11841,0.505777203,62,4,Eastern Islands,52.81719472,46.16548465
Yes,55.98938953,0,9857,0.503699775,39,5,Northern Rim,46.89017748,57.00938953
Yes,43.57333272,0,10863,0.521966271,43,4,Northern Rim,52.21685705,44.59333272
Yes,47.56961015,0,9312,0.490631074,40,4,Northern Rim,48.52067064,48.58961015
Yes,72.31439541,1,15218,0.512092019,24,3,Northern Rim,50.37696567,73.33439541
Yes,48.00239226,0,9087,0.50131858,43,5,West,31.02274396,49.02239226
Yes,45.79224096,0,6199,0.514381107,51,2,Northern Rim,45.92756098,46.81224096
Yes,52.60817687,0,4728,0.521286481,50,3,West,43.94861792,53.62817687
Yes,51.02962654,0,8107,0.503060178,31,4,Eastern Islands,43.83960666,52.04962654
Yes,51.24520875,0,7892,0.496914833,23,5,Northern Rim,49.29366603,52.26520875
Yes,56.29899197,0,5493,0.482398825,26,4,Eastern Islands,57.51850268,57.31899197
Yes,42.50679758,0,10675,0.492854603,18,4,Eastern Islands,57.8389155,43.52679758
Yes,55.43176584,0,8775,0.511568553,18,2,Eastern Islands,48.1790447,56.45176584
Yes,52.76670855,0,12056,0.517047892,42,5,Northern Rim,44.76412876,53.78670855
Yes,48.15721239,0,14621,0.514167195,18,3,West,57.91572405,49.17721239
Yes,54.69476208,0,5718,0.514635556,29,3,Eastern Islands,32.70253323,55.71476208
Yes,59.28506671,0,9880,0.512580683,50,5,Northern Rim,60.74556217,60.30506671
Yes,44.91947219,0,12875,0.497007451,36,2,Northern Rim,37.40869227,45.93947219
Yes,48.91746602,0,16422,0.544032901,29,4,Eastern Islands,34.11926078,49.93746602
Yes,58.59478672,0,4564,0.48587728,77,2,Northern Rim,49.02209446,59.61478672
Yes,34.5261812,0,825,0.523688982,34,3,Northern Rim,51.48615893,35.5461812
Yes,38.42211011,0,12271,0.52067731,50,3,West,53.16015668,39.44211011
Yes,61.72263148,0,13925,0.510801432,50,3,Eastern Islands,43.17268417,62.74263148
Yes,36.26800312,0,6335,0.524851585,51,3,Eastern Islands,46.83731647,37.28800312
Yes,64.24796146,0,11327,0.49839274,38,3,Eastern Islands,49.5389732,65.26796146
Yes,37.06880442,0,5481,0.537664316,31,3,Northern Rim,38.96840327,38.08880442
Yes,44.00565694,0,12225,0.461262083,45,3,Northern Rim,53.3551866,45.02565694
Yes,43.78164908,0,12873,0.53351995,59,2,West,39.22295936,44.80164908
Yes,40.34006977,0,16267,0.479638628,40,3,West,50.23205359,41.36006977
Yes,54.14113261,0,13281,0.518989924,40,3,Northern Rim,34.27476345,55.16113261
Yes,49.90417416,0,8980,0.52459405,70,4,West,39.0032174,50.92417416
Yes,62.39383888,0,10767,0.481674953,66,2,West,35.20978151,63.41383888
Yes,41.61519232,0,20334,0.490719788,46,4,West,51.2703872,42.63519232
Yes,38.4709433,0,18286,0.501497963,49,3,Eastern Islands,47.34179372,39.4909433
Yes,49.71832453,0,8308,0.529016677,22,3,Eastern Islands,31.47336025,50.73832453
Yes,50.03952127,0,6253,0.519850568,47,4,West,43.11528351,51.05952127
Yes,49.01913898,0,13761,0.486682546,47,4,Eastern Islands,49.30792779,50.03913898
Yes,62.61463018,0,9049,0.513768257,32,3,Eastern Islands,40.49973902,63.63463018
Yes,30.40033932,0,8987,0.505739022,27,4,Eastern Islands,51.92629165,31.42033932
Yes,48.56389258,0,14285,0.499601753,58,3,West,44.54105708,49.58389258
Yes,54.6528822,0,3663,0.485162305,39,4,Northern Rim,46.26381665,55.6728822
Yes,40.66519743,0,13482,0.487385837,69,3,West,58.79423385,41.68519743
Yes,47.64694443,0,11755,0.520602952,55,3,West,39.94531718,48.66694443
Yes,57.37632297,0,8186,0.526300823,46,4,Northern Rim,47.69725608,58.39632297
Yes,48.49262,0,12888,0.513142752,27,3,Eastern Islands,50.73543452,49.51262
Yes,51.14028393,0,12064,0.54943215,50,4,West,51.21423709,52.16028393
Yes,51.53152786,0,6362,0.496474189,35,5,Northern Rim,51.98514041,52.55152786
Yes,56.78982162,0,11424,0.489275797,21,4,West,46.52835762,57.80982162
Yes,59.27671716,0,11264,0.522570213,74,3,Northern Rim,64.59667593,60.29671716
Yes,43.5084737,0,11070,0.509506992,66,4,West,46.61632827,44.5284737
Yes,63.69383632,0,12037,0.5448995,60,2,Eastern Islands,46.65309776,64.71383632
Yes,47.14598266,0,7356,0.510972007,46,4,Eastern Islands,45.69150432,48.16598266
Yes,57.76919684,0,4271,0.51753241,38,4,Northern Rim,37.46164035,58.78919684
Yes,65.77195042,0,11405,0.517591557,55,2,Northern Rim,48.47858446,66.79195042
Yes,55.23959255,0,10430,0.545387832,33,4,Northern Rim,49.91157938,56.25959255
Yes,55.81217824,0,11585,0.499504746,60,5,West,38.99914437,56.83217824
Yes,38.47199034,0,10625,0.503583918,38,4,West,44.3689972,39.49199034
Yes,36.59167933,0,12005,0.503239408,47,5,Northern Rim,46.08490749,37.61167933
Yes,51.12362234,0,5865,0.531470666,43,3,Eastern Islands,41.6133662,52.14362234
Yes,59.28110455,0,9497,0.5405637,18,3,West,41.94400758,60.30110455
Yes,44.71195082,0,11145,0.557585896,37,5,Northern Rim,42.505523,45.73195082
Yes,61.70778754,0,13398,0.52154676,30,3,Northern Rim,44.42810563,62.72778754
Yes,47.09919331,0,8313,0.52213483,56,3,Eastern Islands,50.72183833,48.11919331
Yes,52.99721792,0,11300,0.508794047,66,3,Northern Rim,49.91507643,54.01721792
Yes,46.81036078,0,6048,0.510484494,44,3,West,41.30186875,47.83036078
Yes,53.97617082,0,4521,0.5185224,38,4,Eastern Islands,49.1305675,54.99617082
Yes,52.12551599,0,7762,0.507447179,48,5,West,45.66327807,53.14551599
Yes,33.18401696,1,14217,0.533490233,43,3,Northern Rim,51.67919545,34.20401696
Yes,39.53478877,0,9167,0.521170231,40,3,Eastern Islands,43.08241322,40.55478877
Yes,58.24751043,0,11255,0.50995427,28,4,West,52.95923822,59.26751043
Yes,64.39119165,0,10064,0.49707526,34,3,West,34.01274043,65.41119165
Yes,44.55266471,0,10934,0.547422946,58,3,Northern Rim,41.3410012,45.57266471
Yes,51.63329085,0,1801,0.489992117,38,5,Eastern Islands,39.28527183,52.65329085
Yes,46.63196402,0,9366,0.516505016,40,3,Northern Rim,49.08971051,47.65196402
Yes,52.39908392,0,15089,0.501467297,35,4,Eastern Islands,55.8087154,53.41908392
Yes,61.01617062,0,12619,0.508257738,45,4,Northern Rim,49.1595728,62.03617062
Yes,40.69310103,0,12794,0.518794592,30,4,Eastern Islands,44.99490898,41.71310103
Yes,62.90237546,0,12924,0.483251844,40,2,Northern Rim,32.9603826,63.92237546
Yes,63.64117513,0,6437,0.487906123,37,3,Eastern Islands,52.1639334,64.66117513
Yes,53.79524538,0,3072,0.510050627,39,5,Eastern Islands,42.35115,54.81524538
Yes,51.58191514,0,2845,0.49723109,18,3,Northern Rim,57.51151762,52.60191514
Yes,58.32229123,0,1337,0.484753969,36,3,Northern Rim,53.89467338,59.34229123
Yes,52.47885537,0,17983,0.534719774,47,4,West,47.76320209,53.49885537
Yes,50.77512651,0,3511,0.517090106,32,4,West,53.99562016,51.79512651
Yes,68.5508456,0,10719,0.502478315,51,3,West,27.98688912,69.5708456
Yes,31.79509279,0,17135,0.506048253,61,4,Eastern Islands,33.98441946,32.81509279
Yes,48.33372969,0,6757,0.516880319,57,4,Eastern Islands,45.51593673,49.35372969
Yes,52.08380505,0,9283,0.500020124,41,2,Northern Rim,39.4048061,53.10380505
Yes,63.50850555,0,11533,0.48165144,45,3,Eastern Islands,44.12369814,64.52850555
Yes,64.67041029,0,16742,0.541774854,37,3,Eastern Islands,49.31074612,65.69041029
Yes,36.42291238,0,19030,0.556828053,52,5,Northern Rim,41.99664191,37.44291238
Yes,54.4972334,0,12651,0.499924863,47,4,Eastern Islands,38.60778146,55.5172334
Yes,52.97322562,0,3286,0.497226856,37,3,Northern Rim,41.04448191,53.99322562
Yes,56.98692916,0,8083,0.529479025,47,2,Northern Rim,67.44400642,58.00692916
Yes,60.41739992,0,18569,0.495586335,48,5,West,45.69157747,61.43739992
Yes,56.10327602,0,1384,0.500364608,57,2,Eastern Islands,42.01513938,57.12327602
Yes,48.36134004,0,13516,0.497038797,41,2,Eastern Islands,53.91391224,49.38134004
Yes,53.72872936,0,7360,0.494615114,18,3,Eastern Islands,37.84724868,54.74872936
Yes,57.56833449,0,5364,0.493309181,57,4,Northern Rim,50.99812811,58.58833449
Yes,40.41509366,0,7086,0.497651022,23,3,Northern Rim,49.17273988,41.43509366
Yes,46.12367987,0,14461,0.486101493,60,1,Northern Rim,56.74036738,47.14367987
Yes,61.46940073,0,14446,0.517931408,18,4,Eastern Islands,46.39901509,62.48940073
Yes,41.22048792,0,12389,0.519342475,62,4,Northern Rim,50.73011436,42.24048792
Yes,50.17699027,0,13714,0.54719175,76,5,Northern Rim,47.33435911,51.19699027
Yes,56.03798471,0,4284,0.53785281,55,4,West,41.40890573,57.05798471
Yes,66.29852501,0,3715,0.504128959,48,4,Eastern Islands,48.83091542,67.31852501
Yes,52.76459308,0,15468,0.5280714,39,2,Northern Rim,44.5872267,53.78459308
Yes,43.01057138,0,7962,0.528023015,67,5,Northern Rim,42.49021082,44.03057138
Yes,41.76549132,0,5785,0.514285141,56,3,West,44.86570492,42.78549132
Yes,42.6912438,0,5998,0.501245975,64,4,Northern Rim,48.14508364,43.7112438
Yes,60.83464959,0,15922,0.504718996,18,3,West,38.11220762,61.85464959
Yes,52.47892499,0,12147,0.514348245,32,4,Northern Rim,50.13984814,53.49892499
Yes,67.79368198,0,9396,0.467865355,41,5,Eastern Islands,47.15826779,68.81368198
Yes,37.57657995,0,14502,0.544658265,43,3,Eastern Islands,47.55394085,38.59657995
Yes,53.37388034,0,6762,0.503485308,54,3,Northern Rim,45.08183478,54.39388034
Yes,52.960071,0,15008,0.485763517,65,4,Eastern Islands,47.94162773,53.980071
Yes,36.53582757,0,12022,0.511245492,52,3,West,54.21751126,37.55582757
Yes,57.55861515,0,8435,0.493235649,34,4,Eastern Islands,51.57975335,58.57861515
Yes,51.70385805,0,12583,0.523248674,56,4,Eastern Islands,50.40927844,52.72385805
Yes,45.22394408,0,11293,0.564425126,65,2,Northern Rim,39.87940771,46.24394408
Yes,43.8417398,0,3363,0.509352147,37,4,Eastern Islands,62.2013883,44.8617398
Yes,62.6728485,0,10637,0.514479602,63,5,Northern Rim,47.43854801,63.6928485
Yes,44.64489128,0,12099,0.490560446,56,4,Northern Rim,27.1657341,45.66489128
Yes,56.22330555,0,12975,0.508510604,49,3,West,58.19086634,57.24330555
Yes,45.60694036,0,10097,0.478661994,67,5,West,38.39669161,46.62694036
Yes,63.22445967,0,23069,0.532200624,22,4,West,51.58885243,64.24445967
Yes,48.87418191,0,7227,0.504132365,45,3,Eastern Islands,42.3687902,49.89418191
Yes,45.8241611,0,12372,0.531845555,33,4,Northern Rim,52.81731171,46.8441611
Yes,58.93141523,0,11865,0.543275618,37,4,Eastern Islands,50.76969846,59.95141523
Yes,44.21351518,0,9488,0.506767795,34,4,West,44.1563061,45.23351518
Yes,42.85642712,0,7516,0.524038745,51,3,West,53.1445818,43.87642712
Yes,37.63338302,0,2348,0.499945433,37,4,West,42.31662738,38.65338302
Yes,44.06489865,0,13382,0.518737545,36,5,Eastern Islands,46.48231754,45.08489865
Yes,48.98862677,1,14081,0.496879488,65,3,Eastern Islands,39.45679566,50.00862677
Yes,55.01451156,0,11490,0.481572796,48,2,Northern Rim,55.7894011,56.03451156
Yes,41.24528718,0,9281,0.456358797,63,3,Eastern Islands,47.0034154,42.26528718
Yes,45.55807104,0,9894,0.501601814,64,2,Eastern Islands,49.81757969,46.57807104
Yes,39.80672061,0,9761,0.480651489,31,2,West,64.00634269,40.82672061
Yes,61.19481917,0,9250,0.51109876,33,3,Northern Rim,45.51114537,62.21481917
Yes,47.20638512,0,17937,0.544302258,84,3,Northern Rim,37.28070304,48.22638512
Yes,58.07747326,0,7543,0.474568337,51,3,Eastern Islands,50.94902394,59.09747326
Yes,47.64424519,0,6603,0.484359533,34,1,Northern Rim,40.22948963,48.66424519
Yes,44.12865127,0,5813,0.495958571,62,3,Eastern Islands,51.52412672,45.14865127
Yes,44.6665944,0,11133,0.517404975,59,3,West,41.31170885,45.6865944
Yes,42.86247321,0,9652,0.544927716,47,3,Eastern Islands,32.29748401,43.88247321
Yes,52.33034658,0,10789,0.53399893,49,3,Eastern Islands,48.60959795,53.35034658
Yes,45.76154307,0,6072,0.465512838,23,4,Northern Rim,47.52644734,46.78154307
Yes,42.29944437,0,13049,0.535751337,64,2,Northern Rim,48.52327296,43.31944437
Yes,40.14052581,0,5118,0.503331438,32,4,West,43.83263527,41.16052581
Yes,52.56691396,0,13432,0.525100316,50,4,West,45.86844818,53.58691396
Yes,55.29187522,0,3874,0.512634579,36,2,Eastern Islands,44.26658773,56.31187522
Yes,57.06114815,0,11842,0.460116448,37,3,West,45.91916751,58.08114815
Yes,52.34900515,0,11555,0.534689604,56,1,West,40.28972496,53.36900515
Yes,55.26342425,0,14351,0.501287813,28,2,Eastern Islands,39.36763928,56.28342425
Yes,33.23471218,0,11304,0.512159804,50,2,Northern Rim,54.85481025,34.25471218
Yes,42.66361151,0,14683,0.503365365,69,3,West,46.0921544,43.68361151
Yes,56.95321633,0,5741,0.522923513,43,3,West,45.01956601,57.97321633
Yes,56.39167019,0,6176,0.503100248,34,3,West,37.27573756,57.41167019
Yes,51.48019485,0,7697,0.508989206,49,3,West,42.43410481,52.50019485
Yes,47.94688296,0,14386,0.516881226,29,3,Northern Rim,49.11597347,48.96688296
Yes,46.38546414,0,5270,0.528782914,42,2,Northern Rim,35.10212185,47.40546414
Yes,55.98078342,0,6140,0.508823949,42,3,Northern Rim,55.41154888,57.00078342
Yes,66.79005576,0,9768,0.52011827,50,4,West,45.14880311,67.81005576
Yes,45.92490632,0,10022,0.5151423,71,2,Eastern Islands,39.79645521,46.94490632
Yes,45.32454903,0,8201,0.537603948,61,4,Eastern Islands,45.92041117,46.34454903
Yes,51.94997883,0,6107,0.510036566,34,3,Eastern Islands,41.74025516,52.96997883
Yes,63.9973449,0,9831,0.526384376,22,3,Eastern Islands,53.01123108,65.0173449
Yes,47.45314247,0,10161,0.518193196,41,2,West,49.93390361,48.47314247
Yes,42.01447875,0,9587,0.500630809,59,4,Northern Rim,41.20921541,43.03447875
Yes,64.83712613,0,10180,0.548203251,62,5,Northern Rim,47.99582093,65.85712613
Yes,45.17086161,0,2630,0.534530208,33,3,Eastern Islands,43.29933373,46.19086161
Yes,52.40230448,0,2014,0.522175506,32,4,West,46.77644706,53.42230448
Yes,63.77683403,0,8680,0.527496157,53,4,West,58.6297895,64.79683403
Yes,50.86235328,0,16089,0.490955177,19,5,Northern Rim,40.41643789,51.88235328
Yes,53.05437881,0,14361,0.496174693,37,3,Eastern Islands,49.37442947,54.07437881
Yes,49.89185533,0,13069,0.557468632,65,5,Northern Rim,38.51643234,50.91185533
Yes,48.29987424,0,10810,0.532774342,43,4,West,46.1524473,49.31987424
Yes,41.79506971,0,16242,0.504583594,42,3,Eastern Islands,46.36624686,42.81506971
Yes,61.47766966,0,6388,0.501320213,45,3,Northern Rim,60.60871404,62.49766966
Yes,69.8273889,0,13836,0.507407829,29,1,West,44.76759735,70.8473889
Yes,63.03462869,0,9131,0.531903805,59,3,Eastern Islands,51.366062,64.05462869
Yes,60.8957365,0,9368,0.489295785,56,4,Eastern Islands,57.01950405,61.9157365
Yes,52.40043826,0,13418,0.513907903,30,4,West,41.56068687,53.42043826
Yes,44.994733,0,8513,0.506868061,18,4,Eastern Islands,60.44159006,46.014733
Yes,61.07870282,0,10713,0.490518148,53,3,Northern Rim,54.73896918,62.09870282
Yes,48.9173726,0,11670,0.53558935,61,1,Northern Rim,29.98444677,49.9373726
Yes,46.09856657,0,14461,0.500046029,57,4,West,48.79860388,47.11856657
Yes,44.34375866,0,13385,0.493272808,29,4,West,43.05212125,45.36375866
Yes,66.7443314,0,8266,0.543470934,54,2,Eastern Islands,47.22577482,67.7643314
Yes,38.83597558,0,9575,0.53399917,49,4,West,30.53492197,39.85597558
Yes,65.06172109,0,15287,0.479667641,61,4,Eastern Islands,47.78099941,66.08172109
Yes,40.2442456,0,15673,0.521660978,54,3,West,51.85433811,41.2642456
Yes,49.00797377,0,11886,0.539808454,32,5,West,42.0760724,50.02797377
Yes,43.57192457,0,15819,0.513600238,55,2,West,58.08871858,44.59192457
Yes,44.3265361,0,4141,0.487943453,47,4,West,31.54817811,45.3465361
Yes,48.93130423,0,3353,0.490585312,44,3,Northern Rim,50.69362616,49.95130423
Yes,38.433826,0,17053,0.51793256,38,3,West,38.77078044,39.453826
Yes,51.74223823,0,10144,0.506558678,41,2,Northern Rim,45.48516357,52.76223823
Yes,58.11075543,0,10111,0.487203624,50,5,Northern Rim,48.2420913,59.13075543
Yes,51.12306333,0,6014,0.500842791,33,4,Northern Rim,33.14882211,52.14306333
Yes,49.59113681,0,8343,0.470908,30,5,Eastern Islands,47.6466274,50.61113681
Yes,44.52798606,1,15685,0.523035959,18,3,West,43.72296094,45.54798606
Yes,42.67380405,0,10820,0.518134691,33,3,West,40.08835823,43.69380405
Yes,44.33172559,0,12949,0.493248825,41,5,Northern Rim,38.32196456,45.35172559
Yes,37.6876516,0,14122,0.512481638,64,4,West,48.36858145,38.7076516
Yes,50.60726636,0,11111,0.476671992,43,3,West,58.15151374,51.62726636
Yes,48.8351474,0,9355,0.521100311,36,3,Northern Rim,38.13816416,49.8551474
Yes,66.20696545,0,6208,0.519801203,49,4,West,39.17322593,67.22696545
Yes,47.6868041,0,8764,0.462331777,65,5,West,45.65423514,48.7068041
Yes,48.06308323,0,5436,0.497732012,18,5,Eastern Islands,37.54109759,49.08308323
Yes,49.69655008,0,11837,0.554681542,62,6,Eastern Islands,39.84379914,50.71655008
Yes,53.70686862,0,10100,0.505918839,55,2,West,44.83280957,54.72686862
Yes,57.27307516,0,11976,0.499778213,51,3,West,35.72196393,58.29307516
Yes,54.7545521,0,4709,0.528978346,40,4,West,41.12446858,55.7745521
Yes,61.97927879,0,8859,0.509459083,35,4,Eastern Islands,41.88078749,62.99927879
Yes,34.35323592,0,8650,0.523115554,18,2,West,41.70451261,35.37323592
Yes,63.05914802,0,15929,0.485574358,27,3,Eastern Islands,40.10136581,64.07914802
Yes,48.96394647,0,9425,0.512889033,35,5,Eastern Islands,42.65707404,49.98394647
Yes,47.530579,0,12108,0.49948837,18,3,Northern Rim,36.92132964,48.550579
Yes,63.4146115,0,11135,0.52568352,50,5,West,44.35007043,64.4346115
Yes,48.53402549,0,10159,0.50970294,36,4,Northern Rim,35.73389448,49.55402549
Yes,46.52822386,0,7002,0.543873058,40,4,Eastern Islands,50.54172227,47.54822386
Yes,46.03901839,0,3648,0.515698194,45,3,Northern Rim,49.30094255,47.05901839
Yes,57.04128189,0,4906,0.503525116,45,4,Eastern Islands,47.79160794,58.06128189
Yes,52.22997404,0,13787,0.541852732,66,4,Northern Rim,54.05189328,53.24997404
Yes,41.78026092,0,11283,0.504855547,24,3,West,48.66430427,42.80026092
Yes,58.79136653,0,5481,0.484609187,18,4,West,44.37032432,59.81136653
Yes,53.68007635,0,4445,0.497080105,32,1,West,45.61624661,54.70007635
Yes,66.631816,0,9924,0.528725889,29,4,Northern Rim,52.23623143,67.651816
Yes,45.05730075,0,2738,0.504148478,37,4,Eastern Islands,28.45297185,46.07730075
Yes,49.63436294,0,8216,0.5064629,43,4,West,47.2271273,50.65436294
Yes,57.04124193,0,6496,0.492271343,40,4,Northern Rim,48.46012713,58.06124193
Yes,42.80499461,0,11388,0.532816165,56,5,West,43.2149923,43.82499461
Yes,38.10144736,0,5328,0.494103459,47,3,West,49.62760896,39.12144736
Yes,37.44175321,0,9936,0.517325827,53,4,Eastern Islands,54.58660161,38.46175321
Yes,38.15063272,0,9444,0.488364802,48,5,Eastern Islands,42.71630958,39.17063272
Yes,51.56370167,0,19689,0.524341882,60,3,Northern Rim,40.04573662,52.58370167
Yes,43.5193966,0,10113,0.502163986,18,4,West,36.38353093,44.5393966
Yes,53.36483466,0,11803,0.511784209,18,3,West,44.66834845,54.38483466
Yes,53.18563327,0,18687,0.516585943,34,5,Eastern Islands,35.74665163,54.20563327
Yes,53.84139141,0,9860,0.491603347,18,4,Eastern Islands,45.08478366,54.86139141
Yes,57.87376462,0,10135,0.481370482,53,3,Eastern Islands,44.01905966,58.89376462
Yes,42.94702386,0,13806,0.504133699,36,3,Northern Rim,46.51400291,43.96702386
Yes,66.70289981,0,13557,0.524152445,27,5,West,46.94165071,67.72289981
Yes,42.59380778,0,22012,0.524184221,39,2,Eastern Islands,56.87128368,43.61380778
Yes,51.20080779,0,13140,0.464230854,36,4,Northern Rim,37.3006949,52.22080779
Yes,43.15880801,0,9697,0.514471358,33,5,Eastern Islands,46.92965442,44.17880801
Yes,73.03373351,0,11937,0.501761988,18,4,Eastern Islands,41.11757602,74.05373351
Yes,45.41262671,0,11578,0.534784403,50,4,Eastern Islands,40.68921835,46.43262671
Yes,51.44271474,0,4858,0.507479972,52,5,Eastern Islands,51.8868589,52.46271474
Yes,46.37516249,0,10805,0.484236852,31,5,Northern Rim,49.64992418,47.39516249
Yes,61.32837314,0,17116,0.546681341,39,4,West,33.15374351,62.34837314
Yes,42.94707869,0,2375,0.554744005,39,6,Northern Rim,57.65861864,43.96707869
Yes,46.56932889,0,13736,0.487578228,24,4,West,52.37200282,47.58932889
Yes,48.60105428,0,6063,0.458252766,52,2,Northern Rim,46.75708294,49.62105428
Yes,55.6303285,0,8826,0.504431771,57,3,West,53.95995623,56.6503285
Yes,64.38923177,0,13620,0.521589214,47,3,Northern Rim,35.01215318,65.40923177
Yes,57.14068794,0,8770,0.504496084,53,5,West,47.64717464,58.16068794
Yes,63.43525101,0,8642,0.510089707,47,3,Eastern Islands,58.29657217,64.45525101
Yes,46.18175644,0,12003,0.476161357,47,3,Northern Rim,51.9347586,47.20175644
Yes,51.18369554,0,11932,0.468635567,44,4,Northern Rim,49.22386926,52.20369554
Yes,52.66139676,0,10117,0.479779209,56,4,Northern Rim,53.72275489,53.68139676
Yes,58.13832548,0,9854,0.505612025,32,3,Eastern Islands,51.04410171,59.15832548
Yes,46.00490582,0,6842,0.548830669,52,4,West,53.04365873,47.02490582
Yes,57.53063536,0,12684,0.487694654,40,4,West,56.4383379,58.55063536
Yes,52.98718316,0,12102,0.48771249,33,2,West,48.40554256,54.00718316
Yes,66.4604947,0,3305,0.551352757,46,4,Northern Rim,44.06107672,67.4804947
Yes,46.5087702,0,15904,0.489339111,45,3,West,55.8075158,47.5287702
Yes,48.91686116,0,7286,0.549901484,46,5,West,45.93221116,49.93686116
Yes,63.11713671,0,11902,0.541453567,58,3,Eastern Islands,54.3998184,64.13713671
Yes,42.93117845,0,12385,0.515957673,27,5,West,46.33007987,43.95117845
Yes,55.68742001,0,9718,0.48273972,36,3,Northern Rim,60.83041459,56.70742001
Yes,40.89082744,0,6383,0.518939365,62,3,Northern Rim,47.81744752,41.91082744
Yes,49.23625547,0,12138,0.520224137,47,3,Eastern Islands,37.46820892,50.25625547
Yes,57.31021908,0,13805,0.524237986,18,3,Eastern Islands,44.37076995,58.33021908
Yes,57.77442832,0,10361,0.528681631,47,5,Northern Rim,48.39319029,58.79442832
Yes,56.26599949,0,9481,0.519173083,36,3,West,45.24372545,57.28599949
Yes,59.04537518,0,8264,0.523402897,51,4,Eastern Islands,62.34810193,60.06537518
Yes,52.11051004,0,9199,0.518574704,38,4,Northern Rim,33.86492146,53.13051004
Yes,56.57015567,0,10878,0.501325741,18,2,Northern Rim,52.30866866,57.59015567
Yes,60.51488179,0,2951,0.523249756,34,5,Northern Rim,44.27664774,61.53488179
Yes,56.82328274,0,10018,0.513808118,35,3,Northern Rim,36.91492541,57.84328274
Yes,53.25143646,0,11772,0.51256348,57,3,Northern Rim,38.87609234,54.27143646
Yes,49.31166635,0,14577,0.497425937,67,3,Northern Rim,43.7371064,50.33166635
Yes,64.55910349,0,6907,0.521913073,35,5,West,37.32216049,65.57910349
Yes,50.16501918,0,8551,0.509382572,70,3,West,46.72152534,51.18501918
Yes,53.55775278,0,8739,0.538170787,54,5,Eastern Islands,59.11424829,54.57775278
Yes,52.13434122,0,7611,0.49209881,18,4,West,33.99109661,53.15434122
Yes,60.74809038,0,7389,0.501580281,72,5,West,45.07519954,61.76809038
Yes,56.09450449,1,13920,0.504913357,68,6,Northern Rim,41.19613085,57.11450449
Yes,45.34694965,0,11625,0.502110682,51,5,Eastern Islands,44.52235089,46.36694965
Yes,55.4666563,0,11257,0.506633871,58,4,Northern Rim,41.68691128,56.4866563
Yes,38.27211733,0,8667,0.51750667,37,3,West,47.49660117,39.29211733
Yes,65.65824131,0,16328,0.509100047,62,3,Northern Rim,47.01789436,66.67824131
Yes,56.8159562,0,9345,0.52712056,43,4,Northern Rim,44.6883548,57.8359562
Yes,32.07083936,0,7224,0.518295535,52,4,Northern Rim,56.39306663,33.09083936
Yes,44.61143044,1,13383,0.541955552,56,5,West,38.52411176,45.63143044
Yes,53.36221887,0,8058,0.486770153,28,4,Eastern Islands,41.84422574,54.38221887
Yes,62.91920496,0,11319,0.49350503,32,3,West,37.32057209,63.93920496
Yes,49.29808998,0,9103,0.510710765,38,3,Northern Rim,50.65392198,50.31808998
Yes,48.04557281,0,5337,0.530555601,18,3,West,47.36517167,49.06557281
Yes,47.72483038,0,11410,0.495677641,29,3,West,39.97563146,48.74483038
Yes,45.62165262,0,10191,0.522634437,47,3,Eastern Islands,38.36558165,46.64165262
Yes,59.98343174,0,16224,0.488303427,49,4,Northern Rim,47.02720381,61.00343174
Yes,51.06942695,0,11979,0.537311005,66,3,Northern Rim,44.2553547,52.08942695
Yes,46.4753828,0,9713,0.516709003,19,4,Northern Rim,47.3808067,47.4953828
Yes,56.67902016,0,9533,0.529799239,47,4,West,41.76890587,57.69902016
Yes,45.18428125,0,12069,0.539214493,28,4,West,44.31179803,46.20428125
Yes,56.77633258,0,11104,0.513553954,63,4,Eastern Islands,49.53254357,57.79633258
Yes,48.69865435,0,7183,0.530005985,64,3,Northern Rim,52.79307117,49.71865435
Yes,57.98541891,0,17798,0.46701527,44,3,West,48.48935618,59.00541891
Yes,60.12879808,0,5380,0.501490807,43,3,Eastern Islands,40.34175808,61.14879808
Yes,60.13846738,0,8314,0.512228333,23,4,West,34.07812786,61.15846738
Yes,52.3888609,0,8615,0.49366094,25,4,Eastern Islands,50.29898679,53.4088609
Yes,63.23155504,0,7531,0.487346624,58,3,Northern Rim,49.10625582,64.25155504
Yes,51.82327696,0,7686,0.503419293,25,4,West,43.27820352,52.84327696
Yes,52.01787242,0,16948,0.49373024,56,6,Eastern Islands,49.76630266,53.03787242
Yes,47.31174547,0,6948,0.501231515,45,5,Eastern Islands,49.29464947,48.33174547
Yes,48.28571127,1,12043,0.507666093,55,3,West,56.04306077,49.30571127
Yes,47.2092907,0,17910,0.535374874,18,1,Northern Rim,43.81864581,48.2292907
Yes,45.52086987,1,19155,0.518113084,18,3,West,47.57674909,46.54086987
Yes,53.25532677,0,12283,0.507021626,34,4,Northern Rim,44.89439778,54.27532677
Yes,52.87761509,0,15167,0.508970344,54,3,West,43.05925,53.89761509
Yes,43.35940866,0,9739,0.472471911,28,5,West,39.76917198,44.37940866
Yes,55.0292842,0,12021,0.480879295,41,3,West,51.3010228,56.0492842
Yes,50.57675909,0,9975,0.501955238,37,4,West,44.63761372,51.59675909
Yes,62.63634731,0,17428,0.512650379,26,1,Eastern Islands,35.6042589,63.65634731
Yes,37.4514066,0,8129,0.523541776,30,4,Northern Rim,50.44543087,38.4714066
Yes,63.06430076,0,9637,0.490073619,64,4,Eastern Islands,43.39302891,64.08430076
Yes,48.8333719,0,13615,0.494781931,47,1,Northern Rim,39.25375425,49.8533719
Yes,44.63100834,0,8541,0.459993388,39,3,West,35.98806856,45.65100834
Yes,58.46491615,0,12049,0.511791976,33,3,Eastern Islands,58.63071492,59.48491615
Yes,45.11605252,0,13573,0.488876684,42,6,West,37.85654311,46.13605252
Yes,47.57113327,0,15445,0.496653672,51,3,West,44.48501083,48.59113327
Yes,43.76608699,0,13059,0.514526311,41,5,Eastern Islands,50.12927812,44.78608699
Yes,54.93411933,0,16072,0.538469946,20,2,Northern Rim,42.27019525,55.95411933
Yes,61.35913921,0,14540,0.495055707,54,3,Eastern Islands,54.76066705,62.37913921
Yes,49.61564492,0,7915,0.520676975,32,3,Northern Rim,34.09344067,50.63564492
Yes,53.74292185,0,10664,0.530865704,21,3,Northern Rim,43.29229559,54.76292185
Yes,54.81820733,0,11122,0.532644692,63,4,West,56.44190046,55.83820733
Yes,67.12981026,0,10486,0.547862874,27,1,West,45.60716742,68.14981026
Yes,71.03201957,0,17241,0.510562031,46,3,Northern Rim,51.70681282,72.05201957
Yes,39.86124791,0,5728,0.479679432,50,4,West,34.7142911,40.88124791
Yes,56.37905165,0,12219,0.546478418,53,2,West,58.08427171,57.39905165
Yes,63.51998083,0,8857,0.519309893,74,2,Eastern Islands,43.29760804,64.53998083
Yes,43.51238541,0,12396,0.503991727,46,4,Northern Rim,45.71798322,44.53238541
Yes,44.96574901,0,20043,0.508777825,48,2,Northern Rim,44.39348026,45.98574901
Yes,55.35605403,0,14353,0.529496748,32,3,Eastern Islands,53.98364551,56.37605403
Yes,52.80912874,0,10144,0.530372912,33,4,West,36.70450624,53.82912874
Yes,58.55361267,0,12404,0.545301484,44,3,Eastern Islands,41.97920678,59.57361267
Yes,44.97830112,0,5468,0.524292674,53,3,West,62.8705058,45.99830112
Yes,41.35205153,0,10918,0.505331336,41,4,Northern Rim,45.37171195,42.37205153
Yes,39.8694454,0,16803,0.494170128,35,3,Eastern Islands,43.97942769,40.8894454
Yes,58.62100469,0,14252,0.526486197,32,5,Northern Rim,50.23671052,59.64100469
Yes,56.68045526,0,8640,0.506797123,54,3,Eastern Islands,45.93890691,57.70045526
Yes,62.01389225,0,20697,0.530995765,38,6,West,40.75468143,63.03389225
Yes,42.8074304,0,9536,0.531270821,42,3,Northern Rim,64.62540953,43.8274304
Yes,58.56276457,0,11067,0.501131662,22,3,Eastern Islands,58.95262,59.58276457
Yes,55.95159444,0,8625,0.508038551,64,4,West,46.31983077,56.97159444
Yes,38.68089247,0,2636,0.533693574,43,3,Eastern Islands,50.20993028,39.70089247
Yes,51.03423138,0,7703,0.522769235,44,3,West,51.26251863,52.05423138
Yes,68.45260463,0,162,0.50243805,32,3,Northern Rim,39.04174342,69.47260463
Yes,51.25003485,0,7674,0.50819937,18,3,Eastern Islands,45.27511369,52.27003485
Yes,47.62869625,0,11708,0.499686672,44,4,West,53.5496159,48.64869625
Yes,48.54351935,0,10731,0.542208928,70,5,West,41.33692398,49.56351935
Yes,54.98543212,1,13846,0.499196503,56,5,Northern Rim,55.39416635,56.00543212
Yes,52.37621118,0,8764,0.500646352,28,4,Northern Rim,33.20133208,53.39621118
Yes,47.70507759,0,20395,0.520172571,34,4,Northern Rim,45.0597946,48.72507759
Yes,41.60250377,0,17474,0.534329727,39,2,Northern Rim,44.99712365,42.62250377
Yes,43.32000847,1,7040,0.527378633,36,2,West,49.36942548,44.34000847
Yes,40.40487058,0,16850,0.565055074,34,4,Eastern Islands,40.9665635,41.42487058
Yes,62.22455752,0,12138,0.503157796,41,3,Northern Rim,37.17611738,63.24455752
Yes,47.94335788,0,12737,0.512657578,44,2,Northern Rim,36.41436059,48.96335788
Yes,51.23945923,0,13783,0.499397767,46,5,Eastern Islands,37.13598621,52.25945923
Yes,51.40317717,0,11733,0.522700589,26,5,Northern Rim,55.55539167,52.42317717
Yes,51.35978803,0,10140,0.521131388,36,4,Eastern Islands,49.55011483,52.37978803
Yes,70.25663588,0,8132,0.515111048,40,3,Northern Rim,51.99902241,71.27663588
Yes,56.311724,0,5680,0.519811171,32,5,Eastern Islands,52.55442796,57.331724
Yes,69.77817667,0,8073,0.524503351,32,3,Eastern Islands,31.00519185,70.79817667
Yes,46.38885213,0,9432,0.494280364,54,5,Eastern Islands,46.55984751,47.40885213
Yes,56.66722389,0,7283,0.53647383,67,4,Northern Rim,35.51093327,57.68722389
Yes,52.52025738,0,7224,0.523173805,52,3,Northern Rim,37.93672865,53.54025738
Yes,63.88985154,0,7851,0.529327251,68,3,Northern Rim,51.16069465,64.90985154
Yes,56.0402437,0,9856,0.496038883,40,4,Eastern Islands,35.37768609,57.0602437
Yes,54.53899641,0,100,0.49977799,19,3,Northern Rim,38.15630718,55.55899641
Yes,51.61234706,0,8158,0.52051276,41,3,West,35.6828681,52.63234706
Yes,61.83578722,0,8852,0.523878923,57,3,West,40.32089552,62.85578722
Yes,41.0892934,0,6129,0.511931192,43,5,Eastern Islands,48.50849807,42.1092934
Yes,48.87482139,0,9706,0.500575472,31,2,Northern Rim,53.23903453,49.89482139
Yes,50.19331268,0,5953,0.531619782,41,3,Eastern Islands,45.61577695,51.21331268
Yes,56.44722262,0,13568,0.505597094,50,3,West,39.93534233,57.46722262
Yes,64.15711561,0,12779,0.488467467,42,5,Eastern Islands,63.58890161,65.17711561
Yes,53.52965581,0,9875,0.506278371,31,4,Northern Rim,48.50234787,54.54965581
Yes,44.80880842,0,10452,0.490951243,59,4,Northern Rim,45.53668927,45.82880842
Yes,52.76481776,0,7955,0.482665746,61,3,West,51.31727186,53.78481776
Yes,43.23972532,0,10660,0.522427641,75,4,West,50.99361866,44.25972532
Yes,46.96254643,0,9681,0.545563167,33,4,West,33.63303277,47.98254643
Yes,36.67705367,0,9592,0.512764104,45,3,Eastern Islands,51.90586633,37.69705367
Yes,56.14142827,0,10859,0.519042235,18,4,Eastern Islands,54.09299513,57.16142827
Yes,46.53729656,0,2273,0.498126246,27,4,Northern Rim,36.39332453,47.55729656
Yes,56.7307965,0,8009,0.494337214,33,5,Northern Rim,44.29338797,57.7507965
Yes,53.60948184,0,11192,0.522298375,40,3,Eastern Islands,38.91792585,54.62948184
Yes,51.39549962,0,4754,0.510084938,63,3,Northern Rim,42.7178172,52.41549962
Yes,50.3498348,0,15703,0.51355859,62,4,Eastern Islands,38.16666647,51.3698348
Yes,53.25898908,0,13466,0.492900107,43,5,Eastern Islands,37.91334982,54.27898908
Yes,38.53176034,0,12337,0.519766191,34,2,West,57.08498301,39.55176034
Yes,39.35065675,0,6587,0.503537641,31,3,Eastern Islands,50.2097149,40.37065675
Yes,39.67084893,0,2857,0.512987593,59,5,West,47.58529408,40.69084893
Yes,66.19266671,0,7957,0.509294485,76,4,Northern Rim,33.81453903,67.21266671
Yes,49.26178164,0,9266,0.518333741,45,1,West,41.59739995,50.28178164
Yes,52.52639697,0,12960,0.495174841,40,3,Eastern Islands,51.04473469,53.54639697
Yes,45.28112476,0,6802,0.496697433,83,4,Eastern Islands,48.90636788,46.30112476
Yes,63.05116665,0,15495,0.484641306,29,4,Northern Rim,48.07685078,64.07116665
Yes,38.4567249,0,13969,0.503668567,63,3,Eastern Islands,48.87634703,39.4767249
Yes,44.98640384,0,16663,0.514924883,60,3,Northern Rim,42.17851955,46.00640384
Yes,36.81629248,0,4466,0.555947665,64,4,Northern Rim,49.88912241,37.83629248
Yes,41.22920776,0,11106,0.518372119,32,1,West,46.08997015,42.24920776
Yes,50.9210792,0,7483,0.537360759,39,3,West,45.25408185,51.9410792
Yes,50.83875341,0,8572,0.503099232,18,2,Eastern Islands,41.34241613,51.85875341
Yes,56.55689484,0,9585,0.487359583,63,4,Northern Rim,38.52395053,57.57689484
Yes,56.48114444,0,11686,0.507765648,32,2,Northern Rim,47.73933612,57.50114444
Yes,54.6330442,0,11373,0.528195354,38,4,West,41.94734913,55.6530442
Yes,59.10288417,0,6824,0.501334225,51,4,West,51.04308685,60.12288417
Yes,58.5318646,0,9332,0.48818939,56,3,Northern Rim,55.61550889,59.5518646
Yes,45.31198496,0,7135,0.534110304,18,3,Northern Rim,38.53534675,46.33198496
Yes,39.85636086,0,9604,0.494430003,29,5,Eastern Islands,61.58311555,40.87636086
Yes,56.58480602,0,8396,0.478780382,22,4,Northern Rim,43.258352,57.60480602
Yes,41.38077648,0,10439,0.49449315,41,4,Eastern Islands,45.46847586,42.40077648
Yes,65.04626249,0,8252,0.52890422,24,4,West,45.59046799,66.06626249
Yes,57.99589659,0,8979,0.554583089,44,4,West,48.12626889,59.01589659
Yes,64.23788188,0,10654,0.524590492,45,3,Eastern Islands,45.75597178,65.25788188
Yes,64.1767552,0,8394,0.488800609,51,3,Eastern Islands,51.24128226,65.1967552
Yes,55.66166372,0,11257,0.489749577,42,2,Eastern Islands,52.73740253,56.68166372
Yes,46.64610764,0,12664,0.49137185,18,3,Eastern Islands,61.30222507,47.66610764
Yes,46.40441451,0,10473,0.509617984,28,3,Eastern Islands,31.29790274,47.42441451
Yes,59.5096579,0,12979,0.499535978,42,3,West,50.22386797,60.5296579
Yes,59.10604888,0,11363,0.51023751,51,2,Eastern Islands,42.83495943,60.12604888
Yes,46.33507344,0,6042,0.496238303,55,4,West,47.09296768,47.35507344
Yes,55.89328348,0,14976,0.507331271,21,4,Eastern Islands,50.61004853,56.91328348
Yes,43.4983114,0,8859,0.491979525,42,3,Eastern Islands,36.09158141,44.5183114
Yes,54.10457668,0,7204,0.502816135,41,4,Northern Rim,52.22135697,55.12457668
Yes,52.30328581,0,15598,0.537787906,34,3,Eastern Islands,47.52992012,53.32328581
Yes,47.40427979,0,17041,0.529405861,44,5,West,44.36534008,48.42427979
Yes,39.22851195,0,6124,0.511497224,19,3,Northern Rim,41.20611848,40.24851195
Yes,57.64455227,0,7664,0.530363218,25,5,Eastern Islands,48.47945315,58.66455227
Yes,65.42177914,0,3941,0.523445925,18,4,Eastern Islands,46.43713041,66.44177914
Yes,62.3617615,0,18101,0.498022608,32,2,West,50.78532778,63.3817615
Yes,44.52007526,0,16114,0.485769866,32,3,Northern Rim,44.73302695,45.54007526
Yes,43.21032178,0,4448,0.5061062,58,4,Eastern Islands,49.28879888,44.23032178
Yes,58.24684447,0,6976,0.519176496,61,2,Northern Rim,32.53876915,59.26684447
Yes,52.19877133,0,13212,0.512747218,35,5,West,51.01726563,53.21877133
Yes,58.80793055,0,12545,0.452444426,33,4,Northern Rim,52.09885856,59.82793055
Yes,45.89946747,0,6867,0.507973804,37,3,West,37.68999616,46.91946747
Yes,58.4972412,0,7396,0.530751922,38,4,Eastern Islands,40.52093684,59.5172412
Yes,54.49949911,0,2606,0.52847798,52,3,Eastern Islands,40.4263797,55.51949911
Yes,49.69209833,0,5979,0.514593289,66,4,West,37.95907166,50.71209833
Yes,62.52399995,0,7217,0.507684704,49,5,West,42.16119494,63.54399995
Yes,47.09902066,0,10247,0.520842684,35,4,West,46.54095385,48.11902066
Yes,40.14989209,0,10843,0.513788997,26,4,Northern Rim,52.36129812,41.16989209
Yes,57.73940432,0,14979,0.525619716,75,4,West,57.69997151,58.75940432
Yes,55.133597,0,18349,0.50497791,46,5,West,47.71945829,56.153597
Yes,56.54353154,0,19976,0.478749952,58,4,Eastern Islands,39.80715292,57.56353154
Yes,49.08805124,0,1311,0.515054114,18,2,Eastern Islands,41.02436165,50.10805124
Yes,38.39537718,0,9209,0.516486085,46,2,West,41.11361726,39.41537718
Yes,45.33692733,0,13486,0.569236201,46,3,West,41.55949881,46.35692733
Yes,60.43371443,0,18816,0.513090995,18,5,Eastern Islands,55.10606452,61.45371443
Yes,66.36758394,0,9541,0.52842799,19,4,Eastern Islands,44.36559454,67.38758394
Yes,55.43545179,0,13228,0.510623617,49,4,Northern Rim,33.69441637,56.45545179
Yes,28.28719422,0,2714,0.535547147,64,5,Eastern Islands,33.08972057,29.30719422
Yes,45.92664692,0,8396,0.528355277,36,2,West,38.34885164,46.94664692
Yes,42.57787047,0,9306,0.547421421,28,3,Northern Rim,51.2005384,43.59787047
Yes,58.40588594,1,10681,0.531026575,45,2,West,35.49747606,59.42588594
Yes,47.394985,0,9858,0.492924509,39,4,Northern Rim,49.92700655,48.414985
Yes,39.19582264,0,8458,0.506804707,60,2,Eastern Islands,45.48764499,40.21582264
Yes,43.29294314,0,12272,0.514414643,33,5,Eastern Islands,41.96695631,44.31294314
Yes,37.93012098,0,4382,0.535976198,30,5,West,44.16122885,38.95012098
Yes,36.77225314,0,4048,0.506070566,60,3,Eastern Islands,53.39472842,37.79225314
Yes,48.04691803,0,8936,0.516378971,27,4,Eastern Islands,45.04162776,49.06691803
Yes,77.98656861,0,7433,0.506162676,29,5,West,43.26926325,79.00656861
Yes,42.3215778,0,6180,0.523240602,43,5,Northern Rim,53.39989804,43.3415778
Yes,43.85047521,0,6809,0.49630999,25,5,Northern Rim,29.045387,44.87047521
Yes,50.82478103,0,14249,0.499644112,62,3,Northern Rim,58.24154362,51.84478103
Yes,68.87147783,0,9823,0.54242156,39,4,West,61.90338416,69.89147783
Yes,54.5265105,0,9464,0.511368366,81,2,Eastern Islands,41.05679552,55.5465105
Yes,54.87838269,0,10274,0.537572697,33,3,Northern Rim,47.55506995,55.89838269
Yes,41.98016998,0,12595,0.497716966,52,2,West,41.2787184,43.00016998
Yes,55.94704099,0,19088,0.493872926,61,3,West,48.46288559,56.96704099
Yes,54.9603418,0,10412,0.497590704,63,4,West,33.25998034,55.9803418
Yes,47.04159213,0,8950,0.515629837,32,3,Eastern Islands,46.76597033,48.06159213
Yes,51.93660463,0,8230,0.513067195,62,5,Eastern Islands,55.51125211,52.95660463
Yes,31.47684953,0,11260,0.512615334,34,2,West,43.31921235,32.49684953
Yes,45.27050135,0,4384,0.515651147,48,1,Northern Rim,42.66206774,46.29050135
Yes,44.34618507,0,1381,0.512771933,38,3,West,44.318989,45.36618507
Yes,56.53792248,0,5091,0.533464741,27,1,Eastern Islands,53.71777614,57.55792248
Yes,68.60395409,0,6237,0.521646699,59,3,Eastern Islands,44.47631675,69.62395409
Yes,47.44281841,0,9064,0.530723757,51,4,Eastern Islands,40.1346193,48.46281841
Yes,51.28880769,0,14705,0.476059092,39,4,Eastern Islands,42.02478252,52.30880769
Yes,51.1549891,0,10694,0.52522738,39,4,West,43.9300858,52.1749891
Yes,48.31067061,0,7465,0.476229175,84,3,West,37.04922208,49.33067061
Yes,48.20884684,0,10401,0.539282022,37,2,Eastern Islands,53.786944,49.22884684
Yes,46.65825398,0,8361,0.535006945,22,2,Northern Rim,40.16644872,47.67825398
Yes,47.82819886,0,10122,0.542416756,18,5,Eastern Islands,36.05228322,48.84819886
Yes,53.29171465,0,12590,0.49894033,41,4,Northern Rim,49.50642802,54.31171465
Yes,63.36423074,0,12032,0.474764633,24,3,West,52.66029779,64.38423074
Yes,61.46915213,0,5293,0.5181593,39,4,Eastern Islands,57.14452891,62.48915213
Yes,48.48897264,0,7226,0.534009132,46,5,Eastern Islands,54.3593078,49.50897264
Yes,43.42058125,0,6514,0.539636783,64,3,Eastern Islands,46.48505003,44.44058125
Yes,54.53130221,0,10676,0.499459463,54,4,Eastern Islands,30.22434819,55.55130221
Yes,45.11110228,0,10292,0.529706644,61,4,Eastern Islands,41.47917384,46.13110228
Yes,40.61714447,0,5436,0.51562434,35,2,Northern Rim,62.76021458,41.63714447
Yes,60.93875363,0,2224,0.534337513,70,5,West,47.97236486,61.95875363
Yes,51.60516934,0,7740,0.530914292,40,3,Northern Rim,42.44952092,52.62516934
Yes,37.64284895,0,10527,0.496340825,53,4,West,55.30713594,38.66284895
Yes,59.62097326,0,12578,0.537373294,54,3,West,34.53617843,60.64097326
Yes,43.65689742,0,9002,0.493871956,46,4,Northern Rim,40.02400348,44.67689742
Yes,53.99955241,0,7421,0.513468234,52,4,Eastern Islands,49.5435953,55.01955241
Yes,50.18388466,0,7406,0.517146514,37,4,Eastern Islands,43.25199338,51.20388466
Yes,53.19629471,0,7901,0.514756413,29,3,Northern Rim,46.05029723,54.21629471
Yes,58.42752768,0,2005,0.485304238,32,2,Northern Rim,40.66232022,59.44752768
Yes,48.87026384,0,8058,0.488749124,54,4,Northern Rim,39.15147054,49.89026384
Yes,54.08585665,0,10549,0.511357253,52,5,West,31.69249976,55.10585665
Yes,53.27130505,0,6491,0.528312613,44,3,Northern Rim,41.88717171,54.29130505
Yes,42.65138425,0,7551,0.539216098,36,2,Northern Rim,51.09900924,43.67138425
Yes,64.36792588,0,12757,0.507554696,27,2,Eastern Islands,51.86750391,65.38792588
Yes,58.88734996,0,12059,0.482879129,21,4,West,55.4187388,59.90734996
Yes,53.6834915,0,8264,0.527077805,46,5,Eastern Islands,46.81356768,54.7034915
Yes,49.43109726,0,11058,0.503279722,48,3,West,45.72055563,50.45109726
Yes,38.75429193,0,11501,0.496413814,60,4,West,50.9674167,39.77429193
Yes,60.52680974,0,3800,0.539246441,29,5,Northern Rim,58.45929371,61.54680974
Yes,44.71638997,0,16779,0.50940422,43,2,Northern Rim,51.51043373,45.73638997
Yes,36.09081738,0,12733,0.508717903,23,4,West,37.26692572,37.11081738
Yes,38.38838227,0,9045,0.502952466,50,6,Eastern Islands,56.74225399,39.40838227
Yes,59.3329249,0,8625,0.486920499,33,2,West,58.17172516,60.3529249
Yes,60.11551473,0,14526,0.491810477,33,3,West,49.83876357,61.13551473
Yes,51.75456738,0,14943,0.504529574,27,3,Northern Rim,54.28305975,52.77456738
Yes,34.59452469,0,3251,0.494078613,46,3,Northern Rim,52.13559101,35.61452469
Yes,49.55336508,0,19534,0.496419723,46,3,West,50.06929724,50.57336508
Yes,46.17640945,0,11773,0.526426741,29,3,Northern Rim,44.5583821,47.19640945
Yes,63.90756102,0,9928,0.510637827,37,3,Eastern Islands,39.50384988,64.92756102
Yes,50.152641,0,7642,0.516121053,23,3,Eastern Islands,52.40109501,51.172641
Yes,50.24684201,0,7852,0.490859644,35,5,Eastern Islands,57.80549895,51.26684201
Yes,45.50089837,0,10356,0.509183056,31,4,Eastern Islands,49.04767012,46.52089837
Yes,69.559635,0,12281,0.521236416,42,3,West,36.63455635,70.579635
Yes,47.73070728,0,12769,0.549920024,18,5,West,34.56887773,48.75070728
Yes,62.6480399,0,7395,0.489068662,37,4,Northern Rim,47.12513647,63.6680399
Yes,49.30407147,0,7147,0.497623079,45,4,Northern Rim,51.94009723,50.32407147
Yes,49.22268961,0,9989,0.498382533,38,4,Northern Rim,48.64569603,50.24268961
Yes,59.74294576,0,7617,0.495947869,54,5,West,51.03528342,60.76294576
Yes,53.6332702,0,13083,0.516059709,40,3,Eastern Islands,43.57140772,54.6532702
Yes,35.40847124,0,11850,0.495086819,41,3,West,45.33851243,36.42847124
Yes,62.72288185,0,5393,0.477621488,40,3,Eastern Islands,43.59076895,63.74288185
Yes,59.9492896,0,9728,0.49834817,26,2,Northern Rim,58.57319321,60.9692896
Yes,48.79492617,0,5929,0.51226821,41,4,Northern Rim,28.64738022,49.81492617
Yes,40.136031,0,9788,0.55189604,36,4,Northern Rim,40.02085271,41.156031
Yes,51.82905333,0,3968,0.537474682,63,4,West,52.89364804,52.84905333
Yes,48.3073447,0,16712,0.537047229,65,1,Northern Rim,47.50458135,49.3273447
Yes,61.98335447,0,17756,0.498067214,41,3,Northern Rim,49.49240195,63.00335447
Yes,41.96875547,0,6846,0.524760213,33,3,Northern Rim,56.87274324,42.98875547
Yes,55.7931392,0,9286,0.519330554,55,4,Northern Rim,35.57135169,56.8131392
Yes,51.93254901,0,8041,0.495805115,49,4,West,55.6137295,52.95254901
Yes,62.49696246,0,11517,0.497263163,42,3,Northern Rim,51.52478284,63.51696246
Yes,50.48353499,0,3817,0.553975853,33,4,Eastern Islands,35.21221115,51.50353499
Yes,48.92832418,0,8531,0.508689423,23,2,West,45.58097412,49.94832418
Yes,40.04326741,0,12163,0.502276174,38,4,Eastern Islands,42.58888372,41.06326741
Yes,45.2760042,0,5254,0.504303397,28,4,West,47.19853478,46.2960042
Yes,52.99664688,0,11050,0.556110534,49,5,Eastern Islands,30.16373718,54.01664688
Yes,55.80694085,0,11555,0.499852407,28,2,Northern Rim,44.14179404,56.82694085
Yes,54.9536045,0,11057,0.506710613,28,3,West,45.4439994,55.9736045
Yes,58.33831557,0,11768,0.509962233,44,3,West,47.0939895,59.35831557
Yes,53.55546653,0,11421,0.527121787,32,5,West,49.15660984,54.57546653
Yes,47.77063075,0,8502,0.52379484,18,5,Eastern Islands,46.83433129,48.79063075
Yes,54.61643116,0,11951,0.461438418,45,6,Eastern Islands,36.55100494,55.63643116
Yes,43.28990132,0,7757,0.493842589,18,4,Eastern Islands,42.66995213,44.30990132
Yes,55.83814099,0,6208,0.524957461,52,4,Eastern Islands,40.17392789,56.85814099
Yes,46.91483634,0,11909,0.519904729,47,4,West,45.55796056,47.93483634
Yes,51.81580578,0,10396,0.550021121,82,4,West,48.31212178,52.83580578
Yes,48.27390274,0,11036,0.515676891,60,4,West,34.9566776,49.29390274
Yes,46.06170691,0,7956,0.531698044,41,4,Northern Rim,41.92983296,47.08170691
Yes,57.80405731,0,10257,0.491903154,42,3,West,36.82474699,58.82405731
Yes,69.31328704,0,12978,0.48524106,28,4,Eastern Islands,49.50014061,70.33328704
Yes,61.86152457,0,12905,0.443005455,18,3,Northern Rim,41.63720886,62.88152457
Yes,49.49131145,0,13084,0.515699191,18,2,Eastern Islands,46.83059203,50.51131145
Yes,56.71273644,0,13464,0.518576512,48,3,West,47.1480617,57.73273644
Yes,56.68094023,0,8974,0.476668118,38,4,West,50.27177872,57.70094023
Yes,51.54423389,0,14319,0.538649913,43,5,West,44.94057734,52.56423389
Yes,50.81682254,0,13958,0.524873976,35,5,Eastern Islands,31.97354171,51.83682254
Yes,48.06458666,0,11303,0.485095587,57,4,Northern Rim,57.36503065,49.08458666
Yes,48.10956104,0,13261,0.480866588,82,4,Eastern Islands,44.53677804,49.12956104
Yes,48.2541316,0,11673,0.519249647,24,3,Eastern Islands,51.24002334,49.2741316
Yes,66.18664569,0,6864,0.495164988,57,4,West,42.2159624,67.20664569
Yes,52.13577772,0,9758,0.525148552,65,4,Eastern Islands,47.54937554,53.15577772
Yes,55.93308245,0,13960,0.531450343,65,2,Eastern Islands,48.5508607,56.95308245
Yes,54.02110574,0,4473,0.518381125,51,5,West,54.93474481,55.04110574
Yes,54.50697553,0,12376,0.476484876,22,2,Eastern Islands,47.08371925,55.52697553
Yes,58.38710955,0,9667,0.539236351,42,5,West,56.83187356,59.40710955
Yes,45.39197988,0,11907,0.522642596,39,3,West,42.70479615,46.41197988
Yes,49.86799897,0,8300,0.510255834,44,3,Northern Rim,61.74460209,50.88799897
Yes,60.36784329,0,13018,0.542079669,52,5,West,46.40453064,61.38784329
Yes,60.19384634,0,9580,0.547965377,59,4,Eastern Islands,42.26467341,61.21384634
Yes,51.75037539,0,13010,0.490344088,46,3,Northern Rim,37.94038164,52.77037539
Yes,50.940078,0,2823,0.494847341,52,2,West,36.7162039,51.960078
Yes,63.95287468,0,12406,0.501496258,43,5,Eastern Islands,50.96933754,64.97287468
Yes,57.85511352,0,14033,0.492014432,34,2,West,41.10511835,58.87511352
Yes,48.12310448,0,13801,0.54249497,18,4,Eastern Islands,35.9260953,49.14310448
Yes,48.02266677,0,10338,0.502643639,47,4,Northern Rim,57.5730772,49.04266677
Yes,52.95352269,0,8496,0.477669506,52,4,Eastern Islands,48.41464907,53.97352269
Yes,61.60399426,0,10806,0.496858874,48,4,Northern Rim,49.51691131,62.62399426
Yes,39.57846227,0,12458,0.483326211,54,3,Northern Rim,47.67333773,40.59846227
Yes,52.46791698,0,8179,0.534025339,42,3,Eastern Islands,44.40440554,53.48791698
Yes,60.52680912,0,9122,0.550426415,25,2,Northern Rim,39.48902721,61.54680912
Yes,50.57313556,0,11201,0.523288074,32,3,West,43.30033222,51.59313556
Yes,37.20002139,0,9424,0.533782865,35,3,Eastern Islands,48.48148268,38.22002139
Yes,53.91198858,0,4994,0.512616726,41,3,West,46.83604931,54.93198858
Yes,53.53283598,0,15375,0.527059873,22,1,Eastern Islands,40.81621371,54.55283598
Yes,46.07821106,0,12193,0.496693635,40,4,Northern Rim,43.55775774,47.09821106
Yes,49.02809293,0,3925,0.50905291,36,4,West,46.03928531,50.04809293
Yes,62.13098165,1,12205,0.52310062,27,2,West,39.08248172,63.15098165
Yes,55.26576458,0,3324,0.496237901,52,4,Northern Rim,42.9800353,56.28576458
Yes,61.21429713,0,11508,0.499643595,63,3,Eastern Islands,50.11447951,62.23429713
Yes,51.79824316,0,5795,0.530720502,40,3,West,55.04637716,52.81824316
Yes,48.78110381,1,9276,0.496191935,52,5,Northern Rim,40.09422238,49.80110381
Yes,54.46100427,0,12090,0.509764751,52,2,Eastern Islands,54.4184651,55.48100427
Yes,45.44143582,0,9467,0.504120574,18,2,Eastern Islands,37.16568411,46.46143582
Yes,54.52010471,0,19866,0.514325532,50,4,Northern Rim,57.4611916,55.54010471
Yes,50.4493421,0,8253,0.51964183,29,2,West,40.2377192,51.4693421
Yes,41.2010657,0,15901,0.536394387,18,3,Eastern Islands,37.84571455,42.2210657
Yes,58.6574596,0,13909,0.48268127,18,3,Eastern Islands,52.83859436,59.6774596
Yes,62.6103557,0,7241,0.505221764,57,3,Eastern Islands,46.57056546,63.6303557
Yes,72.83325668,0,9254,0.487863499,31,3,West,53.26849597,73.85325668
Yes,54.18731304,0,6124,0.512005977,37,3,West,47.11594054,55.20731304
Yes,51.45792957,0,10556,0.528222654,56,3,Northern Rim,45.76019032,52.47792957
Yes,46.76362007,0,4767,0.502590774,25,3,Northern Rim,51.09125217,47.78362007
Yes,67.10886474,0,436,0.525750116,54,4,Northern Rim,59.67121053,68.12886474
Yes,48.94259701,0,11198,0.52269745,60,2,West,40.63249114,49.96259701
Yes,58.24163628,0,8806,0.514254595,35,3,Northern Rim,34.95614669,59.26163628
Yes,43.09697405,0,6410,0.525220672,30,6,Northern Rim,60.27169876,44.11697405
Yes,46.78905191,0,9874,0.488604401,59,4,Eastern Islands,35.68562534,47.80905191
Yes,58.60355254,0,16144,0.508171364,48,2,Northern Rim,42.65072182,59.62355254
Yes,53.03780443,0,10086,0.530898657,41,5,Northern Rim,42.62949929,54.05780443
Yes,40.96553855,0,12000,0.524091532,66,3,Eastern Islands,48.61019529,41.98553855
Yes,38.77483196,0,12033,0.544754422,29,3,Northern Rim,50.18432856,39.79483196
Yes,55.22591814,0,10251,0.511422505,52,3,West,53.87866361,56.24591814
Yes,48.43347896,0,5724,0.489949872,19,4,West,37.75846575,49.45347896
Yes,54.0800831,0,8448,0.492321676,36,3,Northern Rim,48.59212019,55.1000831
Yes,52.25456945,0,10560,0.50671695,31,5,Eastern Islands,45.47322784,53.27456945
Yes,39.29387865,0,10553,0.48846311,24,3,Eastern Islands,58.35863057,40.31387865
Yes,40.74973673,0,473,0.484386189,56,3,Northern Rim,51.14176792,41.76973673
Yes,55.1226066,0,10660,0.519591034,32,4,Eastern Islands,50.2726102,56.1426066
Yes,52.09770726,0,3788,0.529071868,34,4,Northern Rim,53.41428348,53.11770726
Yes,44.60607245,0,6843,0.538387097,39,4,West,48.51384557,45.62607245
Yes,61.42044168,0,12142,0.497533453,27,2,West,47.28669894,62.44044168
Yes,51.88283182,0,7359,0.472004287,44,4,West,52.35857802,52.90283182
Yes,57.05862591,0,7013,0.456269433,44,3,West,53.11897349,58.07862591
Yes,40.86387267,0,15721,0.50587041,26,4,Northern Rim,33.95697849,41.88387267
Yes,50.98328855,0,10324,0.480492895,18,3,Northern Rim,41.47880906,52.00328855
Yes,37.26619641,1,11320,0.485774922,19,3,West,49.10835738,38.28619641
Yes,46.98689938,0,3983,0.517999715,46,3,West,43.66477507,48.00689938
Yes,58.97335227,0,12783,0.521392897,41,5,Eastern Islands,49.72693944,59.99335227
Yes,69.91220771,0,4414,0.508972602,63,3,Eastern Islands,56.64281783,70.93220771
Yes,57.15107892,0,10547,0.509371907,26,2,Northern Rim,55.97166796,58.17107892
Yes,51.75452772,0,12467,0.517592987,27,2,Northern Rim,44.14032615,52.77452772
Yes,46.90461487,0,8576,0.480707321,28,3,West,53.27970762,47.92461487
Yes,58.71081183,0,15564,0.49942663,48,4,Eastern Islands,63.93216557,59.73081183
Yes,68.35209685,0,10020,0.505557811,55,4,Northern Rim,46.3471808,69.37209685
Yes,62.55131617,0,11388,0.510035125,67,4,Eastern Islands,59.78854783,63.57131617
Yes,39.3779691,0,13816,0.487030021,39,3,Northern Rim,58.98617151,40.3979691
Yes,54.34235765,0,3425,0.493200418,41,4,Eastern Islands,44.61173285,55.36235765
Yes,55.98750239,0,8305,0.482109868,47,4,Northern Rim,45.27690416,57.00750239
Yes,50.45220516,0,12582,0.498751492,21,4,Eastern Islands,46.50155125,51.47220516
Yes,50.59907627,0,9479,0.53458527,42,3,West,47.76266059,51.61907627
Yes,49.06057356,0,5206,0.498571599,59,4,Eastern Islands,45.12308733,50.08057356
Yes,62.21556229,0,13836,0.521728017,41,2,Eastern Islands,46.21408725,63.23556229
Yes,55.54475173,0,7839,0.47968421,39,3,West,46.26316592,56.56475173
Yes,56.48137066,0,19527,0.539946159,37,4,Eastern Islands,47.26294995,57.50137066
Yes,43.40014638,0,12178,0.471993214,18,3,Northern Rim,48.30079727,44.42014638
Yes,51.53888411,0,3112,0.499706233,47,4,West,43.73754125,52.55888411
Yes,43.77623145,0,9704,0.521449871,27,4,West,40.06870057,44.79623145
Yes,60.5514157,0,10479,0.495777607,68,3,Northern Rim,52.41398883,61.5714157
Yes,53.56968991,0,5557,0.475814838,52,3,Northern Rim,49.66523232,54.58968991
Yes,52.53719518,0,11822,0.546617789,38,2,Eastern Islands,50.91367518,53.55719518
Yes,50.09627169,0,16658,0.509959506,39,4,West,31.27049091,51.11627169
Yes,58.000604,0,6667,0.561896181,30,3,West,49.53155231,59.020604
Yes,58.91616045,0,9471,0.499757056,29,3,West,48.17986041,59.93616045
Yes,41.35363733,0,11558,0.503486576,34,2,Eastern Islands,42.16817279,42.37363733
Yes,48.23952117,0,11982,0.535168545,57,6,Northern Rim,58.05471416,49.25952117
Yes,53.17873863,1,5741,0.546112116,33,5,Eastern Islands,54.09972881,54.19873863
Yes,42.84528235,0,8936,0.507199096,33,3,West,36.09780221,43.86528235
Yes,47.14507633,0,18091,0.508010834,24,2,Northern Rim,48.42272012,48.16507633
Yes,48.56718434,0,6835,0.480022596,29,4,West,46.60447105,49.58718434
Yes,53.01104941,0,2254,0.514254449,37,2,West,40.12380963,54.03104941
Yes,53.21664358,0,20033,0.517060944,19,4,Eastern Islands,51.19673311,54.23664358
Yes,56.54600794,0,15911,0.476508111,61,6,West,49.2639041,57.56600794
Yes,39.57373489,0,11373,0.511970412,46,5,West,53.99820451,40.59373489
Yes,52.65501051,0,3949,0.522522659,55,5,Eastern Islands,41.80634944,53.67501051
Yes,49.76621435,0,11641,0.516911684,38,5,West,60.72507629,50.78621435
Yes,45.45974297,0,8780,0.495910343,52,3,Eastern Islands,45.89954134,46.47974297
Yes,38.01424205,1,8715,0.479482246,18,3,West,47.31129152,39.03424205
Yes,41.54210401,0,13565,0.503321967,18,4,West,43.73357833,42.56210401
Yes,47.60225041,0,12209,0.510534698,50,4,Northern Rim,52.57560435,48.62225041
Yes,40.75412283,0,9604,0.503419401,44,3,Eastern Islands,38.75428543,41.77412283
Yes,50.28932153,0,13779,0.529792463,45,3,West,59.68643696,51.30932153
Yes,45.54019633,0,11177,0.507457866,55,4,West,51.69667128,46.56019633
Yes,44.23027009,0,7274,0.503126257,18,4,West,46.01315903,45.25027009
Yes,48.65562833,0,12225,0.519971118,38,5,West,40.39513611,49.67562833
Yes,41.85066003,0,13067,0.52615613,72,6,West,41.62174789,42.87066003
Yes,51.97305942,0,15932,0.505824721,29,2,West,52.74280368,52.99305942
Yes,58.98792518,0,10852,0.506484983,60,4,Eastern Islands,41.43948854,60.00792518
Yes,48.26400752,0,14518,0.517441329,60,5,Eastern Islands,61.99387588,49.28400752
Yes,52.21972862,0,10066,0.52684377,59,2,West,40.38421417,53.23972862
Yes,56.13764013,0,14603,0.488906031,43,5,West,40.15069784,57.15764013
Yes,38.95436299,0,13926,0.510652484,55,3,West,55.33519217,39.97436299
Yes,46.27456603,0,14194,0.535803045,38,4,Northern Rim,35.95163431,47.29456603
Yes,53.39001498,0,13184,0.512240129,53,2,Northern Rim,42.71153631,54.41001498
Yes,39.09527021,0,10247,0.487762412,61,2,Northern Rim,49.93101775,40.11527021
Yes,50.84935868,0,13201,0.515380558,19,5,Northern Rim,44.97729486,51.86935868
Yes,44.2030988,0,8107,0.512222592,33,3,West,35.53619354,45.2230988
Yes,50.10368233,0,9783,0.507555197,51,6,Northern Rim,48.49910504,51.12368233
Yes,41.3347928,0,13085,0.516514701,70,3,West,46.9655274,42.3547928
Yes,50.03861042,0,12031,0.538823906,59,5,Northern Rim,45.04419896,51.05861042
Yes,44.38661655,0,9194,0.482518885,18,4,West,47.34359707,45.40661655
Yes,60.34979771,0,11901,0.506847791,26,2,Eastern Islands,44.23104669,61.36979771
Yes,47.69742558,0,11994,0.528983841,19,3,Eastern Islands,52.72251726,48.71742558
Yes,64.54259718,0,6614,0.513143144,25,3,Eastern Islands,39.4371604,65.56259718
Yes,61.63172993,0,16737,0.549573244,46,4,Eastern Islands,44.9934151,62.65172993
Yes,58.06101455,0,11214,0.490666239,38,4,Eastern Islands,51.72122785,59.08101455
Yes,42.73833687,0,6844,0.533850621,47,2,West,40.12620772,43.75833687
Yes,50.69036539,0,5075,0.472882269,55,3,Eastern Islands,48.83025007,51.71036539
Yes,50.57415877,0,9705,0.516163077,37,5,Northern Rim,43.06682526,51.59415877
Yes,45.35546866,0,5475,0.463564813,30,3,West,58.3250785,46.37546866
Yes,55.29217788,0,8239,0.51717339,21,5,Northern Rim,56.06009853,56.31217788
Yes,50.29446856,0,8728,0.53154934,50,4,Northern Rim,37.08392319,51.31446856
Yes,58.11993929,0,7207,0.528624936,38,3,West,50.63199571,59.13993929
Yes,53.00798225,0,11748,0.489374813,37,4,West,48.15751118,54.02798225
Yes,54.28436735,0,5151,0.521078641,43,3,Eastern Islands,35.4338477,55.30436735
Yes,55.51769362,0,7191,0.487736206,43,4,West,55.30256076,56.53769362
Yes,60.2729926,0,8712,0.536481231,33,5,West,45.91492959,61.2929926
Yes,45.53331336,0,16109,0.512359495,30,3,Eastern Islands,44.69566474,46.55331336
Yes,48.00835828,0,5527,0.487896566,65,5,Eastern Islands,42.84103681,49.02835828
Yes,54.99670343,0,12499,0.511175316,53,3,Northern Rim,42.40091353,56.01670343
Yes,48.41386521,0,18919,0.483850551,47,2,Eastern Islands,54.16463601,49.43386521
Yes,54.62773465,0,11599,0.535337001,43,3,Eastern Islands,61.06385973,55.64773465
Yes,50.70870297,0,8489,0.476180942,22,3,West,50.32656487,51.72870297
Yes,53.45042821,0,14649,0.507334973,57,3,West,41.47281031,54.47042821
Yes,49.61023992,0,6334,0.475299938,61,2,Eastern Islands,45.58482509,50.63023992
Yes,56.74087578,0,12245,0.494269188,61,4,West,44.45808158,57.76087578
Yes,59.98784925,0,7629,0.519765192,25,4,Northern Rim,43.91848982,61.00784925
Yes,44.97739348,0,12329,0.492907567,66,3,Eastern Islands,51.12411246,45.99739348
Yes,69.99966754,0,2123,0.519470109,48,4,West,36.052369,71.01966754
Yes,63.49556772,0,14325,0.523344494,61,3,West,44.07496052,64.51556772
Yes,59.20698302,0,7030,0.527900706,60,3,Northern Rim,53.31577718,60.22698302
Yes,39.16118809,0,13633,0.515779659,18,4,Northern Rim,53.76687866,40.18118809
Yes,43.92433848,0,11313,0.488916737,46,2,Eastern Islands,36.74600074,44.94433848
Yes,51.31976276,0,4124,0.470445409,47,4,Northern Rim,53.51704617,52.33976276
Yes,57.78991844,0,9589,0.507235178,40,4,West,45.29503446,58.80991844
Yes,43.21386422,0,13166,0.530861821,26,2,Eastern Islands,53.70450512,44.23386422
Yes,48.44048447,0,9515,0.531300878,62,5,West,55.3271375,49.46048447
Yes,47.88308616,0,6542,0.528187568,41,3,West,34.81897788,48.90308616
Yes,63.81973918,0,5704,0.512322754,18,4,Northern Rim,41.49280598,64.83973918
Yes,46.89673571,0,20108,0.50565774,30,4,Northern Rim,43.91620482,47.91673571
Yes,57.86472209,0,7390,0.521003232,29,2,Northern Rim,62.08256114,58.88472209
Yes,45.32030033,0,11906,0.508025815,29,4,Eastern Islands,49.06508597,46.34030033
Yes,55.92981454,0,10886,0.522069768,32,5,West,43.49280242,56.94981454
Yes,42.47450759,0,15043,0.491001914,41,3,West,58.01270609,43.49450759
Yes,54.72898465,0,8990,0.524349553,29,3,Northern Rim,55.64056355,55.74898465
Yes,45.09334132,0,13857,0.481523528,20,3,Northern Rim,33.59019492,46.11334132
Yes,45.56162223,0,7568,0.540453665,30,3,Eastern Islands,27.22634632,46.58162223
Yes,64.62880649,0,8859,0.515397201,46,4,Northern Rim,50.38378189,65.64880649
Yes,48.16450699,0,4932,0.52337933,74,4,West,47.41728012,49.18450699
Yes,47.44192487,0,8735,0.526972305,36,3,Northern Rim,45.2342201,48.46192487
Yes,56.64196959,0,4084,0.456383973,34,3,West,48.01231729,57.66196959
Yes,51.26266296,0,12383,0.560480126,29,3,Northern Rim,55.88068525,52.28266296
Yes,43.09764094,0,15265,0.493044528,19,3,Northern Rim,54.95155342,44.11764094
Yes,39.02698565,0,13815,0.484437927,65,4,Northern Rim,41.45272308,40.04698565
Yes,55.32175729,0,10449,0.506086741,29,3,West,38.84509329,56.34175729
Yes,66.17926805,0,4556,0.495789202,32,4,Northern Rim,51.97181139,67.19926805
Yes,56.2820302,0,6878,0.542455959,26,4,Northern Rim,42.42829232,57.3020302
Yes,43.47126567,0,8008,0.489867951,32,3,Eastern Islands,47.85424163,44.49126567
Yes,45.00659894,0,15927,0.533835494,23,3,Northern Rim,43.19352115,46.02659894
Yes,57.68547917,0,10781,0.486809498,47,3,Northern Rim,36.99542313,58.70547917
Yes,47.3943072,0,12666,0.491201361,28,4,Northern Rim,51.12603539,48.4143072
Yes,51.52921865,0,4009,0.500046606,45,2,West,49.26370676,52.54921865
Yes,47.7092022,0,7475,0.544071337,32,5,Northern Rim,44.20725792,48.7292022
Yes,50.42262397,0,7653,0.533566766,29,3,Eastern Islands,42.28959923,51.44262397
Yes,46.02145011,0,12103,0.474772757,31,3,Northern Rim,53.75823073,47.04145011
Yes,45.43088197,0,9409,0.512386025,42,3,Northern Rim,49.53064436,46.45088197
Yes,56.1821326,0,14409,0.517402085,18,4,West,54.40020329,57.2021326
Yes,54.71408995,0,8006,0.517662041,64,3,Eastern Islands,44.45925081,55.73408995
Yes,43.33854862,0,11328,0.496970566,37,4,West,30.62935657,44.35854862
Yes,48.05876051,0,8740,0.509321733,32,3,Northern Rim,41.55296864,49.07876051
Yes,48.25306383,0,9888,0.478696513,73,3,Eastern Islands,48.519575,49.27306383
Yes,47.43515346,0,10759,0.535863817,45,3,Northern Rim,50.24190312,48.45515346
Yes,52.23095675,0,10391,0.509061936,18,3,Northern Rim,45.00731759,53.25095675
Yes,67.7113542,0,3911,0.517728726,60,4,Northern Rim,37.09031102,68.7313542
Yes,32.31252301,0,9908,0.478420187,26,3,Northern Rim,47.75053039,33.33252301
Yes,57.36190018,0,12240,0.492208845,24,3,Northern Rim,52.78042679,58.38190018
Yes,43.63783564,0,10925,0.504037461,42,4,Northern Rim,48.2589367,44.65783564
Yes,65.35261311,0,16259,0.492856688,35,3,West,47.67568286,66.37261311
Yes,40.0094146,0,13698,0.530988431,68,1,West,53.22798567,41.0294146
Yes,38.04449882,0,11310,0.521306409,46,4,Eastern Islands,54.23335118,39.06449882
Yes,58.04148507,0,11673,0.535473881,51,4,Northern Rim,42.36424437,59.06148507
Yes,72.13199676,0,12385,0.513115316,45,2,Eastern Islands,44.98325269,73.15199676
Yes,54.62049525,0,9999,0.504644596,64,3,Northern Rim,57.00755196,55.64049525
Yes,54.78409061,0,2281,0.556826932,37,4,Northern Rim,51.90096012,55.80409061
Yes,50.9038377,0,8691,0.513201599,62,4,Northern Rim,39.86456254,51.9238377
Yes,43.73553892,0,3584,0.522699224,58,4,Eastern Islands,54.118354,44.75553892
Yes,42.7818764,0,8310,0.491970495,35,4,Northern Rim,47.58440124,43.8018764
Yes,55.83079277,0,9963,0.527031956,47,3,West,40.7622179,56.85079277
Yes,37.73556366,0,12647,0.487184273,50,4,Northern Rim,48.25938161,38.75556366
Yes,60.07250266,0,9570,0.519562629,47,3,Eastern Islands,34.93154897,61.09250266
Yes,51.01368513,0,16098,0.514249422,41,3,West,47.00031615,52.03368513
Yes,37.61920244,0,10720,0.506386155,35,4,Eastern Islands,45.63231719,38.63920244
Yes,51.06213828,0,8033,0.480473712,18,5,Northern Rim,48.51913858,52.08213828
Yes,51.42824311,0,16672,0.522094047,42,4,Eastern Islands,58.77318884,52.44824311
Yes,34.62926641,0,16115,0.521175818,40,3,Eastern Islands,34.8497811,35.64926641
Yes,56.51887712,0,10216,0.503409516,46,3,Northern Rim,47.60741922,57.53887712
Yes,49.91821483,0,2791,0.506362544,34,4,Northern Rim,60.61539782,50.93821483
Yes,30.19886395,0,8028,0.500353873,49,5,Northern Rim,45.12338821,31.21886395
Yes,48.38305784,0,1102,0.490989602,58,6,West,51.88214205,49.40305784
Yes,55.75226083,0,7151,0.504365049,38,3,Northern Rim,49.88033051,56.77226083
Yes,55.37352412,0,13447,0.520135374,37,5,Northern Rim,41.71032077,56.39352412
Yes,68.90010555,0,11017,0.519551591,63,5,West,34.37347562,69.92010555
Yes,33.83120927,0,5210,0.514058541,45,4,Northern Rim,43.69846825,34.85120927
Yes,61.75650994,0,7664,0.516599091,56,1,West,52.60493268,62.77650994
Yes,46.48139445,0,11495,0.529486468,45,4,Eastern Islands,34.81947712,47.50139445
Yes,50.09159625,0,11319,0.484266822,18,3,West,37.65545549,51.11159625
Yes,53.44883552,0,16161,0.494869091,53,4,West,46.0238712,54.46883552
Yes,47.80647967,0,10446,0.504312458,37,5,Eastern Islands,55.21664005,48.82647967
Yes,56.26093628,0,10482,0.496835574,49,3,Eastern Islands,42.21703002,57.28093628
Yes,48.05744376,0,11255,0.51241145,47,3,West,42.35445608,49.07744376
Yes,60.26332328,0,9339,0.471773094,45,4,Eastern Islands,40.41385278,61.28332328
Yes,59.54690152,0,10883,0.521495875,49,4,West,57.00324395,60.56690152
Yes,41.83923436,0,4735,0.505414702,40,4,West,44.339849,42.85923436
Yes,53.79834268,1,13373,0.51274439,30,5,Eastern Islands,49.68517219,54.81834268
Yes,50.30330897,0,12115,0.511845624,31,2,Eastern Islands,40.65167427,51.32330897
Yes,46.76037454,0,9778,0.497218857,39,3,Northern Rim,33.23130343,47.78037454
Yes,41.87992415,0,4025,0.489003027,18,3,West,55.93219069,42.89992415
Yes,62.44507445,0,14456,0.515317159,43,4,West,43.82327679,63.46507445
Yes,54.03167045,0,11189,0.484354847,20,3,Northern Rim,40.27505326,55.05167045
Yes,54.66570334,0,17115,0.518195427,68,4,Northern Rim,47.50767197,55.68570334
Yes,45.41270656,0,16879,0.50148592,18,4,West,41.1552721,46.43270656
Yes,42.09549461,0,10985,0.510249037,33,5,Eastern Islands,34.72460247,43.11549461
Yes,49.39863394,0,15775,0.534580218,45,3,West,45.18618786,50.41863394
Yes,54.77521375,0,6781,0.474892881,42,4,Northern Rim,49.47172156,55.79521375
Yes,56.04689849,0,10883,0.507230303,37,4,Northern Rim,47.2148807,57.06689849
Yes,61.91289331,0,12791,0.503052338,40,4,West,37.85253305,62.93289331
Yes,53.82121977,0,7140,0.498097108,47,4,Eastern Islands,46.15014283,54.84121977
Yes,62.21180031,0,4131,0.502920908,31,4,Eastern Islands,53.41799957,63.23180031
Yes,49.50265294,0,2015,0.521615483,28,5,West,51.26318225,50.52265294
Yes,55.5230219,0,4103,0.50341852,23,4,Northern Rim,43.72891985,56.5430219
Yes,50.51625495,0,9773,0.493813588,49,4,Northern Rim,45.17133539,51.53625495
Yes,36.3004464,0,10919,0.500165935,53,3,Northern Rim,23.31496317,37.3204464
Yes,47.07993745,0,10408,0.546314967,57,3,West,47.31112477,48.09993745
Yes,61.2411748,0,13845,0.529393877,34,4,Eastern Islands,56.25145541,62.2611748
Yes,44.11572475,0,14657,0.527399475,39,5,West,28.04441544,45.13572475
Yes,56.75115912,0,11850,0.510593158,18,3,Northern Rim,40.23023192,57.77115912
Yes,51.18094554,0,6480,0.517803718,56,4,Eastern Islands,42.74564303,52.20094554
Yes,53.88292455,0,13067,0.510064474,68,4,West,38.21089402,54.90292455
Yes,38.881635,0,16164,0.48484204,43,4,Eastern Islands,46.1201422,39.901635
Yes,62.1785302,0,11512,0.536593476,40,3,Eastern Islands,52.9925675,63.1985302
Yes,35.69843178,0,2686,0.49318514,49,5,Eastern Islands,56.21811153,36.71843178
Yes,44.79346918,0,14844,0.543725439,35,3,West,51.7375427,45.81346918
Yes,57.075896,0,8027,0.496652479,48,4,Eastern Islands,52.48561817,58.095896
Yes,54.36340446,0,11607,0.504200211,44,3,West,43.31940391,55.38340446
Yes,51.30118017,0,13791,0.547493433,43,5,Northern Rim,50.93006358,52.32118017
Yes,57.53854115,0,10064,0.519004183,63,5,Northern Rim,49.97001882,58.55854115
Yes,48.712875,0,11395,0.542087328,19,4,Northern Rim,42.8122619,49.732875
Yes,45.37013207,0,12339,0.526666682,42,2,Northern Rim,55.90932226,46.39013207
Yes,49.43904596,0,19253,0.558984582,61,1,Eastern Islands,54.86588469,50.45904596
Yes,51.38418069,0,7451,0.489403361,44,1,Eastern Islands,49.06871457,52.40418069
Yes,55.92149026,0,11771,0.523270329,38,4,West,46.74316633,56.94149026
Yes,64.33125733,0,8721,0.512487248,54,4,Eastern Islands,37.38502646,65.35125733
Yes,61.71412346,0,5143,0.532817613,24,3,West,50.25161604,62.73412346
Yes,54.18219323,0,13078,0.515914585,38,5,Northern Rim,53.18660475,55.20219323
Yes,39.50494611,0,5086,0.504716934,32,5,West,47.73134395,40.52494611
Yes,70.98584906,0,16306,0.491693377,51,4,Northern Rim,48.48297487,72.00584906
Yes,38.90905255,0,8644,0.530939132,29,1,Eastern Islands,46.64717244,39.92905255
Yes,48.79329245,0,13915,0.505829821,19,4,Eastern Islands,40.4281103,49.81329245
Yes,39.21427337,0,15861,0.500044119,18,3,Eastern Islands,50.81300078,40.23427337
Yes,50.15265349,0,5011,0.529530449,43,6,Eastern Islands,45.4306903,51.17265349
Yes,50.95502941,0,11291,0.496898361,41,3,Northern Rim,35.50298499,51.97502941
Yes,51.15471863,0,8711,0.504174017,18,2,West,33.30256876,52.17471863
Yes,64.78943034,0,18927,0.518196512,77,4,West,38.89362729,65.80943034
Yes,49.3171338,0,14395,0.500115163,49,6,Eastern Islands,32.80444011,50.3371338
Yes,46.54619216,0,7229,0.462689738,62,3,Eastern Islands,44.46077317,47.56619216
Yes,52.83915947,0,11368,0.524632619,53,4,Eastern Islands,45.28912226,53.85915947
Yes,74.3879562,0,7148,0.509752366,57,4,Eastern Islands,50.38193155,75.4079562
Yes,49.78227231,0,16939,0.517632461,46,4,Eastern Islands,50.90418208,50.80227231
Yes,47.30935758,0,15388,0.525477752,29,3,Northern Rim,37.32511319,48.32935758
Yes,57.28325706,0,11097,0.495900085,48,5,West,37.27754554,58.30325706
Yes,62.15587817,0,15304,0.52922106,57,4,Eastern Islands,55.5784409,63.17587817
Yes,48.21279444,0,9691,0.506989088,67,4,Eastern Islands,42.74486876,49.23279444
Yes,51.89775841,0,9249,0.523319938,56,3,Northern Rim,43.1079462,52.91775841
Yes,52.28038853,0,10772,0.521869152,33,4,Northern Rim,51.19742041,53.30038853
Yes,43.99922806,0,5755,0.488745962,51,5,Northern Rim,49.80094163,45.01922806
Yes,57.36699833,0,4280,0.507991649,18,4,Northern Rim,43.98543752,58.38699833
Yes,53.90027025,0,12287,0.494843923,63,3,Northern Rim,47.95872592,54.92027025
Yes,58.38299052,0,20231,0.50004862,18,4,Northern Rim,58.84997604,59.40299052
Yes,47.61820119,0,12456,0.509317833,51,5,Northern Rim,37.70795174,48.63820119
Yes,44.54364525,0,4896,0.53386954,25,4,Northern Rim,42.6098381,45.56364525
Yes,47.70277422,0,11175,0.519005506,80,3,Northern Rim,52.86198058,48.72277422
Yes,58.53730978,0,10747,0.500363632,18,4,Eastern Islands,39.89239157,59.55730978
Yes,55.120341,0,17623,0.559179136,63,2,West,40.22154668,56.140341
Yes,57.10357146,0,13772,0.498654584,42,4,Northern Rim,61.46343885,58.12357146
Yes,52.66980238,0,7270,0.51446067,51,2,Eastern Islands,51.14924515,53.68980238
Yes,47.9982532,0,11367,0.508258375,36,2,Northern Rim,47.28930093,49.0182532
Yes,49.93587836,0,9551,0.472348924,56,3,West,42.26967861,50.95587836
Yes,56.40273608,0,7824,0.512544144,65,1,Eastern Islands,51.27065515,57.42273608
Yes,47.82325816,0,10391,0.543634681,55,5,West,60.86706694,48.84325816
Yes,62.33501773,0,5224,0.523424019,46,3,Northern Rim,47.15523435,63.35501773
Yes,50.11715789,0,11433,0.540581493,34,3,West,47.02759086,51.13715789
Yes,48.69409831,0,15820,0.503877675,44,4,Northern Rim,47.38678618,49.71409831
Yes,45.0814331,0,10901,0.54522552,42,3,West,41.78335674,46.1014331
Yes,50.0735267,0,915,0.502783578,25,4,West,39.24968744,51.0935267
Yes,56.60139301,0,8721,0.508855468,23,1,Eastern Islands,29.24782469,57.62139301
Yes,48.72352134,0,12412,0.524822583,38,2,West,36.48132872,49.74352134
Yes,48.82369709,0,3890,0.50543947,53,3,Eastern Islands,44.46447647,49.84369709
Yes,58.56271388,0,7842,0.46527543,43,3,Eastern Islands,45.41495718,59.58271388
Yes,42.93200131,0,10392,0.47601413,41,4,West,54.5709895,43.95200131
Yes,38.89639554,0,10597,0.518861875,42,2,Northern Rim,44.11725289,39.91639554
Yes,65.84672405,0,9406,0.522103317,45,3,Northern Rim,46.61274227,66.86672405
Yes,51.72923906,0,16406,0.506063994,18,3,Eastern Islands,45.28171669,52.74923906
Yes,59.0127319,0,15532,0.467412483,37,4,West,36.8937949,60.0327319
Yes,51.39357981,0,15566,0.520108076,36,4,West,50.7237067,52.41357981
Yes,46.91265978,0,11091,0.475841715,32,6,West,41.81727855,47.93265978
Yes,59.51233641,0,15771,0.53170448,57,3,Northern Rim,36.01300368,60.53233641
Yes,43.42434929,0,19657,0.512599236,36,4,Eastern Islands,41.50120798,44.44434929
Yes,33.64758799,0,13056,0.486678339,18,4,Northern Rim,54.60164897,34.66758799
Yes,52.07122003,1,12702,0.56398352,59,3,Northern Rim,47.33045149,53.09122003
Yes,56.74688826,0,11333,0.542722318,18,2,Eastern Islands,50.93626706,57.76688826
Yes,49.29712805,0,15547,0.544610554,65,4,Eastern Islands,38.20758255,50.31712805
Yes,46.40999402,0,14842,0.524446356,56,3,Northern Rim,50.68311652,47.42999402
Yes,42.05710093,0,13264,0.520007165,34,2,Northern Rim,52.48823351,43.07710093
Yes,43.04846483,0,100,0.497546298,18,2,Eastern Islands,47.17604503,44.06846483
Yes,61.34478985,0,6211,0.486815537,45,4,Eastern Islands,47.22933799,62.36478985
Yes,60.18260426,0,5272,0.532896734,50,4,Northern Rim,46.1654704,61.20260426
Yes,41.96069296,0,13407,0.501647074,23,4,Eastern Islands,44.32889139,42.98069296
Yes,58.22064732,0,6095,0.507747732,39,4,West,41.40317712,59.24064732
Yes,60.79256538,0,5762,0.522191171,41,4,West,52.49595935,61.81256538
Yes,56.26860838,0,12635,0.55273191,50,4,Northern Rim,43.1710677,57.28860838
Yes,51.64260201,0,11624,0.490344502,32,5,Northern Rim,43.64193447,52.66260201
Yes,58.4698654,0,14121,0.495964772,27,3,West,43.83626136,59.4898654
Yes,64.96187685,0,13115,0.493160068,27,2,Eastern Islands,46.04179987,65.98187685
Yes,58.06607984,0,11934,0.495838066,34,4,Northern Rim,45.63229024,59.08607984
Yes,47.79123791,0,11688,0.471555454,53,4,West,37.96331979,48.81123791
Yes,45.06372697,0,7575,0.520680193,19,2,West,42.29468738,46.08372697
Yes,50.48762082,0,13142,0.49908552,40,4,West,32.1370051,51.50762082
Yes,54.939739,0,16749,0.497243364,64,3,Northern Rim,46.87530022,55.959739
Yes,44.05271674,0,13497,0.495086647,47,4,West,46.87155855,45.07271674
Yes,39.14224548,0,4411,0.515320988,38,3,West,38.92860777,40.16224548
Yes,46.37231754,0,10570,0.492311161,18,5,West,37.6387537,47.39231754
Yes,60.01183407,0,6082,0.499884995,35,3,Northern Rim,52.30012192,61.03183407
Yes,54.34979569,0,9308,0.49648759,35,2,West,47.2274844,55.36979569
Yes,54.10225668,0,7451,0.506782719,41,4,Northern Rim,40.56140211,55.12225668
Yes,35.70781552,0,100,0.501824343,38,3,Eastern Islands,47.41712552,36.72781552
Yes,65.74811678,0,11415,0.484036247,39,5,Northern Rim,51.22458097,66.76811678
Yes,42.63079514,0,13691,0.511035618,46,4,Northern Rim,42.46416688,43.65079514
Yes,48.79210298,0,8319,0.478698798,36,6,Eastern Islands,48.85698986,49.81210298
Yes,37.09941251,0,17076,0.514250662,45,2,West,48.1805208,38.11941251
Yes,59.42633862,0,4371,0.502976946,48,3,West,51.36611864,60.44633862
Yes,58.72563744,0,8721,0.512107389,36,4,Eastern Islands,33.01581957,59.74563744
Yes,47.94929243,0,14963,0.512959485,20,3,West,40.45297862,48.96929243
Yes,41.65703427,0,14557,0.549217428,56,3,West,46.32848171,42.67703427
Yes,50.70348476,0,1680,0.54378028,28,4,Eastern Islands,34.03819953,51.72348476
Yes,43.12717776,0,4758,0.538206926,26,4,Northern Rim,39.03590447,44.14717776
Yes,56.84059937,0,14336,0.508357547,38,2,Northern Rim,54.87517453,57.86059937
Yes,50.53034252,0,7223,0.506710887,60,3,West,36.40065299,51.55034252
Yes,63.14374138,0,12807,0.494939604,51,4,West,44.86183224,64.16374138
Yes,47.20436724,0,16421,0.480264495,26,5,Northern Rim,61.41165489,48.22436724
Yes,49.04681521,0,13783,0.538022667,33,3,Northern Rim,53.03814201,50.06681521
Yes,52.33109806,0,9608,0.525282069,24,3,West,57.02101159,53.35109806
Yes,62.71507077,0,8764,0.522928564,57,3,Northern Rim,45.47387515,63.73507077
Yes,48.9266642,0,13299,0.476014265,46,3,Eastern Islands,44.35790081,49.9466642
Yes,70.21084836,0,6833,0.507051182,28,3,Eastern Islands,45.85598998,71.23084836
Yes,60.38369718,0,9878,0.531412963,27,4,Eastern Islands,43.38552162,61.40369718
Yes,57.94370709,0,8194,0.470395875,18,4,West,52.6665157,58.96370709
Yes,65.62925155,0,4111,0.503915654,33,5,Eastern Islands,44.8064713,66.64925155
Yes,52.49833365,0,11768,0.526358865,32,6,West,61.01543071,53.51833365
Yes,36.66344019,0,8640,0.507879721,29,3,Eastern Islands,52.21459782,37.68344019
Yes,51.89718736,0,13865,0.495618356,63,3,Northern Rim,35.48082059,52.91718736
Yes,59.91893957,0,5004,0.506157204,40,3,Eastern Islands,43.95906423,60.93893957
Yes,46.0264495,0,15985,0.485847771,52,3,Eastern Islands,37.40900522,47.0464495
Yes,46.81883342,0,6507,0.497821363,47,3,West,37.75315901,47.83883342
Yes,57.34101857,0,17150,0.53153632,59,4,West,55.92529527,58.36101857
Yes,52.27063994,0,12009,0.483823891,62,1,West,52.18426584,53.29063994
Yes,47.88059434,0,13747,0.52581153,46,4,Northern Rim,52.92644678,48.90059434
Yes,42.38844821,0,5632,0.512955394,22,5,West,46.97511016,43.40844821
Yes,43.67548504,0,19302,0.515896671,28,4,Northern Rim,43.7303408,44.69548504
Yes,44.90368743,0,9781,0.527471488,18,3,Northern Rim,37.2412297,45.92368743
Yes,40.51884568,0,4825,0.522127368,68,3,West,38.3432403,41.53884568
Yes,44.45800983,0,14257,0.480008947,40,3,Eastern Islands,48.43683293,45.47800983
Yes,59.45543582,0,10772,0.455225489,21,5,Northern Rim,37.22468896,60.47543582
Yes,46.52928827,1,4806,0.523041092,34,3,West,43.17541857,47.54928827
Yes,45.07587542,0,2640,0.523908446,32,5,Northern Rim,24.97166173,46.09587542
Yes,64.06995199,0,4034,0.524991195,39,4,West,48.89517052,65.08995199
No,51.27780393,0,15472,0.537018737,65,1,Eastern Islands,66.00654267,52.29780393
No,42.31587341,0,4527,0.539261033,25,6,Northern Rim,58.41167009,43.33587341
No,46.76995666,0,12292,0.489379239,47,4,Northern Rim,59.79737534,47.78995666
No,43.14824095,0,3534,0.519276287,31,3,Eastern Islands,56.00423544,44.16824095
No,53.04292841,0,9631,0.499372117,57,3,West,56.47248999,54.06292841
No,44.93305867,0,12330,0.516852222,46,3,Northern Rim,62.52224875,45.95305867
No,60.74533762,0,15939,0.500943724,39,4,West,66.05373667,61.76533762
No,38.2733306,0,7471,0.503837295,48,4,Northern Rim,40.26944788,39.2933306
No,52.46864895,0,7219,0.522276427,23,4,Northern Rim,64.00407917,53.48864895
No,46.64914815,0,3123,0.512390437,60,2,Eastern Islands,64.61637869,47.66914815
No,64.58211165,0,9143,0.498832568,35,3,Eastern Islands,54.49471388,65.60211165
No,59.43470548,0,11968,0.524574037,47,4,West,55.72510378,60.45470548
No,40.89715194,0,10417,0.497228586,41,4,Northern Rim,56.03420438,41.91715194
No,45.73259253,0,11629,0.499299356,47,3,West,46.01728079,46.75259253
No,49.64148157,0,13947,0.520573323,64,3,Northern Rim,58.3396905,50.66148157
No,56.79725852,0,12844,0.500626408,45,2,West,54.42264072,57.81725852
No,65.32137474,0,16587,0.498385331,37,4,Eastern Islands,57.95658747,66.34137474
No,62.02731825,0,3883,0.504694442,41,2,Eastern Islands,40.92912403,63.04731825
No,50.25786942,0,11613,0.514667427,18,2,Northern Rim,64.97055801,51.27786942
No,53.21580591,0,5882,0.499127877,30,5,Northern Rim,61.58299537,54.23580591
No,50.55693958,0,12640,0.489967381,44,4,Northern Rim,48.29576965,51.57693958
No,49.30797128,0,8409,0.476072767,39,3,Eastern Islands,50.06770217,50.32797128
No,50.83782504,0,13652,0.509654784,39,5,Northern Rim,66.20629135,51.85782504
No,55.50474506,0,17327,0.508383424,58,3,Northern Rim,53.6336079,56.52474506
No,44.1380082,1,14378,0.520554653,30,2,Eastern Islands,67.47268205,45.1580082
No,44.88539729,0,11538,0.49532047,48,4,Northern Rim,51.51922177,45.90539729
No,53.21313131,0,6149,0.504288437,51,3,West,62.51915482,54.23313131
No,49.02365997,0,12303,0.48471277,69,3,Eastern Islands,60.9380467,50.04365997
No,47.71442454,0,18093,0.500014063,30,4,Eastern Islands,52.66181713,48.73442454
No,42.94882467,0,6489,0.526251055,47,2,West,54.23384959,43.96882467
No,75.37317318,0,10842,0.492081367,47,4,Northern Rim,48.99252965,76.39317318
No,51.71366781,0,9417,0.490582355,23,4,Northern Rim,60.07951429,52.73366781
No,39.55090137,0,13190,0.526817299,38,2,Northern Rim,53.83665255,40.57090137
No,54.30877081,0,8087,0.470001271,49,3,West,54.3459773,55.32877081
No,60.75684367,0,10039,0.535244775,38,3,Eastern Islands,55.02824887,61.77684367
No,45.41513401,0,11164,0.544964225,46,4,Eastern Islands,58.61998132,46.43513401
No,55.62111425,1,2244,0.487278078,64,4,Northern Rim,45.1371362,56.64111425
No,56.5661248,0,2285,0.502732018,61,3,Northern Rim,64.17255511,57.5861248
No,49.16788738,0,8015,0.483188866,30,2,Eastern Islands,62.176029,50.18788738
No,45.80057272,0,1559,0.505276583,54,6,West,52.65563281,46.82057272
No,45.57030472,0,12005,0.518816855,18,4,West,65.4961048,46.59030472
No,64.62079488,0,6613,0.484345295,52,4,Eastern Islands,66.24335477,65.64079488
No,47.95648375,0,8626,0.487769708,35,4,West,59.04101144,48.97648375
No,50.55956915,1,4046,0.527328372,28,4,Northern Rim,45.09172656,51.57956915
No,46.33442019,0,12918,0.504692956,57,3,Northern Rim,62.67763333,47.35442019
No,63.66148741,0,8690,0.477542947,24,4,Northern Rim,64.83954009,64.68148741
No,52.60784826,0,10379,0.540487513,40,3,West,59.74938626,53.62784826
No,51.35372049,0,10939,0.49124842,27,4,Northern Rim,60.1539421,52.37372049
No,42.85099421,0,8541,0.495694951,38,4,West,50.89277687,43.87099421
No,58.07168746,1,6996,0.536260084,18,3,Eastern Islands,61.33308069,59.09168746
No,52.09577432,0,7994,0.507123519,41,4,Northern Rim,49.08002584,53.11577432
No,52.13463962,0,5514,0.538512681,45,3,West,54.68869796,53.15463962
No,54.67499815,0,13248,0.544934983,18,4,Eastern Islands,45.08335167,55.69499815
No,61.77422458,0,12373,0.538921909,57,4,West,52.03481114,62.79422458
No,54.28554674,0,15603,0.49739308,25,1,West,51.93616744,55.30554674
No,60.90655691,0,10442,0.532867135,64,5,Eastern Islands,50.50359273,61.92655691
No,58.14620933,0,18154,0.505390762,55,3,West,69.43911827,59.16620933
No,55.45677083,0,17632,0.471634065,46,4,Eastern Islands,59.83620698,56.47677083
No,54.33678199,0,651,0.498900383,31,4,Eastern Islands,56.16356866,55.35678199
No,49.55251767,0,11848,0.48493581,34,4,West,48.77811696,50.57251767
No,43.13672419,0,9660,0.529445758,41,3,West,64.89258593,44.15672419
No,32.62006217,0,14779,0.492489361,64,3,Eastern Islands,40.5571843,33.64006217
No,51.4644315,0,8154,0.545196031,51,4,Eastern Islands,50.04686327,52.4844315
No,54.93518112,0,4660,0.491836079,56,4,Eastern Islands,48.46013768,55.95518112
No,57.33925192,0,554,0.482222882,43,4,Northern Rim,55.81125852,58.35925192
No,37.77329448,0,8864,0.471587801,67,3,West,54.23805119,38.79329448
No,40.87112607,0,14874,0.497242548,45,4,Northern Rim,67.43029127,41.89112607
No,57.54162461,0,11557,0.513311597,30,4,Northern Rim,53.14037531,58.56162461
No,49.75709862,0,13564,0.530592975,40,4,West,63.74320705,50.77709862
No,66.90143772,1,12138,0.520176102,31,2,Eastern Islands,73.26615079,67.92143772
No,56.1843667,0,6359,0.512190818,43,5,Northern Rim,56.27909544,57.2043667
No,50.33538916,0,11290,0.506156543,27,3,Northern Rim,51.85665731,51.35538916
No,61.56493186,0,6829,0.526455248,69,4,Northern Rim,58.8760726,62.58493186
No,44.93282593,0,4273,0.524887117,45,4,West,49.85658458,45.95282593
No,37.06041191,0,6319,0.515698868,74,3,Northern Rim,67.16284679,38.08041191
No,53.11461082,0,6065,0.562465328,39,3,Northern Rim,61.60280044,54.13461082
No,46.77403876,1,4483,0.533602054,32,4,Eastern Islands,44.46198796,47.79403876
No,50.88971008,0,12381,0.496364316,35,6,West,57.51811016,51.90971008
No,40.22121841,0,11173,0.512543276,40,4,West,53.43638744,41.24121841
No,37.60652399,0,13488,0.532113576,49,2,West,62.4904367,38.62652399
No,50.97013205,0,5424,0.521799188,66,5,West,60.96481419,51.99013205
No,45.24185671,0,10174,0.513217036,48,5,Eastern Islands,59.21402548,46.26185671
No,46.18044409,1,7469,0.530513338,37,5,Northern Rim,72.40151608,47.20044409
No,48.75570663,0,12824,0.5225512,26,4,West,56.89247621,49.77570663
No,54.08058471,0,15484,0.503928473,32,4,Northern Rim,59.08954025,55.10058471
No,46.88475442,0,12033,0.541209034,37,3,Northern Rim,53.98187729,47.90475442
No,54.58323717,1,3643,0.513135771,70,5,Eastern Islands,55.24103966,55.60323717
No,46.76225452,0,14893,0.524342413,64,3,West,59.51826232,47.78225452
No,48.51705068,0,10685,0.531263984,27,2,Eastern Islands,66.77132023,49.53705068
No,42.40865306,0,3323,0.474356429,39,3,West,54.30982682,43.42865306
No,46.14383495,0,7731,0.539489077,40,4,Northern Rim,55.73780114,47.16383495
No,39.99507755,1,2708,0.515808074,30,3,Northern Rim,63.4713614,41.01507755
No,47.79179753,0,20404,0.49544839,24,6,West,62.4048563,48.81179753
No,57.59863203,0,16700,0.524479988,35,5,West,56.14362701,58.61863203
No,46.52261455,0,13093,0.523980304,36,3,Eastern Islands,55.32886953,47.54261455
No,57.40265914,0,9756,0.524620658,46,3,Northern Rim,51.25366678,58.42265914
No,43.98070562,0,5512,0.51342008,59,6,Northern Rim,47.71275862,45.00070562
No,64.9502267,0,2821,0.501843616,55,3,Eastern Islands,56.53859045,65.9702267
No,53.34461342,0,12448,0.467610744,23,6,Northern Rim,67.02089681,54.36461342
No,47.3224447,1,6939,0.510355058,82,3,Eastern Islands,61.28148916,48.3424447
No,51.75111422,0,5634,0.486427264,43,4,West,62.24789706,52.77111422
No,45.46709493,0,11975,0.490528702,65,3,Northern Rim,63.57876815,46.48709493
No,55.96115725,0,9777,0.527958595,52,6,Northern Rim,49.09377664,56.98115725
No,66.43511291,0,9045,0.488697905,52,4,West,52.12374921,67.45511291
No,47.43515036,0,4048,0.497767997,40,2,Eastern Islands,67.43301347,48.45515036
No,47.20585047,1,9880,0.498198512,53,4,Northern Rim,66.91043307,48.22585047
No,54.52815559,0,12532,0.519581342,42,4,Northern Rim,53.6297862,55.54815559
No,43.68233496,0,5879,0.508028206,73,3,Eastern Islands,60.31881243,44.70233496
No,51.32622447,0,5441,0.483554578,28,3,Northern Rim,62.30444361,52.34622447
No,46.10820858,0,12439,0.538166959,18,5,West,61.85175301,47.12820858
No,59.35059233,0,8278,0.461121207,40,5,West,67.42461301,60.37059233
No,50.43776396,0,13342,0.511484577,18,5,Northern Rim,59.56846169,51.45776396
No,36.56551553,0,10998,0.548599096,43,3,Northern Rim,62.1295921,37.58551553
No,47.32359993,0,6970,0.519563242,69,3,Eastern Islands,60.7893281,48.34359993
No,58.02953716,0,15596,0.526060582,35,4,Eastern Islands,62.6551162,59.04953716
No,57.50202507,0,12688,0.511154824,61,3,Eastern Islands,46.16677927,58.52202507
No,50.17461526,0,8029,0.516847889,18,4,Northern Rim,74.37635294,51.19461526
No,49.59854769,0,18595,0.52891361,62,5,Northern Rim,57.45810814,50.61854769
No,39.88246374,0,8064,0.518257479,53,5,Eastern Islands,60.54729464,40.90246374
No,62.78281247,0,6608,0.50933182,42,4,Eastern Islands,45.51530677,63.80281247
No,59.08789124,0,11488,0.523999528,58,5,West,54.39974784,60.10789124
No,58.5808075,0,6273,0.525163817,28,3,Northern Rim,50.78154743,59.6008075
No,52.7708548,0,12595,0.536228712,32,3,West,73.20417644,53.7908548
No,53.57378242,0,9791,0.472725589,29,3,West,61.72924817,54.59378242
No,52.32428031,0,860,0.504637956,47,3,Northern Rim,45.81234655,53.34428031
No,55.65473906,1,10429,0.530049155,35,3,Northern Rim,58.80820957,56.67473906
No,49.28668256,0,5704,0.543977331,37,3,Northern Rim,56.38423257,50.30668256
No,59.63126324,0,11207,0.522936365,35,4,Eastern Islands,63.79381742,60.65126324
No,43.55100922,0,10326,0.490471434,42,4,Northern Rim,58.67557429,44.57100922
No,40.68011149,0,5039,0.499874898,30,3,Northern Rim,57.89646489,41.70011149
No,58.44787416,0,8505,0.482937643,57,4,Northern Rim,68.44232615,59.46787416
No,53.2869273,0,9309,0.447775251,52,3,West,54.07222954,54.3069273
No,35.11030586,0,10405,0.484810038,28,4,Northern Rim,57.57463436,36.13030586
No,55.02600308,0,4960,0.488392575,44,5,West,55.39629373,56.04600308
No,47.02111965,0,11400,0.512661542,28,4,West,52.85960431,48.04111965
No,36.46772481,0,10762,0.503076983,52,3,West,65.33962271,37.48772481
No,56.74529737,0,4819,0.54833074,38,1,Northern Rim,66.90330621,57.76529737
No,35.65950593,0,7787,0.521619849,33,4,Eastern Islands,58.83963601,36.67950593
No,60.01741657,0,9286,0.506198182,58,1,Eastern Islands,65.40236844,61.03741657
No,46.88727627,0,11697,0.502887583,47,3,Eastern Islands,64.14744815,47.90727627
No,48.01130269,0,5896,0.473624946,42,3,West,53.97361101,49.03130269
No,71.8453738,0,3580,0.503427726,18,2,West,64.47389786,72.8653738
No,62.63771221,0,8017,0.527067556,46,2,Eastern Islands,53.67794815,63.65771221
No,51.61877145,0,2733,0.487232099,45,3,Northern Rim,61.86749681,52.63877145
No,33.28182796,0,8108,0.485366042,37,3,Northern Rim,48.79893611,34.30182796
No,58.87348611,0,5741,0.508887403,35,3,Northern Rim,58.3188907,59.89348611
No,51.98295516,0,9193,0.496112476,27,4,Eastern Islands,56.81924585,53.00295516
No,39.96340324,0,10472,0.524619621,22,5,Eastern Islands,45.54084914,40.98340324
No,29.66968649,0,12286,0.504852552,57,5,Eastern Islands,52.18748313,30.68968649
No,65.78497861,0,9656,0.492329017,33,3,Northern Rim,58.8305831,66.80497861
No,51.47298172,0,14575,0.495172693,31,3,West,69.27500501,52.49298172
No,48.60128271,0,12049,0.543113115,24,4,West,58.23599398,49.62128271
No,35.80876043,0,10173,0.504562391,28,2,Northern Rim,61.81519205,36.82876043
No,43.12946462,0,8281,0.502543504,45,4,Northern Rim,52.74086314,44.14946462
No,47.64731189,0,13130,0.515015709,46,4,Eastern Islands,61.2363185,48.66731189
No,73.20713631,0,7887,0.516822412,39,4,Eastern Islands,60.73008422,74.22713631
No,45.82293382,0,9032,0.512505637,49,4,Northern Rim,60.01764352,46.84293382
No,55.99689161,0,12505,0.503978024,35,5,Northern Rim,57.66299937,57.01689161
No,45.1547978,0,7065,0.489848772,29,3,Northern Rim,53.28736132,46.1747978
No,56.43951335,0,9671,0.509801069,36,4,Northern Rim,58.84099101,57.45951335
No,50.21323365,0,8059,0.507676075,18,3,West,60.96248077,51.23323365
No,44.03885089,1,8362,0.540724589,43,2,Eastern Islands,55.7233687,45.05885089
No,51.38877757,0,14344,0.500494265,48,4,Eastern Islands,61.51452764,52.40877757
No,45.31556703,0,2912,0.510277856,36,3,Eastern Islands,47.98658033,46.33556703
No,52.80514065,0,14132,0.504437979,35,3,Eastern Islands,63.22005345,53.82514065
No,57.40469439,0,6947,0.503927769,50,5,West,52.00093901,58.42469439
No,47.17055492,1,15408,0.523579564,28,3,Eastern Islands,63.85028996,48.19055492
No,38.19591038,0,9589,0.508871027,42,3,West,57.34068112,39.21591038
No,50.36311057,0,10578,0.507529599,40,1,Eastern Islands,72.77314145,51.38311057
No,50.87310486,0,14457,0.510040672,18,4,Eastern Islands,61.82380002,51.89310486
No,45.87472124,0,6976,0.544523018,45,4,Eastern Islands,59.7486678,46.89472124
No,48.32022486,0,7114,0.508713974,71,3,West,47.7830726,49.34022486
No,49.5204624,0,18711,0.524104285,57,5,West,58.03932998,50.5404624
No,48.96716289,0,13564,0.50597753,69,3,Northern Rim,59.3497891,49.98716289
No,51.18240778,0,11183,0.498550409,42,3,West,48.74815276,52.20240778
No,54.48615705,0,10052,0.496027403,71,4,Northern Rim,66.15011006,55.50615705
No,54.06212069,0,7928,0.490154981,25,2,Eastern Islands,59.43834339,55.08212069
No,60.3827997,0,11487,0.517868112,18,3,Eastern Islands,60.69645306,61.4027997
No,54.67506902,0,11624,0.500667916,26,4,Northern Rim,45.62213293,55.69506902
No,51.87876161,0,7904,0.500310137,45,4,Northern Rim,54.99658853,52.89876161
No,56.23422526,0,8954,0.463460339,35,6,Northern Rim,55.96298559,57.25422526
No,49.52855478,0,6776,0.491881419,33,4,West,57.39382913,50.54855478
No,50.23501145,0,12385,0.49318135,45,5,Eastern Islands,44.21033911,51.25501145
No,49.6488983,0,14401,0.545893651,43,5,Northern Rim,59.2294386,50.6688983
No,44.04239379,1,11296,0.519775137,40,3,West,53.07154245,45.06239379
No,58.74061218,0,15564,0.49987664,31,3,Eastern Islands,53.33387328,59.76061218
No,49.46712156,0,3667,0.502192619,43,3,Northern Rim,51.70467027,50.48712156
No,45.02452886,0,7265,0.505959357,52,2,West,58.64154482,46.04452886
No,47.11864578,0,16213,0.486723643,34,2,Eastern Islands,50.02427002,48.13864578
No,55.43307637,0,12455,0.517321031,36,3,Northern Rim,57.94755529,56.45307637
No,61.82738017,1,12061,0.515692192,54,5,Eastern Islands,55.43002939,62.84738017
No,47.68267386,0,6722,0.524067409,56,5,West,58.00122558,48.70267386
No,38.50992719,0,5381,0.496441667,29,4,Northern Rim,60.79878123,39.52992719
No,54.68452912,0,15150,0.535700067,42,3,Northern Rim,56.0494145,55.70452912
No,45.08843285,0,11695,0.529541417,38,4,Eastern Islands,47.26779577,46.10843285
No,53.2958361,1,9432,0.484064404,36,4,West,62.60027763,54.3158361
No,53.71082191,1,6545,0.532922464,26,3,West,53.59095662,54.73082191
No,44.83560683,0,12672,0.538819378,33,5,Eastern Islands,51.80047089,45.85560683
No,56.82605578,0,13744,0.500409948,54,3,Northern Rim,52.65654276,57.84605578
No,43.66414373,0,1811,0.512879875,27,3,West,57.70036603,44.68414373
No,58.58206179,0,10127,0.524060534,42,4,Northern Rim,48.83899633,59.60206179
No,48.38016493,0,10078,0.523046201,60,1,Eastern Islands,68.28854243,49.40016493
No,47.91986972,0,6654,0.512981845,25,4,Eastern Islands,55.57597725,48.93986972
No,71.50685388,0,14391,0.531121909,38,3,Northern Rim,61.80300258,72.52685388
No,67.06471736,0,6331,0.506421609,44,3,Northern Rim,51.5731956,68.08471736
No,55.19910174,0,20126,0.508928727,36,4,Northern Rim,57.88822415,56.21910174
No,59.40968489,0,9662,0.518975151,72,3,Eastern Islands,49.97007248,60.42968489
No,48.70388608,0,10541,0.532936068,45,5,West,48.31857839,49.72388608
No,59.26043786,0,7631,0.495820688,18,3,West,58.88881064,60.28043786
No,30.52869795,0,10551,0.504634781,27,2,Eastern Islands,73.11140685,31.54869795
No,55.4365892,0,13092,0.512014852,54,3,West,70.42751286,56.4565892
No,37.56927665,0,14675,0.515325049,57,4,Eastern Islands,57.1569855,38.58927665
No,48.4286649,0,3240,0.485762603,48,4,Northern Rim,55.23303929,49.4486649
No,57.02738049,0,9903,0.512950964,27,3,Eastern Islands,40.89215944,58.04738049
No,56.03520431,0,10483,0.518424523,42,3,Eastern Islands,51.12465974,57.05520431
No,45.24091574,0,13692,0.504907232,22,4,Eastern Islands,60.29336104,46.26091574
No,57.13478303,0,19550,0.539407107,27,5,Northern Rim,72.36881444,58.15478303
No,70.96748762,0,9824,0.541743808,39,4,West,51.05867209,71.98748762
No,56.21345641,0,9628,0.503229707,48,3,Eastern Islands,52.92502234,57.23345641
No,43.69467977,1,12604,0.516673354,67,4,West,47.46889279,44.71467977
No,45.35617486,0,15996,0.480296206,49,4,Northern Rim,48.01709942,46.37617486
No,62.59164491,0,7584,0.502063182,18,4,Eastern Islands,54.75923786,63.61164491
No,55.86723569,0,9064,0.450455789,46,4,Northern Rim,54.29646498,56.88723569
No,60.39492491,0,10311,0.487413818,45,6,Eastern Islands,61.33939848,61.41492491
No,60.6356168,0,13784,0.521269723,28,5,Northern Rim,49.90610899,61.6556168
No,49.95042223,0,9802,0.520605454,27,3,West,47.28987442,50.97042223
No,46.15362097,0,7225,0.503413801,18,5,West,48.18347482,47.17362097
No,53.38291332,0,9279,0.485291856,33,5,Eastern Islands,49.70269604,54.40291332
No,55.32813179,0,2903,0.48173752,41,4,Northern Rim,64.44373064,56.34813179
No,60.82104222,0,13527,0.512696787,57,3,Northern Rim,61.14050734,61.84104222
No,44.09562591,0,12486,0.510248418,28,1,Northern Rim,55.91098845,45.11562591
No,47.48993737,0,6214,0.492976049,18,4,Northern Rim,51.17498375,48.50993737
No,56.84015286,0,6018,0.511733991,38,4,West,65.18819798,57.86015286
No,43.37861452,0,8330,0.499891221,18,4,Northern Rim,61.84788727,44.39861452
No,57.05103332,0,7136,0.479412924,43,4,West,56.43861435,58.07103332
No,54.22233662,0,7051,0.491884556,78,5,Eastern Islands,52.58517047,55.24233662
No,64.79411862,0,15555,0.547421882,42,3,Eastern Islands,55.14679342,65.81411862
No,52.50866974,0,16133,0.496007612,72,4,Eastern Islands,55.33685674,53.52866974
No,47.40886248,0,17022,0.522597815,45,2,Eastern Islands,59.23231651,48.42886248
No,58.83672418,0,10698,0.534358128,39,5,Eastern Islands,55.15390504,59.85672418
No,45.83338322,0,15942,0.483766084,22,4,Northern Rim,57.07764287,46.85338322
No,53.41722119,0,13307,0.494583854,69,3,Eastern Islands,51.06985991,54.43722119
No,47.8975057,0,13301,0.514384756,33,3,Northern Rim,55.693675,48.9175057
No,69.31943104,0,17518,0.537163686,61,5,Eastern Islands,58.12426409,70.33943104
No,48.24755179,0,7545,0.527235198,53,5,Northern Rim,51.02082203,49.26755179
No,51.8054698,0,11209,0.50558244,34,3,Eastern Islands,51.40163641,52.8254698
No,44.63311397,0,7200,0.518824268,47,3,West,67.39386697,45.65311397
No,49.32442911,0,7507,0.525295052,36,5,Northern Rim,50.82662907,50.34442911
No,53.05014452,0,4325,0.520960466,25,6,Eastern Islands,50.18783338,54.07014452
No,60.43798422,0,13408,0.525099778,37,3,West,64.94120772,61.45798422
No,35.46436761,0,13126,0.506841046,38,3,Eastern Islands,44.35799895,36.48436761
No,66.46000495,1,11021,0.505058158,27,5,Eastern Islands,59.17812638,67.48000495
No,38.15570419,0,3467,0.513664752,62,3,West,66.46391548,39.17570419
No,61.92923912,1,9184,0.543466764,34,3,Northern Rim,49.71856222,62.94923912
No,36.365408,0,11087,0.528335745,56,4,Northern Rim,58.20283486,37.385408
No,58.49234141,0,14230,0.516024709,41,2,Eastern Islands,60.16088374,59.51234141
No,61.71926648,1,2917,0.509833173,40,3,Eastern Islands,54.71776137,62.73926648
No,53.81364936,0,4260,0.510888543,19,3,West,57.32481304,54.83364936
No,48.93932594,0,15612,0.514344113,37,3,West,49.00597923,49.95932594
No,37.73486144,0,3602,0.499125499,44,3,West,59.97105726,38.75486144
No,71.12465836,0,3749,0.536240559,52,4,Eastern Islands,61.24150179,72.14465836
No,37.79696846,0,8485,0.486937697,38,4,West,73.41574454,38.81696846
No,48.71328089,0,11230,0.494442317,67,3,West,61.0219413,49.73328089
No,60.05393325,0,4987,0.533441562,40,4,Eastern Islands,51.34859901,61.07393325
No,57.58743206,0,9841,0.512707163,37,4,West,41.06427801,58.60743206
No,59.49382563,0,5274,0.517900296,39,3,Northern Rim,54.63302639,60.51382563
No,50.24861664,0,11319,0.47852537,23,5,West,53.51529243,51.26861664
No,51.48913519,0,9124,0.5258215,42,3,Northern Rim,53.18034882,52.50913519
No,70.7104774,0,15585,0.509612306,28,1,West,49.20008173,71.7304774
No,55.71355838,0,11250,0.522510009,50,1,Eastern Islands,52.98891959,56.73355838
No,53.88196895,0,5140,0.49698562,47,4,Northern Rim,56.49779557,54.90196895
No,36.30808235,0,2470,0.522241153,43,3,Eastern Islands,51.12605747,37.32808235
No,57.96587619,0,12262,0.515880732,40,2,Eastern Islands,44.33583929,58.98587619
No,58.82861308,0,9330,0.498482154,74,4,Eastern Islands,48.72035946,59.84861308
No,54.20142268,0,11954,0.495103045,30,2,Northern Rim,54.33203789,55.22142268
No,58.16980868,0,8526,0.52350295,37,3,West,48.13934253,59.18980868
No,49.48149412,0,15816,0.516905844,46,5,West,63.10780877,50.50149412
No,50.36313564,1,4825,0.537092055,43,4,Northern Rim,51.19069488,51.38313564
No,60.68378933,0,10072,0.476454734,29,5,Eastern Islands,53.15478713,61.70378933
No,49.82741725,0,8381,0.50004516,40,2,West,55.50606261,50.84741725
No,53.58094267,0,9113,0.490329674,55,4,West,51.05339446,54.60094267
No,53.58851798,0,14272,0.522549988,52,5,West,67.386607,54.60851798
No,45.79226566,0,11211,0.480017086,18,3,Northern Rim,54.86210896,46.81226566
No,57.91091899,0,10829,0.51079641,41,4,Northern Rim,61.34452488,58.93091899
No,48.24564266,0,5224,0.53262425,46,4,Eastern Islands,59.66123043,49.26564266
No,52.86382907,0,3759,0.517347921,24,5,Eastern Islands,69.49539196,53.88382907
No,50.47580181,0,6841,0.506324976,28,4,Northern Rim,62.8173294,51.49580181
No,52.37787396,0,13917,0.487498385,20,3,West,63.22752043,53.39787396
No,41.6624871,0,16077,0.528031658,63,4,Northern Rim,63.65240172,42.6824871
No,60.04492345,0,17794,0.515775453,28,3,West,44.41631098,61.06492345
No,61.72799298,0,3254,0.543531077,67,5,Northern Rim,57.06226827,62.74799298
No,67.82812714,0,2646,0.526168677,33,5,Eastern Islands,42.95519582,68.84812714
No,72.06848515,0,6030,0.517138538,56,2,Eastern Islands,51.8026475,73.08848515
No,55.93541883,0,6070,0.496280341,18,1,Eastern Islands,54.36326979,56.95541883
No,57.50063377,0,14713,0.513653605,29,2,West,59.89002473,58.52063377
No,44.38358309,0,15304,0.494802864,34,3,West,54.58575269,45.40358309
No,62.2045367,1,9807,0.509949885,62,2,Northern Rim,56.62779445,63.2245367
No,40.30252558,0,15108,0.497321625,34,3,Northern Rim,57.42361704,41.32252558
No,48.67172303,1,4158,0.511239174,77,5,Northern Rim,56.86936232,49.69172303
No,53.65860593,0,13563,0.531899656,37,3,West,69.86729522,54.67860593
No,59.07305605,0,4718,0.51270868,18,4,Eastern Islands,66.24747691,60.09305605
No,44.52245415,0,9403,0.485941468,40,2,Eastern Islands,47.26056149,45.54245415
No,56.80540688,0,9867,0.511705936,51,4,Eastern Islands,66.93639335,57.82540688
No,66.97298331,1,9141,0.51317634,35,4,Northern Rim,64.08010651,67.99298331
No,53.13880297,0,11144,0.509545609,33,4,Eastern Islands,45.07639497,54.15880297
No,59.59226389,0,7250,0.507337556,25,5,Northern Rim,67.57170321,60.61226389
No,53.00391869,0,9733,0.516441366,58,4,Eastern Islands,44.36598772,54.02391869
No,43.19631251,0,9629,0.51680899,57,2,Eastern Islands,60.27070916,44.21631251
No,52.55992027,0,12261,0.517631633,33,3,Eastern Islands,47.92043728,53.57992027
No,60.11325499,1,3818,0.534331528,61,3,West,53.32482963,61.13325499
No,51.83631205,0,10880,0.494940075,27,4,West,49.03130305,52.85631205
No,51.67201972,0,8759,0.519401916,38,2,Northern Rim,61.80378662,52.69201972
No,52.81988566,0,13484,0.488801488,28,3,Northern Rim,63.7647705,53.83988566
No,50.67894301,0,15084,0.502854077,52,4,Northern Rim,55.42430658,51.69894301
No,46.042674,0,17124,0.51934202,72,4,Eastern Islands,52.91053364,47.062674
No,48.95868053,0,14044,0.508790315,55,2,Eastern Islands,51.82776136,49.97868053
No,53.02207255,0,13371,0.485145444,62,5,Northern Rim,52.98907906,54.04207255
No,57.32818381,0,5765,0.522618313,18,3,Northern Rim,69.93481981,58.34818381
No,38.02652493,0,9839,0.513698036,49,3,West,63.74757808,39.04652493
No,58.92518004,0,15159,0.488158854,63,4,West,64.44970297,59.94518004
No,64.06895851,0,6998,0.501521713,53,3,Northern Rim,58.15827483,65.08895851
No,37.45087753,0,20228,0.512636981,41,3,Eastern Islands,58.86730912,38.47087753
No,44.53147899,0,8170,0.505124716,28,4,Eastern Islands,60.86975309,45.55147899
No,44.15455937,0,6498,0.546069776,35,4,Eastern Islands,54.8038716,45.17455937
No,65.06189108,0,8093,0.531577707,32,5,Northern Rim,52.19971182,66.08189108
No,54.51119918,0,17716,0.501412617,27,3,Eastern Islands,49.299686,55.53119918
No,46.07554315,0,12874,0.503483371,31,6,Northern Rim,55.30955484,47.09554315
No,48.80119498,0,18133,0.497707224,57,4,West,57.91213775,49.82119498
No,49.14952056,0,11674,0.520948059,29,5,Northern Rim,58.93023443,50.16952056
No,39.98906111,0,8060,0.509077556,32,5,West,57.87491327,41.00906111
No,61.29380236,0,13354,0.569359908,28,5,Northern Rim,54.94453797,62.31380236
No,62.66102603,0,10033,0.532133095,32,4,Eastern Islands,56.17071686,63.68102603
No,56.20017624,0,16170,0.518154147,40,5,Northern Rim,56.32491946,57.22017624
No,44.00014876,0,12521,0.514783985,23,4,Northern Rim,55.51435995,45.02014876
No,46.92980581,0,9998,0.543547583,64,2,Eastern Islands,63.12241436,47.94980581
No,39.63618006,0,549,0.480835383,36,5,Northern Rim,65.232581,40.65618006
No,48.08943512,0,8594,0.495905641,52,2,West,60.80278243,49.10943512
No,58.02713357,0,741,0.528254115,47,4,Eastern Islands,62.51323199,59.04713357
No,58.21204911,0,19961,0.50207688,54,4,Northern Rim,66.15598308,59.23204911
No,55.11275353,0,14273,0.481642253,32,6,Northern Rim,57.75630285,56.13275353
No,68.12541546,0,10833,0.490980502,54,3,Eastern Islands,69.35689816,69.14541546
No,38.74531565,0,11450,0.507778518,22,2,Northern Rim,63.5627483,39.76531565
No,40.78967736,0,11730,0.505718797,45,3,West,51.52645361,41.80967736
No,49.90395661,0,6260,0.491799197,24,4,Northern Rim,51.85022773,50.92395661
No,56.2156247,0,7529,0.484796083,44,4,Eastern Islands,54.09130561,57.2356247
No,67.3955636,0,15351,0.522944946,43,4,West,62.73632863,68.4155636
No,61.90083621,1,12345,0.510728265,52,2,Eastern Islands,60.5338024,62.92083621
No,41.58029044,0,9057,0.529352277,31,3,Northern Rim,49.95826873,42.60029044
No,56.19450182,0,5709,0.508835257,75,3,West,50.85002458,57.21450182
No,43.72893497,1,14146,0.504802469,59,4,West,52.42480409,44.74893497
No,58.24955421,0,10752,0.491520739,48,3,Eastern Islands,38.37683947,59.26955421
No,54.3880337,0,4943,0.491026685,54,5,West,64.46921922,55.4080337
No,64.15548326,0,15229,0.528736766,55,2,Eastern Islands,56.58399855,65.17548326
No,50.39331283,0,12100,0.553752723,42,2,Eastern Islands,58.31352704,51.41331283
No,51.3004968,0,14312,0.525184009,51,2,West,71.40651685,52.3204968
No,52.8117548,1,12143,0.494447907,21,6,Eastern Islands,60.55670007,53.8317548
No,56.17764208,0,5066,0.496121896,55,3,Eastern Islands,56.77853366,57.19764208
No,52.82885285,0,11175,0.487238563,55,2,Eastern Islands,55.2312664,53.84885285
No,65.33827433,0,6173,0.521125107,31,3,Eastern Islands,55.03210922,66.35827433
No,46.92583365,0,13006,0.531098482,46,6,West,49.89134087,47.94583365
No,38.41794051,1,11607,0.487216816,34,3,Eastern Islands,52.26469798,39.43794051
No,49.57854161,0,6746,0.509206928,34,1,Northern Rim,54.17519156,50.59854161
No,43.74198818,0,10362,0.542353162,20,4,Northern Rim,49.27047039,44.76198818
No,55.38622303,1,4719,0.500026956,48,3,Eastern Islands,59.90560425,56.40622303
No,55.72733071,0,10630,0.523745979,28,3,West,69.63157948,56.74733071
No,58.99992293,0,11379,0.515797106,32,4,West,60.7612343,60.01992293
No,45.56564307,1,11521,0.50552958,44,4,West,62.54467729,46.58564307
No,72.67259802,0,8875,0.51717795,51,5,Eastern Islands,57.43063192,73.69259802
No,48.53467619,0,7341,0.495139756,62,3,West,60.30366201,49.55467619
No,63.51856061,0,6270,0.501182158,25,5,West,60.48508126,64.53856061
No,60.49172535,0,11177,0.521240269,37,4,Northern Rim,53.02862116,61.51172535
No,53.01812783,0,15229,0.471645233,31,3,West,52.95916137,54.03812783
No,55.85925557,0,14530,0.459128421,43,6,Northern Rim,60.5352596,56.87925557
No,62.96969772,0,10225,0.531017394,58,2,West,61.23836257,63.98969772
No,63.25666933,0,10018,0.476695891,37,2,Northern Rim,57.23446383,64.27666933
No,49.09574941,0,7250,0.491191757,48,3,Northern Rim,55.43428183,50.11574941
No,44.49473894,0,8567,0.505654202,27,3,Northern Rim,64.71840288,45.51473894
No,46.41340092,0,7871,0.523419797,21,1,Eastern Islands,55.68782128,47.43340092
No,54.17332346,0,11012,0.500245613,32,2,Northern Rim,59.0886641,55.19332346
No,47.31475233,0,13536,0.467822349,34,4,West,63.49210239,48.33475233
No,49.97122395,0,5441,0.501351174,61,2,West,54.65390784,50.99122395
No,54.61243157,0,11120,0.496035559,56,3,West,61.03476552,55.63243157
No,55.04050299,0,7891,0.528843823,50,4,Eastern Islands,67.44160391,56.06050299
No,56.68630128,0,4269,0.502798969,62,2,Eastern Islands,53.4006407,57.70630128
No,55.10637021,0,12666,0.516423008,53,5,West,54.26500269,56.12637021
No,51.14198476,0,5171,0.505994985,45,4,Eastern Islands,51.12087358,52.16198476
No,49.89004093,0,3445,0.517728265,62,3,West,62.67207336,50.91004093
No,56.88091098,1,11860,0.503611472,37,4,Eastern Islands,59.03276453,57.90091098
No,45.3521093,0,4150,0.479143368,28,3,Northern Rim,63.9679581,46.3721093
No,50.8717564,0,13304,0.533734358,38,4,Northern Rim,59.72061203,51.8917564
No,44.52737809,0,7847,0.527074369,32,5,Eastern Islands,61.74422729,45.54737809
No,41.93702391,0,6027,0.501128057,52,4,West,47.65367523,42.95702391
No,32.90446914,0,1503,0.501920795,49,2,West,64.39855917,33.92446914
No,49.34744138,0,15999,0.500624741,29,3,West,51.6867453,50.36744138
No,55.97134598,0,8955,0.497167293,46,2,Northern Rim,67.9237339,56.99134598
No,47.30726428,0,7703,0.514269597,56,4,Eastern Islands,59.52481323,48.32726428
No,53.16293751,0,7889,0.500774032,32,3,Eastern Islands,47.99187579,54.18293751
No,55.30610757,0,10576,0.524044616,48,4,Northern Rim,70.95984538,56.32610757
No,55.06121931,0,11881,0.521640742,44,3,Eastern Islands,47.51441285,56.08121931
No,57.82209168,0,11131,0.503918192,34,3,Northern Rim,58.3616149,58.84209168
No,56.67436992,0,9194,0.514133709,72,4,West,46.65764864,57.69436992
No,25.90880519,0,10958,0.526541105,73,4,West,52.61345806,26.92880519
No,59.1095158,0,13593,0.482950692,38,4,West,60.5758435,60.1295158
No,56.45662764,1,9731,0.498154425,20,5,West,59.235537,57.47662764
No,60.77028461,0,7727,0.497648066,61,4,Northern Rim,47.87215515,61.79028461
No,50.06357828,0,21007,0.5285159,31,3,Northern Rim,53.08642235,51.08357828
No,54.57517155,0,5860,0.483263333,44,5,Northern Rim,64.1491865,55.59517155
No,53.04572634,0,13139,0.498725815,61,4,Eastern Islands,55.27916941,54.06572634
No,61.72784008,0,14261,0.555071147,30,4,West,66.06306495,62.74784008
No,51.76515331,0,9880,0.478021814,38,5,West,54.0770668,52.78515331
No,53.7986225,0,12838,0.50409099,41,3,West,58.15066895,54.8186225
No,43.60639272,0,16422,0.480059986,44,4,Eastern Islands,56.46072566,44.62639272
No,47.46940111,0,9597,0.495291161,44,3,Northern Rim,56.26547398,48.48940111
No,48.07255212,0,6998,0.510099403,52,5,Eastern Islands,52.68224239,49.09255212
No,44.73900059,0,12126,0.481914465,50,3,Eastern Islands,53.56725545,45.75900059
No,41.81921454,0,1900,0.537449033,48,4,West,59.29990018,42.83921454
No,50.00010662,0,4364,0.554488847,20,2,West,68.79496562,51.02010662
No,47.85589795,0,6713,0.487003731,40,1,Northern Rim,73.62899268,48.87589795
No,41.0866744,0,11186,0.528698802,33,5,Northern Rim,55.48787767,42.1066744
No,61.71688965,0,17418,0.509641765,18,2,Eastern Islands,61.67332533,62.73688965
No,43.12130611,0,12591,0.485839387,30,3,West,56.00152163,44.14130611
No,54.42489901,0,14102,0.516085176,43,5,West,58.6677694,55.44489901
No,59.8580476,0,7784,0.514950578,57,2,Eastern Islands,62.09292793,60.8780476
No,58.73768505,0,11379,0.513650418,63,2,West,57.38761241,59.75768505
No,50.44529323,0,6627,0.510361145,41,3,Northern Rim,45.61838368,51.46529323
No,50.67184522,0,13889,0.510746576,35,3,Northern Rim,34.82061353,51.69184522
No,49.34017801,0,8903,0.506590642,44,4,Northern Rim,66.30214412,50.36017801
No,49.20771163,0,16946,0.514492112,37,2,Eastern Islands,57.18603634,50.22771163
No,41.52882147,0,4249,0.513137699,75,4,Eastern Islands,59.98773765,42.54882147
No,46.3588425,1,12626,0.505258911,28,3,West,57.81944788,47.3788425
No,46.33367519,0,6213,0.520315369,66,3,West,58.24295362,47.35367519
No,53.23849274,0,5448,0.510995062,26,5,West,69.72021945,54.25849274
No,56.09994195,0,9089,0.494645692,18,2,West,58.45863447,57.11994195
No,64.81815183,0,8721,0.498154329,59,3,Eastern Islands,62.40761511,65.83815183
No,63.04711721,0,12132,0.491298799,34,3,Eastern Islands,62.18233824,64.06711721
No,44.25317467,0,9212,0.55960946,56,3,Northern Rim,55.70214207,45.27317467
No,58.7563809,0,10001,0.525323017,29,4,West,54.52950776,59.7763809
No,59.58942217,0,12711,0.504200993,21,3,Northern Rim,56.54224184,60.60942217
No,55.80188639,0,9291,0.503255529,54,2,Northern Rim,49.67492151,56.82188639
No,47.68880775,0,13276,0.49496776,34,3,West,44.53220583,48.70880775
No,55.41215623,0,8751,0.491791521,79,4,Eastern Islands,57.50979717,56.43215623
No,35.23852212,0,1201,0.512872034,45,5,Eastern Islands,62.15060466,36.25852212
No,41.69741522,0,9107,0.535050744,48,3,Northern Rim,70.61302162,42.71741522
No,48.68077431,0,13966,0.507188455,32,5,Eastern Islands,59.61222202,49.70077431
No,68.83075934,0,4133,0.496248514,44,2,West,65.93411506,69.85075934
No,58.50982149,0,10853,0.49663572,60,4,Northern Rim,59.95535826,59.52982149
No,45.08706699,0,4044,0.501485439,74,3,West,53.99065743,46.10706699
No,56.99157787,0,7420,0.506074428,45,3,West,52.36782068,58.01157787
No,50.0801862,0,14668,0.528939918,37,4,Eastern Islands,60.30169319,51.1001862
No,53.77078505,0,13584,0.519554175,18,3,Northern Rim,63.03627337,54.79078505
No,49.70609897,0,15406,0.538249732,72,6,Eastern Islands,51.80065089,50.72609897
No,46.37225678,0,7211,0.483332758,37,3,West,55.30468607,47.39225678
No,55.69894047,0,7012,0.53046583,60,4,Northern Rim,62.49983227,56.71894047
No,68.9500085,0,15251,0.496552963,45,4,Eastern Islands,60.96710471,69.9700085
No,53.66515986,0,2739,0.509884269,54,3,Northern Rim,61.86223908,54.68515986
No,58.59432607,0,11002,0.484890672,34,3,Northern Rim,55.80021665,59.61432607
No,42.90312312,0,9485,0.528643066,24,3,West,65.36132524,43.92312312
No,45.16017322,0,8293,0.499355511,18,4,Eastern Islands,62.74890604,46.18017322
No,57.1198958,0,5001,0.533510485,54,4,Eastern Islands,70.20363081,58.1398958
No,54.51495974,0,13649,0.530179819,29,4,Northern Rim,51.1725877,55.53495974
No,55.97825229,0,16896,0.545348602,21,2,Eastern Islands,61.68494962,56.99825229
No,55.22467256,0,9004,0.505376455,47,4,Eastern Islands,49.44761526,56.24467256
No,55.55357426,0,5965,0.501969898,49,3,Northern Rim,56.80981728,56.57357426
No,56.66316048,0,10475,0.522207775,67,3,West,62.91888815,57.68316048
No,53.84455896,0,8794,0.496180103,52,5,Northern Rim,51.99010704,54.86455896
No,47.3294432,1,9286,0.481452891,38,3,Northern Rim,57.29983166,48.3494432
No,65.1511418,0,9962,0.499015,28,4,Northern Rim,47.17051026,66.1711418
No,33.56534429,0,7033,0.510496449,19,3,West,57.50714845,34.58534429
No,54.06286784,0,10093,0.476092021,26,3,West,67.32310978,55.08286784
No,57.29659219,0,7270,0.512653783,57,5,West,53.34788641,58.31659219
No,59.80632093,1,16269,0.53339293,18,4,Eastern Islands,41.85554624,60.82632093
No,52.64907866,0,9326,0.506427489,34,2,Eastern Islands,61.34482161,53.66907866
No,41.80157482,0,14093,0.532926325,35,5,West,54.9050695,42.82157482
No,50.93530449,0,8282,0.464865955,28,2,Northern Rim,52.82066339,51.95530449
No,58.88999037,1,10396,0.478774329,46,2,Eastern Islands,51.30307595,59.90999037
No,47.16772917,1,2505,0.525037086,39,4,West,48.40954188,48.18772917
No,41.37544476,0,15877,0.469724989,54,3,Eastern Islands,48.97975498,42.39544476
No,50.92189328,0,6411,0.532781578,43,1,Eastern Islands,63.31332557,51.94189328
No,50.09101789,0,6958,0.4898111,44,4,Northern Rim,60.85565186,51.11101789
No,46.91132973,0,10345,0.534535811,29,3,Northern Rim,67.3167581,47.93132973
No,59.46370607,0,689,0.520712434,39,4,Northern Rim,53.43058693,60.48370607
No,44.46285532,1,7406,0.509795951,43,3,Northern Rim,73.04544542,45.48285532
No,56.59968708,0,12283,0.503059704,21,3,Eastern Islands,67.25514326,57.61968708
No,63.90803728,0,3934,0.4894631,56,3,West,51.47499079,64.92803728
No,60.16722051,0,6614,0.503611768,60,4,West,65.56374323,61.18722051
No,49.95967025,0,8797,0.478973012,56,2,Northern Rim,61.51860206,50.97967025
No,55.90859203,0,10065,0.534616623,50,3,Northern Rim,65.7412536,56.92859203
No,36.1540802,0,13224,0.474356717,27,6,Eastern Islands,58.51685066,37.1740802
No,60.12826934,0,7834,0.500517967,46,4,Northern Rim,55.74656749,61.14826934
No,54.10276179,0,11555,0.524108984,28,4,Northern Rim,52.60584698,55.12276179
No,42.81940426,0,11663,0.532584545,49,3,West,52.06611776,43.83940426
No,34.21356918,0,8258,0.498053141,44,5,West,54.61314362,35.23356918
No,59.42545933,0,10656,0.474725865,40,2,Northern Rim,54.8961739,60.44545933
No,49.00584471,0,18700,0.508520676,49,3,Northern Rim,49.73274562,50.02584471
No,48.24256261,0,8396,0.515587265,19,3,Eastern Islands,55.61191443,49.26256261
No,53.06345576,0,12106,0.505316713,29,3,Eastern Islands,69.77278207,54.08345576
No,51.72739255,0,8662,0.459943478,70,4,Northern Rim,59.42997359,52.74739255
No,51.67481252,1,10879,0.487233004,26,4,Eastern Islands,49.54916917,52.69481252
No,49.56583824,0,9864,0.490999817,50,5,West,56.83583889,50.58583824
No,41.68830192,0,4764,0.5232426,26,5,Northern Rim,70.56132063,42.70830192
No,67.76742886,0,9019,0.549133528,32,4,Eastern Islands,46.34150927,68.78742886
No,46.77168254,0,4647,0.544661982,69,4,Eastern Islands,53.21345466,47.79168254
No,45.0790602,0,11640,0.495638544,44,4,Eastern Islands,59.37872026,46.0990602
No,67.79663998,0,7538,0.536827169,60,3,Eastern Islands,55.64963953,68.81663998
No,51.76345955,0,4523,0.491684068,28,4,West,63.5361782,52.78345955
No,49.09159928,0,12621,0.496304426,65,3,West,60.92136853,50.11159928
No,46.42716128,0,6023,0.508823133,23,3,Northern Rim,58.98828185,47.44716128
No,62.01307123,0,9313,0.50278076,49,4,Northern Rim,65.49262395,63.03307123
No,52.81872317,0,12415,0.52109635,41,5,Eastern Islands,55.13883031,53.83872317
No,43.70718952,0,7033,0.540388449,25,5,Eastern Islands,50.23105094,44.72718952
No,57.96235387,0,6809,0.484762766,18,5,Eastern Islands,71.73983594,58.98235387
No,53.86495705,0,9294,0.527855643,18,4,Eastern Islands,57.31057846,54.88495705
No,59.02982674,0,7053,0.543409996,42,3,Northern Rim,55.29863289,60.04982674
No,49.3231176,0,7808,0.506654593,52,5,Eastern Islands,51.07732954,50.3431176
No,70.99624844,0,5697,0.489875586,30,3,Northern Rim,46.97087737,72.01624844
No,42.58547296,0,14946,0.531110237,36,2,Eastern Islands,66.29678243,43.60547296
No,51.82379831,0,14737,0.553004903,45,4,West,63.76941544,52.84379831
No,54.15947382,0,8711,0.520349768,50,3,Eastern Islands,57.19754994,55.17947382
No,55.36516118,0,9177,0.50813345,34,5,Northern Rim,51.40525048,56.38516118
No,53.94363139,0,13909,0.503662575,51,3,Eastern Islands,50.20660784,54.96363139
No,48.13587871,1,3947,0.542341901,18,3,Northern Rim,57.24757785,49.15587871
No,47.25490141,0,7578,0.52877993,42,3,West,52.85851214,48.27490141
No,54.85734608,0,5904,0.523801412,18,3,West,50.62802793,55.87734608
No,47.09425646,0,10847,0.499849729,18,4,Eastern Islands,65.08054954,48.11425646
No,49.82114445,0,5346,0.489476157,86,3,Eastern Islands,66.40709615,50.84114445
No,47.85044851,0,10573,0.4970848,26,5,West,61.50210532,48.87044851
No,61.91084412,0,16882,0.466814989,51,4,Eastern Islands,64.19758092,62.93084412
No,44.9850125,0,6916,0.492875458,42,5,Eastern Islands,54.86470882,46.0050125
No,53.72917082,0,11797,0.510706313,49,3,Eastern Islands,68.61064187,54.74917082
No,44.20158064,0,6177,0.529887343,61,5,Northern Rim,50.96061722,45.22158064
No,62.19715398,0,14183,0.52128221,18,5,Northern Rim,43.46907807,63.21715398
No,54.63282617,0,11249,0.493526129,53,3,Northern Rim,60.76878537,55.65282617
No,42.82045008,0,10020,0.503192569,36,3,West,43.20973321,43.84045008
No,50.01285828,0,8018,0.50723218,18,5,Eastern Islands,65.07273856,51.03285828
No,43.17011812,0,12481,0.506556734,30,4,West,69.08024195,44.19011812
No,44.41125386,0,7493,0.505778041,27,5,West,50.14670069,45.43125386
No,62.27057858,0,3814,0.500942283,48,3,Eastern Islands,49.20691963,63.29057858
No,44.37244368,0,9527,0.541111386,22,5,West,54.00172157,45.39244368
No,57.05071212,0,11065,0.51902492,38,4,Eastern Islands,62.9897899,58.07071212
No,59.72830418,0,9129,0.486389452,60,5,West,59.15763422,60.74830418
No,41.01306879,1,14692,0.510012035,36,2,Northern Rim,59.57014115,42.03306879
No,48.5607265,0,8146,0.51732513,46,3,Northern Rim,59.04214894,49.5807265
No,47.97630561,0,14845,0.52619907,46,2,Northern Rim,53.92182264,48.99630561
No,48.81290799,0,6432,0.525251451,53,4,Eastern Islands,51.46652125,49.83290799
No,66.39381109,0,15794,0.524854519,31,4,West,45.39639323,67.41381109
No,48.76735776,0,12682,0.492652853,44,3,Northern Rim,54.38562389,49.78735776
No,30.25280929,0,13822,0.490160132,59,4,Northern Rim,54.14604494,31.27280929
No,40.74299044,0,11313,0.495698543,49,3,West,44.32251901,41.76299044
No,55.59283477,0,3128,0.509583339,46,4,Northern Rim,46.03647778,56.61283477
No,50.81529517,0,6361,0.536828929,21,3,Eastern Islands,53.38978001,51.83529517
No,78.0429573,0,8356,0.523220651,43,2,West,51.56708677,79.0629573
No,61.32423541,0,1779,0.503720044,47,4,West,50.94595997,62.34423541
No,45.94963369,0,9789,0.463189234,59,3,Eastern Islands,52.41400888,46.96963369
No,74.0099103,0,7950,0.506416681,38,5,Eastern Islands,70.46883903,75.0299103
No,60.48717437,1,10573,0.513983618,29,3,Northern Rim,68.51141652,61.50717437
No,59.39111405,0,11349,0.523696628,34,2,Northern Rim,57.34345241,60.41111405
No,59.3118963,0,8470,0.502240188,69,6,Northern Rim,54.81782373,60.3318963
No,35.63740514,0,4757,0.506969027,40,5,Northern Rim,52.15746008,36.65740514
No,43.21218371,0,12005,0.496604873,45,5,West,50.8648953,44.23218371
No,46.95332573,0,6605,0.521452903,48,3,Northern Rim,63.93655625,47.97332573
No,70.89062493,1,13346,0.511990385,28,4,West,45.22191293,71.91062493
No,70.99166909,0,7280,0.47550083,60,6,Eastern Islands,52.97695645,72.01166909
No,43.21237505,0,10808,0.525378503,35,3,West,53.52473905,44.23237505
No,44.6366097,1,8610,0.52985382,29,3,West,66.02475185,45.6566097
No,65.80508536,1,10900,0.521023422,35,4,Eastern Islands,62.96330937,66.82508536
No,46.24630563,0,8277,0.505119829,37,4,Northern Rim,47.51939172,47.26630563
No,56.96964913,0,13917,0.527047437,58,6,West,65.02129153,57.98964913
No,38.90835148,0,16694,0.525966836,31,4,West,51.14882002,39.92835148
No,39.32088543,0,4077,0.531010528,38,4,Eastern Islands,61.71738776,40.34088543
No,60.04396013,1,12019,0.504760249,52,2,Eastern Islands,63.53733454,61.06396013
No,53.62776316,0,7923,0.507985182,33,4,Eastern Islands,51.59125207,54.64776316
No,50.16464158,0,4472,0.518078356,18,4,Eastern Islands,64.50137884,51.18464158
No,41.05184902,0,2941,0.467394749,37,4,Eastern Islands,58.837878,42.07184902
No,39.37043908,0,10888,0.514892232,36,3,West,74.44568146,40.39043908
No,49.22319696,0,6955,0.48418102,19,2,West,50.41033231,50.24319696
No,48.67657223,0,4630,0.498825279,60,1,Northern Rim,49.45574285,49.69657223
No,40.14487272,0,9141,0.53309164,44,3,Northern Rim,58.19297042,41.16487272
No,52.82977503,0,15409,0.536539751,48,3,West,53.19511354,53.84977503
No,45.51225086,0,12084,0.508146498,19,4,Eastern Islands,52.14958555,46.53225086
No,61.73741874,0,15775,0.494068672,67,4,Northern Rim,60.49833145,62.75741874
No,48.66762899,0,12639,0.520967204,25,4,Eastern Islands,45.81898699,49.68762899
No,45.38068406,1,5082,0.526985363,58,2,West,55.29762307,46.40068406
No,39.55110447,0,9673,0.547336944,46,5,Eastern Islands,47.75305369,40.57110447
No,47.08686156,0,10726,0.493209946,69,2,Northern Rim,54.08105633,48.10686156
No,55.90599828,0,13356,0.496910898,30,4,Northern Rim,64.06795449,56.92599828
No,64.23720361,0,7478,0.509968085,52,3,West,46.07540098,65.25720361
No,56.97080122,0,9444,0.506456458,45,5,Northern Rim,62.62973312,57.99080122
No,43.42027351,0,9314,0.52065656,52,3,Eastern Islands,61.4194748,44.44027351
No,35.87485156,0,12474,0.500564974,57,4,West,50.77408998,36.89485156
No,48.49809357,0,9636,0.532595294,44,4,West,41.14053117,49.51809357
No,52.01803031,0,10578,0.482464605,36,5,Northern Rim,57.66678429,53.03803031
No,43.08076474,1,3996,0.506808266,51,3,Northern Rim,60.36091067,44.10076474
No,40.40550128,0,7573,0.525493976,56,6,Northern Rim,60.90635418,41.42550128
No,50.69209263,0,13501,0.506086738,47,3,Eastern Islands,64.89961274,51.71209263
No,52.9177094,0,6623,0.501147527,38,3,West,53.24429306,53.9377094
No,51.63016607,0,8665,0.504349682,53,4,Northern Rim,56.34573315,52.65016607
No,58.80549716,0,9605,0.489840374,53,5,Northern Rim,52.78364264,59.82549716
No,47.19203521,0,5281,0.499343847,48,4,West,61.44872021,48.21203521
No,48.48662749,0,13437,0.558152821,43,4,Eastern Islands,69.58380773,49.50662749
No,45.94500931,0,6005,0.519540547,44,4,West,53.13304022,46.96500931
No,49.46236104,0,10813,0.499150915,39,4,West,56.79308245,50.48236104
No,50.8626064,0,3596,0.510051382,49,3,Northern Rim,49.86589455,51.8826064
No,52.67239144,1,6419,0.493134903,51,3,West,54.6952402,53.69239144
No,69.20216372,0,16070,0.500261796,37,5,Northern Rim,65.64396147,70.22216372
No,53.71450032,0,2382,0.508657392,47,3,West,71.06503704,54.73450032
No,48.08761849,1,12673,0.530923776,37,6,Northern Rim,64.32566089,49.10761849
No,48.16098261,0,12876,0.531896818,47,4,West,61.77160844,49.18098261
No,55.58988564,0,9082,0.517040103,23,1,Northern Rim,58.00039433,56.60988564
No,51.13902083,0,100,0.498626514,56,4,Northern Rim,65.41087988,52.15902083
No,49.65252512,0,16128,0.512366458,61,5,Eastern Islands,62.11759858,50.67252512
No,42.48415782,0,10154,0.495168796,63,3,Eastern Islands,59.91674249,43.50415782
No,50.61263594,1,9699,0.514799368,36,2,Northern Rim,54.30783612,51.63263594
No,49.54560539,1,5073,0.502232593,26,5,Northern Rim,47.66494643,50.56560539
No,48.53475353,0,15583,0.492805989,46,3,West,62.42074463,49.55475353
No,64.34147033,0,12444,0.532099754,26,5,Eastern Islands,59.12057018,65.36147033
No,54.76154216,1,10057,0.505905086,70,4,Eastern Islands,62.50992564,55.78154216
No,47.26432097,0,9569,0.524686364,40,4,West,46.58191034,48.28432097
No,34.54625665,0,13059,0.543974815,40,2,Eastern Islands,48.83751632,35.56625665
No,47.84826763,0,14615,0.517710111,41,4,Eastern Islands,46.44492151,48.86826763
No,50.99690197,0,5319,0.488832303,53,3,Eastern Islands,59.35349463,52.01690197
No,43.59340982,0,9253,0.510842632,35,4,Eastern Islands,49.30780291,44.61340982
No,45.2725878,0,9018,0.537144602,53,2,Eastern Islands,74.13606329,46.2925878
No,53.36433567,0,19020,0.573921292,32,4,West,61.34491998,54.38433567
No,47.12098483,0,11013,0.489635463,45,4,Northern Rim,64.23258533,48.14098483
No,54.12090305,1,6863,0.50652627,32,4,Eastern Islands,58.53002444,55.14090305
No,57.44042881,0,12768,0.50615376,37,3,Eastern Islands,49.64395495,58.46042881
No,54.44523906,0,10166,0.546836027,58,3,Northern Rim,48.81095614,55.46523906
No,45.00987512,0,10620,0.509129981,24,3,Northern Rim,57.47585065,46.02987512
No,34.90083652,0,9042,0.50823205,18,2,Northern Rim,49.31198715,35.92083652
No,43.05014662,0,8763,0.530591975,49,3,Eastern Islands,72.60370191,44.07014662
No,42.83453268,0,5884,0.510175203,53,5,West,57.2050715,43.85453268
No,48.48000078,0,7864,0.522221444,56,2,Northern Rim,60.48167822,49.50000078
No,51.271462,0,1055,0.522473728,39,3,Northern Rim,58.95793058,52.291462
No,47.35664105,0,8716,0.523915221,32,5,Northern Rim,60.74515437,48.37664105
No,54.68797548,0,11464,0.514177291,29,3,Eastern Islands,47.51569423,55.70797548
No,47.01871676,0,8197,0.536295139,34,3,Eastern Islands,53.13387863,48.03871676
No,70.57931154,0,11403,0.492387693,48,4,Eastern Islands,49.04795518,71.59931154
No,45.42257603,0,21282,0.519958404,47,3,Eastern Islands,59.28204892,46.44257603
No,48.92165915,0,9426,0.512828916,62,4,Northern Rim,60.22061518,49.94165915
No,44.56649384,0,6493,0.512588609,28,3,Eastern Islands,51.7015192,45.58649384
No,50.6093295,0,10930,0.496265696,40,4,West,48.07046287,51.6293295
No,57.7614351,0,8727,0.507030525,54,4,Eastern Islands,44.58211317,58.7814351
No,34.17063952,0,18143,0.555178468,26,1,West,52.23356543,35.19063952
No,50.54325602,0,10428,0.500165933,34,3,Eastern Islands,57.12635978,51.56325602
No,43.42880288,0,9679,0.514225724,40,5,Eastern Islands,57.58197175,44.44880288
No,45.6445011,0,5317,0.518544873,21,3,West,58.96193792,46.6645011
No,35.2446749,1,8605,0.503991915,54,4,West,55.79355107,36.2646749
No,46.03065271,0,8095,0.526296899,44,5,Northern Rim,51.86777279,47.05065271
No,47.15901996,0,7884,0.520514182,20,3,Northern Rim,44.78804618,48.17901996
No,47.18552281,0,6370,0.499991461,48,3,Northern Rim,46.33906855,48.20552281
No,58.9363204,0,10793,0.4861597,52,4,Eastern Islands,56.43878675,59.9563204
No,62.88306453,0,11294,0.506093002,27,4,Eastern Islands,53.90970156,63.90306453
No,48.03028532,1,9221,0.521506971,64,4,Northern Rim,65.65674975,49.05028532
No,51.16374253,0,9737,0.489392436,41,4,West,51.68281898,52.18374253
No,49.66276104,1,13224,0.524595227,39,5,West,60.69647371,50.68276104
No,48.6937208,0,15695,0.531360213,54,3,West,55.99331271,49.7137208
No,49.7057622,0,11812,0.539059352,45,5,West,54.82027898,50.7257622
No,49.04095368,0,100,0.51006915,18,2,Eastern Islands,55.31869336,50.06095368
No,48.7254543,0,7184,0.508047619,18,3,Eastern Islands,70.95527184,49.7454543
No,58.58497562,0,5953,0.516510558,38,5,Eastern Islands,59.28832777,59.60497562
No,48.43214254,0,10122,0.505833442,49,4,Eastern Islands,57.1586047,49.45214254
No,49.02805487,1,10411,0.494291904,35,3,Eastern Islands,79.17815782,50.04805487
No,47.83751307,0,13869,0.517295339,55,3,Northern Rim,56.61665589,48.85751307
No,49.13766362,0,6187,0.509574809,52,5,West,50.66475946,50.15766362
No,42.77225606,0,11614,0.500109,85,3,Northern Rim,54.40738476,43.79225606
No,55.07400597,0,13305,0.519559164,23,3,West,51.93854189,56.09400597
No,48.38346608,0,11496,0.537782653,25,3,Eastern Islands,59.17244203,49.40346608
No,43.09784454,0,13008,0.485759206,38,3,West,62.04985232,44.11784454
No,60.40484626,0,17366,0.519062707,60,3,West,56.87582432,61.42484626
No,45.06015035,1,10975,0.515465037,53,4,Northern Rim,59.43708597,46.08015035
No,42.1028235,0,14557,0.525582042,35,5,Eastern Islands,57.657318,43.1228235
No,43.68917433,0,11430,0.493925294,69,3,West,59.13417511,44.70917433
No,47.46799641,0,3990,0.491193075,18,3,Eastern Islands,62.52213976,48.48799641
No,52.26142319,1,11856,0.53796646,60,3,Eastern Islands,50.41740593,53.28142319
No,47.52875306,0,5009,0.486816286,42,3,Northern Rim,50.73464638,48.54875306
No,61.08416623,0,9433,0.501354277,37,4,Eastern Islands,42.58392131,62.10416623
No,52.08492159,0,8406,0.486850727,35,2,West,58.88664594,53.10492159
No,46.5017875,0,10535,0.486867959,71,2,Northern Rim,69.65215187,47.5217875
No,37.6978619,0,14596,0.533478012,66,4,Eastern Islands,59.30897433,38.7178619
No,54.909459,0,11866,0.538896456,18,3,Northern Rim,55.19488101,55.929459
No,52.64399045,0,17456,0.52278738,54,5,Eastern Islands,55.09986226,53.66399045
No,50.1952591,0,11698,0.507638832,32,3,Northern Rim,53.2403754,51.2152591
No,49.34606431,0,10936,0.497643533,35,4,West,60.58672686,50.36606431
No,60.33710185,0,7878,0.519441898,28,2,West,54.07311287,61.35710185
No,46.43219866,1,6156,0.503317427,44,3,West,61.4643347,47.45219866
No,46.95669478,0,9311,0.491612883,47,4,West,50.11258776,47.97669478
No,46.25914689,0,11557,0.496385572,18,2,Northern Rim,60.27193439,47.27914689
No,43.27152918,0,9504,0.470375551,37,5,Eastern Islands,52.7276544,44.29152918
No,42.48428361,0,9116,0.491651475,32,4,West,60.57959439,43.50428361
No,63.85019945,0,5856,0.523777583,18,4,Eastern Islands,62.29616046,64.87019945
No,38.39399947,0,10263,0.509492246,59,5,West,65.51982925,39.41399947
No,55.90071781,1,3114,0.50372332,42,3,Eastern Islands,53.23380037,56.92071781
No,58.95179891,0,11600,0.499814642,48,5,Northern Rim,57.1912809,59.97179891
No,60.95828243,0,8028,0.513999047,47,2,Eastern Islands,50.9976014,61.97828243
No,59.7125198,0,12192,0.512363969,49,2,Eastern Islands,59.91287776,60.7325198
No,58.72760992,0,18124,0.511270846,48,4,Eastern Islands,58.77074887,59.74760992
No,60.82741621,0,8140,0.535781195,39,4,Northern Rim,58.89567838,61.84741621
No,51.43105698,0,8980,0.525376314,45,4,Eastern Islands,62.80690932,52.45105698
No,39.77271568,1,15908,0.52904141,18,4,Northern Rim,49.80200597,40.79271568
No,50.23012648,0,11129,0.49591421,29,3,Northern Rim,54.87252899,51.25012648
No,45.2667347,0,11313,0.522568307,41,4,West,50.45795199,46.2867347
No,48.16925909,0,9049,0.524763171,64,4,Northern Rim,57.32173845,49.18925909
No,46.63921848,0,12765,0.508743353,26,4,West,56.77183556,47.65921848
No,53.3625293,0,16381,0.527960686,18,2,Northern Rim,61.34983498,54.3825293
No,64.53628549,0,8838,0.503901718,27,3,Eastern Islands,43.72357937,65.55628549
No,40.98686586,0,18597,0.506307314,36,4,Northern Rim,60.23011744,42.00686586
No,37.79570721,0,9617,0.495468289,56,3,Eastern Islands,62.05356127,38.81570721
No,47.38097522,0,10305,0.50540005,51,4,Northern Rim,50.89135341,48.40097522
No,50.39331133,0,8497,0.488948643,21,4,Northern Rim,51.45111884,51.41331133
No,65.47566537,0,8267,0.528809976,18,3,West,62.66344725,66.49566537
No,46.34051918,0,8625,0.526112784,30,3,West,65.00861847,47.36051918
No,40.16914318,0,3791,0.482711356,18,3,West,56.73158617,41.18914318
No,67.21775965,0,7829,0.514792342,26,5,Northern Rim,44.31356939,68.23775965
No,44.8262983,1,18877,0.499280747,37,3,Northern Rim,57.40886358,45.8462983
No,45.39854095,0,9277,0.511982734,25,5,West,55.00928698,46.41854095
No,60.02096579,0,15000,0.554032026,34,3,West,38.88299493,61.04096579
No,47.80220501,0,17532,0.544231612,49,5,Eastern Islands,65.65478306,48.82220501
No,51.8659059,0,11862,0.501582685,47,4,Eastern Islands,52.83919253,52.8859059
No,65.77082984,0,13146,0.515751531,69,5,Northern Rim,54.55547865,66.79082984
No,47.36285961,0,7753,0.496063596,20,3,Eastern Islands,56.56217864,48.38285961
No,48.87775404,0,8611,0.497184514,18,4,Northern Rim,63.48063486,49.89775404
No,55.80234934,0,5204,0.500604489,64,3,Eastern Islands,54.20774882,56.82234934
No,50.89493689,1,14389,0.511744849,29,3,Northern Rim,61.22850124,51.91493689
No,46.28030675,0,100,0.523755549,43,4,West,44.78376515,47.30030675
No,49.29341954,0,6980,0.55012279,34,5,West,64.53927878,50.31341954
No,41.80482457,0,6000,0.572382925,47,2,Northern Rim,61.96938028,42.82482457
No,54.36204185,0,12181,0.530999702,48,5,West,53.34459627,55.38204185
No,48.93671333,0,12945,0.472940925,23,2,West,63.59041869,49.95671333
No,51.30118179,0,13124,0.491349211,50,3,Eastern Islands,51.03407148,52.32118179
No,68.51295759,0,4212,0.531356515,52,3,Eastern Islands,66.58265292,69.53295759
No,68.74498311,0,2834,0.524356856,59,5,Northern Rim,54.09293708,69.76498311
No,57.59795794,0,8796,0.545771071,35,5,Eastern Islands,42.71228296,58.61795794
No,52.02407991,0,9481,0.521096103,56,5,Eastern Islands,48.80043874,53.04407991
No,51.18153983,0,11531,0.530595876,22,3,West,64.2171697,52.20153983
No,47.18297763,0,13309,0.46112644,52,4,West,70.8409113,48.20297763
No,47.61224482,0,8191,0.493764348,54,3,Northern Rim,61.20380521,48.63224482
No,46.80968161,1,12912,0.490315285,39,3,Northern Rim,53.69282635,47.82968161
No,50.46892721,0,13747,0.520426528,28,5,Northern Rim,40.53585575,51.48892721
No,59.43930577,1,3996,0.517110121,32,2,West,58.07189227,60.45930577
No,50.93697629,0,13530,0.506627913,18,3,Northern Rim,57.71431795,51.95697629
No,61.19666069,0,2527,0.540188306,33,2,Eastern Islands,62.47951786,62.21666069
No,45.72547613,1,6036,0.500272825,29,4,West,64.29675491,46.74547613
No,58.84281716,0,8021,0.512659011,18,3,Eastern Islands,49.65077689,59.86281716
No,52.26845311,0,15210,0.503124997,35,4,Northern Rim,69.73140858,53.28845311
No,55.91252918,0,9319,0.499285227,58,3,Northern Rim,63.70484995,56.93252918
No,50.77596956,0,13825,0.518354416,34,4,Northern Rim,62.98477618,51.79596956
No,68.82797256,0,8491,0.510176714,28,4,West,61.30928432,69.84797256
No,47.91897673,0,17327,0.521304875,40,3,Eastern Islands,63.89919485,48.93897673
No,45.34386655,0,6799,0.514659767,59,4,Northern Rim,69.29496526,46.36386655
No,63.27690137,0,10498,0.50055262,41,3,Eastern Islands,46.11244077,64.29690137
No,51.11207523,0,8194,0.510156935,38,3,West,60.60137876,52.13207523
No,47.10879572,0,3169,0.523789152,49,4,Northern Rim,70.73071212,48.12879572
No,58.38700303,0,7031,0.560010181,18,3,Eastern Islands,39.31457731,59.40700303
No,44.43407169,0,12693,0.511237767,36,4,West,57.53886709,45.45407169
No,50.14652511,0,8977,0.51218017,29,3,Northern Rim,70.40075032,51.16652511
No,55.46481841,0,7832,0.498992921,40,3,Northern Rim,47.59338546,56.48481841
No,69.65880658,0,14902,0.49153015,58,3,Eastern Islands,49.52425824,70.67880658
No,52.66106831,0,8051,0.53905928,64,1,West,49.45465673,53.68106831
No,58.51877544,0,9774,0.519017485,43,5,West,68.28293026,59.53877544
No,39.73035608,0,5352,0.499661151,18,1,Northern Rim,63.63466199,40.75035608
No,55.30122541,0,7417,0.47524578,41,5,Eastern Islands,66.26636385,56.32122541
No,68.13075261,0,15072,0.515293301,25,3,Northern Rim,61.24625848,69.15075261
No,48.30122018,0,7968,0.537320822,49,5,Northern Rim,46.27960131,49.32122018
No,64.60618211,0,4906,0.499572247,25,3,West,65.18105681,65.62618211
No,54.56326134,0,11765,0.483804384,55,5,Northern Rim,60.32133988,55.58326134
No,65.84849417,0,7891,0.522752638,54,5,Northern Rim,59.50790907,66.86849417
No,46.95713964,0,14907,0.517736673,18,4,Eastern Islands,56.40956045,47.97713964
No,62.23066827,0,17238,0.50755164,43,5,West,63.13315855,63.25066827
No,54.3079314,1,3984,0.514398257,34,3,West,58.6883193,55.3279314
No,42.39660436,0,13087,0.532395401,57,3,Northern Rim,57.92589412,43.41660436
No,61.780436,0,10060,0.514288533,65,3,West,64.49871662,62.800436
No,51.66001084,1,10274,0.524014,26,4,West,62.25754494,52.68001084
No,36.14372535,1,13472,0.525196463,27,3,Northern Rim,62.32120035,37.16372535
No,50.36167365,0,8444,0.505176552,18,4,West,54.46791628,51.38167365
No,53.22333683,0,4191,0.509347125,40,4,Northern Rim,55.65986733,54.24333683
No,60.69246853,0,13342,0.532228273,64,4,Eastern Islands,55.60315598,61.71246853
No,42.46968436,0,6850,0.497609975,52,5,Northern Rim,49.51070708,43.48968436
No,56.21578643,0,10371,0.498007946,42,5,West,62.09683388,57.23578643
No,32.44025406,0,11515,0.472096256,36,5,West,63.63865136,33.46025406
No,49.59464106,1,10553,0.519559438,63,5,Northern Rim,61.54947498,50.61464106
No,61.38047639,0,13890,0.500613971,18,4,West,57.89570184,62.40047639
No,51.47446363,0,10196,0.500312446,35,3,West,59.41032015,52.49446363
No,46.216315,0,3976,0.521841877,58,3,Eastern Islands,63.56237179,47.236315
No,55.31717836,0,4518,0.54289017,45,4,Northern Rim,49.4852981,56.33717836
No,41.8345618,0,11962,0.487238051,62,2,West,61.05645601,42.8545618
No,52.98843535,0,11169,0.454144265,39,2,Eastern Islands,49.30398955,54.00843535
No,41.97532495,0,13263,0.506513098,31,5,Eastern Islands,60.37448103,42.99532495
No,42.13910205,0,7424,0.528760409,34,5,West,53.52667954,43.15910205
No,54.21755875,0,5037,0.50301008,18,5,Northern Rim,62.98392581,55.23755875
No,51.21320762,0,2442,0.503363474,48,3,Northern Rim,54.40761201,52.23320762
No,58.0733887,0,11995,0.501309451,39,3,West,43.31680382,59.0933887
No,39.78906528,1,13740,0.517842801,53,3,West,56.69698228,40.80906528
No,30.45297185,0,5527,0.501500073,20,3,West,60.22211648,31.47297185
No,52.23010024,1,9653,0.519289402,37,3,Eastern Islands,60.76519055,53.25010024
No,57.6175034,0,9652,0.472037374,55,4,Northern Rim,52.20418537,58.6375034
No,51.33466706,0,6880,0.518724132,39,4,West,53.99271731,52.35466706
No,42.32523122,0,10898,0.558106523,35,4,West,52.17166199,43.34523122
No,46.68072232,0,10755,0.525026997,42,2,West,45.82484634,47.70072232
No,55.78117883,0,8546,0.510525188,39,2,Eastern Islands,59.64143768,56.80117883
No,61.3068906,0,10040,0.539372345,38,4,West,55.34813019,62.3268906
No,51.25936207,0,9536,0.532643456,38,6,Eastern Islands,60.43309352,52.27936207
No,67.41202755,0,5116,0.534833721,32,2,West,58.94253897,68.43202755
No,65.43182402,1,11310,0.516707029,30,3,West,59.51418991,66.45182402
No,48.3099055,0,11515,0.525133231,78,3,West,59.31336411,49.3299055
No,46.45118445,0,9812,0.51524474,36,4,Eastern Islands,63.9032719,47.47118445
No,44.18756796,0,12736,0.478157125,38,4,Eastern Islands,49.15644471,45.20756796
No,59.00066987,0,7922,0.507156142,71,5,West,68.69084593,60.02066987
No,61.44208245,0,9641,0.519816813,83,4,West,64.48113235,62.46208245
No,47.24870423,0,12873,0.524178721,56,2,Eastern Islands,45.69335187,48.26870423
No,61.80817544,0,8496,0.460208748,29,3,Northern Rim,58.1049914,62.82817544
No,51.24437991,0,8519,0.529247317,40,4,Eastern Islands,54.31522272,52.26437991
No,39.382591,0,11547,0.554281308,45,4,Eastern Islands,58.73669072,40.402591
No,69.94753945,0,12584,0.502619558,60,4,West,49.43772038,70.96753945
No,49.60950807,0,19561,0.516617534,33,2,West,61.47779399,50.62950807
No,49.50861878,0,7664,0.472810553,43,5,Northern Rim,55.98716266,50.52861878
No,53.45346122,0,14299,0.505740327,18,3,West,68.46077904,54.47346122
No,38.82930106,0,13670,0.496228644,58,2,Eastern Islands,62.0146302,39.84930106
No,42.06832031,0,7884,0.535050632,32,4,Eastern Islands,59.03260984,43.08832031
No,60.92444145,0,10173,0.491858341,39,4,Northern Rim,54.50554743,61.94444145
No,37.45349814,0,11524,0.507442656,27,4,West,62.70121883,38.47349814
No,52.36531554,0,17757,0.499778104,63,6,Northern Rim,58.74901644,53.38531554
No,52.91614013,0,11554,0.518606239,51,3,Northern Rim,59.80074821,53.93614013
No,45.68116627,1,11048,0.510721061,31,4,Eastern Islands,53.89339311,46.70116627
No,53.211801,0,7549,0.504735381,52,3,Northern Rim,41.37592952,54.231801
No,74.71662667,0,8818,0.505404738,31,4,West,54.13985568,75.73662667
No,51.93779864,1,17288,0.511031295,27,1,Northern Rim,56.53097796,52.95779864
No,41.59060574,0,7133,0.50367317,65,3,Eastern Islands,53.43069298,42.61060574
No,56.3716155,0,14634,0.50262718,58,3,Northern Rim,62.26086467,57.3916155
No,37.558181,0,10652,0.517668953,46,3,Eastern Islands,69.74666634,38.578181
No,54.58342038,0,11917,0.496634559,40,4,West,57.69764849,55.60342038
No,51.93715377,0,12033,0.500859084,53,4,West,68.90772923,52.95715377
No,62.7265622,0,7602,0.535701814,46,3,West,62.15650485,63.7465622
No,50.15509815,1,14184,0.503736945,18,5,Northern Rim,51.63913823,51.17509815
No,38.98330635,0,11272,0.532023179,81,4,West,55.59054427,40.00330635
No,55.11365347,0,8340,0.530962644,22,4,Eastern Islands,65.09645165,56.13365347
No,60.30274174,0,9642,0.513761613,36,3,West,66.34415356,61.32274174
No,47.10859743,0,8559,0.527066226,77,3,West,54.76678602,48.12859743
No,51.06693961,0,9541,0.50901946,27,3,West,57.62662503,52.08693961
No,39.27981432,0,4849,0.485798899,64,4,West,64.36058847,40.29981432
No,51.95551533,0,6285,0.469708122,53,3,Northern Rim,58.20092176,52.97551533
No,58.40705437,0,11813,0.532317034,37,3,Northern Rim,61.75461106,59.42705437
No,44.43175425,0,12650,0.499453569,79,4,Eastern Islands,64.9198823,45.45175425
No,34.43556058,0,6949,0.496431481,41,5,Eastern Islands,56.56699567,35.45556058
No,64.1090051,0,9889,0.482570639,44,3,West,56.7864058,65.1290051
No,40.32054149,0,10080,0.518765713,34,2,West,61.84015759,41.34054149
No,44.56773065,0,18459,0.497188468,47,3,Northern Rim,55.67616527,45.58773065
No,48.63093798,0,8513,0.505188491,18,3,Northern Rim,57.3192043,49.65093798
No,39.18793688,0,6495,0.507223575,41,4,Northern Rim,56.932719,40.20793688
No,60.67835098,0,10781,0.504957185,20,3,Northern Rim,69.57526896,61.69835098
No,52.75868805,0,13719,0.543352649,47,3,Northern Rim,63.66262093,53.77868805
No,58.01139544,0,8499,0.480203192,18,3,Eastern Islands,55.07833388,59.03139544
No,47.72336344,0,10621,0.526598276,48,4,Northern Rim,61.71835508,48.74336344
No,53.89210936,0,13146,0.545274462,41,3,Northern Rim,61.52075484,54.91210936
No,47.73350083,1,9467,0.510576812,56,2,Eastern Islands,59.280589,48.75350083
No,42.59522223,0,10588,0.511398883,47,4,Eastern Islands,57.11066913,43.61522223
No,46.8099158,0,9467,0.495067181,50,2,West,46.81271444,47.8299158
No,64.57469083,0,10826,0.52219467,18,4,Eastern Islands,62.03924388,65.59469083
No,60.77231597,0,9115,0.570878258,27,6,Northern Rim,69.21899391,61.79231597
No,56.26052098,0,7939,0.50006489,43,4,Northern Rim,52.46353283,57.28052098
No,34.43555986,0,12583,0.515114925,56,4,Eastern Islands,52.67619418,35.45555986
No,54.13422468,0,10653,0.491404681,37,1,West,53.02001738,55.15422468
No,31.31693445,0,6758,0.506361093,70,3,Eastern Islands,57.2833758,32.33693445
No,64.2646495,0,16642,0.505729703,20,6,Northern Rim,55.92322137,65.2846495
No,48.00514869,0,15154,0.503449252,55,4,Northern Rim,60.91708224,49.02514869
No,56.23805366,0,12895,0.533552703,46,3,Eastern Islands,48.75965223,57.25805366
No,62.69273496,0,9048,0.495668844,33,4,Eastern Islands,47.29171152,63.71273496
No,54.4564737,0,13259,0.512692787,62,2,West,62.79603039,55.4764737
No,53.07327694,0,10299,0.498775553,52,4,Northern Rim,56.44957064,54.09327694
No,51.57769823,0,12980,0.492720721,68,3,Northern Rim,48.67826422,52.59769823
No,41.31036098,0,6912,0.510942871,36,3,West,67.37142591,42.33036098
No,59.5081096,0,15893,0.517286142,58,4,West,49.74335366,60.5281096
No,61.01879497,0,10250,0.51119386,18,4,West,58.74971809,62.03879497
No,43.6733755,0,6141,0.50713826,46,4,West,58.58641167,44.6933755
No,60.94457371,0,8326,0.534746387,25,4,West,57.17138413,61.96457371
No,55.39033586,0,6990,0.502334321,46,3,Northern Rim,60.77473472,56.41033586
No,54.34506673,0,16033,0.510384232,50,1,West,55.01255635,55.36506673
No,56.39382375,0,14145,0.531473657,23,2,Northern Rim,60.01679641,57.41382375
No,62.33450375,0,9942,0.505576873,60,3,Northern Rim,43.89258062,63.35450375
No,43.50223589,0,12019,0.52927169,27,3,West,43.3516176,44.52223589
No,63.93360787,0,1092,0.520376666,60,3,Northern Rim,65.23166884,64.95360787
No,63.1649613,0,10834,0.491667388,44,4,Northern Rim,65.33779098,64.1849613
No,58.9068121,0,11694,0.49569583,45,5,Eastern Islands,63.19810207,59.9268121
No,51.14548521,0,14853,0.53349119,70,2,Eastern Islands,67.99925696,52.16548521
No,50.51551294,0,10788,0.521135351,51,1,West,60.17012997,51.53551294
No,46.4973488,0,9876,0.45465222,49,3,Northern Rim,49.39851716,47.5173488
No,47.33265494,0,3287,0.550006059,51,3,Northern Rim,44.68000109,48.35265494
No,53.65932034,0,15950,0.53690839,40,2,Eastern Islands,47.25178097,54.67932034
No,52.81500165,0,10542,0.503670779,40,4,Eastern Islands,69.60432359,53.83500165
No,47.31881982,0,7018,0.514521576,24,3,West,54.26147864,48.33881982
No,33.67020691,0,10578,0.497621003,47,3,Northern Rim,64.66916391,34.69020691
No,39.19370749,0,9806,0.497127617,59,4,West,52.19608263,40.21370749
No,46.00980348,1,15708,0.507740958,38,4,Northern Rim,60.26453746,47.02980348
No,57.28953989,0,12212,0.508211603,18,5,Eastern Islands,58.73000203,58.30953989
No,35.10258665,0,11907,0.508590956,53,5,Eastern Islands,54.86631991,36.12258665
No,65.0355201,0,6700,0.553647358,19,4,Northern Rim,55.430109,66.0555201
No,35.32605802,0,10634,0.513250691,18,4,Eastern Islands,46.02002807,36.34605802
No,34.43020965,0,6336,0.526389479,36,4,Eastern Islands,51.83900268,35.45020965
No,59.78253353,1,1795,0.506994836,22,4,Northern Rim,56.33417299,60.80253353
No,46.12149718,1,6828,0.507756,65,4,West,59.7750974,47.14149718
No,65.49553846,0,6885,0.518514323,22,4,Eastern Islands,65.90034709,66.51553846
No,48.99914763,0,10727,0.503126487,46,4,Eastern Islands,61.37971726,50.01914763
No,63.32216783,1,8087,0.491894822,58,4,Eastern Islands,62.87401108,64.34216783
No,33.12280348,0,8187,0.530992262,43,3,Northern Rim,66.61243053,34.14280348
No,53.79189355,0,11230,0.486893721,64,1,Northern Rim,63.33803138,54.81189355
No,54.32804114,0,12439,0.501698422,50,2,Eastern Islands,50.90730706,55.34804114
No,57.07206233,0,10090,0.528256281,18,3,Eastern Islands,52.72493378,58.09206233
No,44.23436556,0,6172,0.491668186,38,2,Northern Rim,59.24092197,45.25436556
No,51.28989314,0,14446,0.494038013,35,3,Northern Rim,54.65145268,52.30989314
No,52.1828401,0,9921,0.480486702,50,3,Northern Rim,31.50700395,53.2028401
No,43.68031596,0,6707,0.51355195,32,4,West,53.50701847,44.70031596
No,49.06706138,0,16349,0.533823407,39,4,Northern Rim,62.97949034,50.08706138
No,51.65490822,0,15177,0.485939193,47,5,Northern Rim,50.04212885,52.67490822
No,68.84919654,0,10906,0.497142349,40,3,West,65.65232365,69.86919654
No,36.59578658,0,11042,0.480139486,59,3,West,55.06093993,37.61578658
No,58.6575786,1,13512,0.513209972,35,2,Eastern Islands,69.48075134,59.6775786
No,43.6125425,0,9934,0.46709023,58,3,Eastern Islands,53.07206708,44.6325425
No,42.56720005,0,16808,0.540004991,46,4,West,66.9103243,43.58720005
No,56.92948541,0,9898,0.528547986,51,5,Northern Rim,62.84006049,57.94948541
No,45.91748357,0,5941,0.509133481,76,4,Northern Rim,77.54225329,46.93748357
No,44.44715673,0,8502,0.505503432,66,4,Northern Rim,47.89796939,45.46715673
No,54.84684041,1,14797,0.490744293,19,1,Eastern Islands,55.65919974,55.86684041
No,45.57405126,0,10401,0.496275418,20,3,Eastern Islands,54.03630381,46.59405126
No,46.74235423,0,21141,0.530032953,53,3,West,52.48427371,47.76235423
No,51.58918467,0,11392,0.510780854,55,5,West,61.20066261,52.60918467
No,37.80520676,0,12084,0.521266727,38,2,Northern Rim,47.89778,38.82520676
No,56.53209816,0,12430,0.53200187,45,3,Eastern Islands,59.22205419,57.55209816
No,54.66935358,0,13462,0.488894227,32,3,West,62.39289302,55.68935358
No,56.56206734,1,100,0.497712875,39,4,Northern Rim,56.19011724,57.58206734
No,50.56815427,0,12231,0.469595597,54,5,West,66.26677509,51.58815427
No,49.85222931,0,12407,0.491072493,59,5,West,59.66427203,50.87222931
No,49.60302095,0,5953,0.445573488,54,5,West,58.0407712,50.62302095
No,45.80492684,0,6649,0.547935005,55,5,Northern Rim,54.44991533,46.82492684
No,67.42489632,0,5926,0.489067365,41,4,Northern Rim,54.09722945,68.44489632
No,43.6893429,0,13592,0.534378713,18,2,Eastern Islands,63.7021685,44.7093429
No,49.63590407,0,8631,0.49818382,35,5,Eastern Islands,63.46841761,50.65590407
No,61.38279135,0,11248,0.532815243,56,3,Eastern Islands,52.29126773,62.40279135
No,59.23729674,1,11083,0.493863272,63,3,Northern Rim,47.93126077,60.25729674
No,56.48847593,0,8334,0.487107335,47,3,Northern Rim,55.51016181,57.50847593
No,55.35243114,0,15760,0.481245606,55,4,Eastern Islands,61.89312113,56.37243114
No,41.56982727,0,8852,0.518599595,49,4,Northern Rim,58.03946222,42.58982727
No,44.34784467,0,12160,0.503047344,24,3,Northern Rim,53.58120911,45.36784467
No,62.5609922,0,6234,0.507753365,49,4,Eastern Islands,54.98116832,63.5809922
No,44.60062103,0,15938,0.476395259,29,4,West,69.19843906,45.62062103
No,43.10095726,1,8986,0.496954502,35,2,Eastern Islands,44.77509504,44.12095726
No,64.52219717,0,10442,0.514596803,30,3,West,54.89796651,65.54219717
No,61.20665467,0,9148,0.522559048,60,5,Northern Rim,59.80933785,62.22665467
No,60.24677524,0,7199,0.535666948,47,5,West,60.57492032,61.26677524
No,55.19321833,0,12301,0.500024505,30,4,West,63.3285657,56.21321833
No,60.21845913,0,11391,0.521973505,18,3,Northern Rim,58.77719012,61.23845913
No,50.18502541,0,9419,0.491179535,42,3,Northern Rim,54.76640103,51.20502541
No,53.6156735,0,6151,0.51488179,43,4,West,57.14736553,54.6356735
No,50.1998222,0,8629,0.549689331,34,4,Northern Rim,53.59160598,51.2198222
No,63.57089236,0,11753,0.487697716,33,5,West,53.15030925,64.59089236
No,59.64199341,0,14003,0.491734515,18,2,Northern Rim,54.15252129,60.66199341
No,46.86340328,0,6298,0.515159809,62,4,Northern Rim,61.69312427,47.88340328
No,39.36100236,0,12823,0.532674788,43,4,West,50.49219853,40.38100236
No,58.54067893,0,12547,0.496498817,26,3,Eastern Islands,56.36118953,59.56067893
No,46.58179326,0,11499,0.50937579,67,3,Eastern Islands,56.29040746,47.60179326
No,50.59611047,0,8889,0.510651033,58,5,West,51.80544215,51.61611047
No,64.50861795,0,5114,0.522004848,29,3,Northern Rim,42.36139345,65.52861795
No,47.43532917,0,6844,0.477397502,71,2,Eastern Islands,68.25842515,48.45532917
No,54.1546038,0,16829,0.503587698,63,2,Eastern Islands,67.09848423,55.1746038
No,45.71362649,0,937,0.51321125,37,6,Northern Rim,52.95130493,46.73362649
No,42.049829,0,15622,0.488439114,60,5,Northern Rim,61.12377271,43.069829
No,57.75381773,0,11593,0.518773002,53,4,Eastern Islands,55.72170422,58.77381773
No,55.40705256,0,9860,0.52876701,27,2,West,53.85561244,56.42705256
No,54.96257752,0,6863,0.51915575,42,5,Eastern Islands,54.8509075,55.98257752
No,54.85020664,0,5948,0.525342969,65,3,West,60.37119507,55.87020664
No,51.47438795,0,12541,0.515316495,18,4,Northern Rim,57.61593014,52.49438795
No,38.83943653,1,9422,0.526998034,21,4,Northern Rim,48.06792619,39.85943653
No,42.83936959,0,9347,0.515648008,28,3,Northern Rim,48.03561159,43.85936959
No,58.5396684,0,17340,0.50595109,51,4,West,65.10496421,59.5596684
No,63.7443083,0,7282,0.496399801,22,3,Eastern Islands,72.00936209,64.7643083
No,55.61236823,0,3721,0.517952218,21,3,Eastern Islands,54.88181081,56.63236823
No,52.75455323,1,10921,0.505252803,33,3,Eastern Islands,59.4378019,53.77455323
No,50.65300161,0,16519,0.506970812,44,5,Northern Rim,58.91841298,51.67300161
No,60.19223076,0,13307,0.487892649,58,3,Northern Rim,62.25716637,61.21223076
No,50.02055127,0,6445,0.527556998,38,3,Northern Rim,61.49783244,51.04055127
No,46.59754449,0,12768,0.506674016,38,4,Eastern Islands,61.25206139,47.61754449
No,61.65521176,0,8479,0.475329325,57,4,West,50.4897497,62.67521176
No,60.25375046,1,15946,0.514296482,34,2,Northern Rim,52.92684506,61.27375046
No,59.38714596,1,5745,0.519042198,39,3,West,55.89750095,60.40714596
No,51.0890954,0,539,0.496718251,51,5,West,75.70232579,52.1090954
No,48.67837728,0,11785,0.509212316,21,3,Eastern Islands,52.81251717,49.69837728
No,46.1511446,0,13317,0.513301053,52,5,Eastern Islands,61.9057135,47.1711446
No,51.03561281,0,9976,0.506773847,18,3,West,45.54433988,52.05561281
No,39.60630286,1,8850,0.518926582,64,5,Northern Rim,65.54337297,40.62630286
No,60.41316119,0,5747,0.50970814,40,5,Eastern Islands,69.48349326,61.43316119
No,64.7559853,0,12552,0.499375504,46,3,West,56.41592727,65.7759853
No,49.21577348,0,16725,0.505268062,37,3,Eastern Islands,44.52032916,50.23577348
No,54.58880874,0,5985,0.518016026,39,4,Eastern Islands,64.62633152,55.60880874
No,52.6994796,0,7910,0.506263497,19,3,Eastern Islands,66.88584339,53.7194796
No,52.38557584,0,10880,0.518300604,39,4,Eastern Islands,57.66031875,53.40557584
No,59.80710107,1,10129,0.522174086,18,4,West,73.43936605,60.82710107
No,52.47157133,0,17149,0.501379913,50,3,Northern Rim,69.0633584,53.49157133
No,45.80228034,0,6029,0.522044286,50,3,West,66.4686371,46.82228034
No,37.41003641,0,9832,0.514444656,42,3,Northern Rim,48.51891704,38.43003641
No,47.10754289,0,3694,0.501008882,41,4,Northern Rim,55.38681208,48.12754289
No,51.32502871,0,8830,0.507499684,19,6,Northern Rim,50.01258365,52.34502871
No,43.15076201,0,8012,0.516314449,66,3,Eastern Islands,53.04620071,44.17076201
No,65.0865548,0,19208,0.528077834,58,3,Eastern Islands,58.35825433,66.1065548
No,45.15964163,0,10946,0.502388467,44,3,West,47.17273934,46.17964163
No,55.62860971,0,9967,0.48314088,35,4,West,55.66422632,56.64860971
No,41.70836886,0,4078,0.467511423,47,3,West,45.53698167,42.72836886
No,40.96676199,1,12234,0.475828335,39,4,West,55.34179212,41.98676199
No,56.65026526,0,9786,0.522106355,58,3,West,71.44457496,57.67026526
No,58.2972684,0,4766,0.50633776,33,4,West,66.08972834,59.3172684
No,52.23382571,0,14915,0.535282239,42,3,West,67.28909714,53.25382571
No,51.21550444,0,6671,0.512909889,62,3,Northern Rim,60.64920028,52.23550444
No,60.90051961,0,9502,0.514209563,60,3,Eastern Islands,68.84387416,61.92051961
No,42.26157178,0,11809,0.522821726,47,2,Eastern Islands,53.50511214,43.28157178
No,67.08339553,0,11766,0.526255422,38,5,West,54.78689969,68.10339553
No,50.00274082,0,7960,0.503267773,50,2,West,58.30621415,51.02274082
No,62.04796606,0,16470,0.483757928,70,4,West,66.33643505,63.06796606
No,43.47891273,0,10787,0.486107881,45,4,Northern Rim,50.4227431,44.49891273
No,46.49478421,0,14662,0.518959249,19,4,Eastern Islands,45.04362986,47.51478421
No,60.1378375,0,10415,0.496136458,28,5,Eastern Islands,64.09362655,61.1578375
No,38.73954657,0,19110,0.484989166,45,4,Eastern Islands,61.46495212,39.75954657
No,53.55768227,0,7193,0.49528302,73,3,West,53.74860597,54.57768227
No,45.50036385,0,2819,0.553682738,66,1,West,54.74415978,46.52036385
No,55.44095016,0,19673,0.521768898,55,2,West,50.20273615,56.46095016
No,50.33422494,0,17062,0.465838211,43,2,Eastern Islands,80.29611952,51.35422494
No,54.06421091,0,7522,0.535741611,24,4,West,38.39143495,55.08421091
No,39.6188169,0,9861,0.50206755,52,2,Northern Rim,60.68113038,40.6388169
No,54.84601777,0,2939,0.484658033,28,5,West,57.41901023,55.86601777
No,53.93630271,0,2323,0.501937296,32,4,West,62.33762619,54.95630271
No,59.13337468,0,16263,0.509551262,39,3,Eastern Islands,56.74510681,60.15337468
No,56.86731871,0,7116,0.523541192,65,4,West,40.55283231,57.88731871
No,49.39587261,0,8806,0.492893504,25,3,Eastern Islands,60.54223374,50.41587261
No,61.98315839,0,15095,0.535488221,44,4,Northern Rim,60.62918675,63.00315839
No,52.43331116,0,8343,0.504262164,57,2,Eastern Islands,41.97746722,53.45331116
No,35.98585204,0,14737,0.499671148,68,5,West,56.08527187,37.00585204
No,62.65278697,0,11711,0.488949832,20,3,Eastern Islands,64.40945701,63.67278697
No,33.72294612,0,7167,0.485317094,35,3,Eastern Islands,61.77356114,34.74294612
No,55.03295815,0,5494,0.519434672,37,3,Eastern Islands,62.20297658,56.05295815
No,52.7569766,0,5245,0.50691679,41,3,Northern Rim,48.05946139,53.7769766
No,63.62394737,0,14947,0.497456797,60,4,Eastern Islands,61.77615395,64.64394737
No,45.60137985,0,3438,0.499347753,32,4,Eastern Islands,56.3800866,46.62137985
No,50.27486364,1,17086,0.504773077,26,5,Eastern Islands,61.42614966,51.29486364
No,57.28165304,0,6843,0.517267597,51,2,Northern Rim,59.18249194,58.30165304
No,58.09955681,0,15472,0.529352045,50,2,Northern Rim,59.55122538,59.11955681
No,52.00087179,1,1586,0.536721677,34,4,West,56.57225369,53.02087179
No,49.83958449,0,5731,0.521749306,44,5,Eastern Islands,52.99546896,50.85958449
No,61.76817124,0,5460,0.4756427,48,3,West,60.92632134,62.78817124
No,49.59225366,0,6767,0.493477866,46,3,West,53.39985402,50.61225366
No,52.25886936,0,5516,0.499837076,45,2,Eastern Islands,64.71178678,53.27886936
No,34.97108172,0,10740,0.521406171,57,4,Northern Rim,55.97764994,35.99108172
No,46.27607495,0,8023,0.504906347,30,4,West,49.63258365,47.29607495
No,47.53117772,0,19440,0.515104695,54,2,Northern Rim,65.72793309,48.55117772
No,51.56627786,0,11200,0.503425483,44,4,Eastern Islands,53.95466133,52.58627786
No,41.25648795,0,6077,0.520166651,61,4,Northern Rim,56.16232841,42.27648795
No,39.07302065,0,7720,0.494601905,68,5,Eastern Islands,67.29409687,40.09302065
No,46.10096698,0,745,0.50942052,26,4,Northern Rim,61.45765153,47.12096698
No,49.26386261,0,992,0.513602563,49,4,West,59.40492788,50.28386261
No,51.82531789,0,15375,0.465854229,28,4,West,46.76850805,52.84531789
No,46.10017512,0,9265,0.543838538,53,4,Eastern Islands,52.77939548,47.12017512
No,51.8200567,0,10206,0.515237661,18,4,Northern Rim,60.97249106,52.8400567
No,40.56395982,0,10018,0.49065432,38,4,Eastern Islands,60.21165527,41.58395982
No,47.02740963,0,9926,0.524317649,45,4,West,50.42212457,48.04740963
No,48.84867813,0,9234,0.503387162,46,4,West,59.7463851,49.86867813
No,60.16275191,0,8955,0.501302767,35,2,Eastern Islands,48.34028808,61.18275191
No,54.74650568,0,4179,0.513508167,62,3,West,57.58086839,55.76650568
No,52.25853175,0,11730,0.513625805,36,3,Eastern Islands,51.84792568,53.27853175
No,57.43607769,0,8964,0.544700996,48,3,Eastern Islands,48.52795755,58.45607769
No,46.91475084,0,14315,0.501592701,38,3,Northern Rim,50.24121542,47.93475084
No,41.77159898,0,10587,0.534230129,36,4,West,48.61133078,42.79159898
No,62.07665266,0,5399,0.506161258,29,2,Northern Rim,56.73516395,63.09665266
No,47.36368154,0,16231,0.486361578,53,5,Eastern Islands,44.95983125,48.38368154
No,50.29106529,0,9553,0.481349256,51,5,Northern Rim,55.40448405,51.31106529
No,40.55282646,0,10488,0.525796822,51,3,Eastern Islands,56.54687247,41.57282646
No,50.14772033,1,7929,0.52012507,32,4,Northern Rim,54.33655546,51.16772033
No,43.74433068,0,9997,0.485449123,47,4,Northern Rim,30.32163358,44.76433068
No,60.8702768,0,14320,0.506314267,55,4,West,68.5563119,61.8902768
No,53.43549502,0,8235,0.539343685,49,4,Eastern Islands,60.448646,54.45549502
No,52.83957038,0,13531,0.477908618,30,3,West,55.71421768,53.85957038
No,48.8247098,0,10366,0.504278402,54,5,West,50.65464832,49.8447098
No,44.72919924,0,13192,0.525926173,18,2,Eastern Islands,58.75353352,45.74919924
No,53.53756111,0,6087,0.473355608,18,3,Northern Rim,59.13717329,54.55756111
No,59.76093066,0,9061,0.483735079,44,3,Northern Rim,54.22537999,60.78093066
No,51.70608067,0,8674,0.500371993,47,4,West,52.45079007,52.72608067
No,43.29159953,0,8048,0.51594386,36,5,West,58.28044615,44.31159953
No,46.42155137,0,4922,0.512537167,18,5,Eastern Islands,52.01274976,47.44155137
No,56.04676228,0,12690,0.520347694,44,5,Eastern Islands,70.29658298,57.06676228
No,38.97458198,0,8167,0.533425696,25,3,Eastern Islands,55.0449138,39.99458198
No,47.5715314,0,8409,0.527073632,18,3,Eastern Islands,55.38555542,48.5915314
No,65.42896086,0,4463,0.552438087,45,2,Northern Rim,51.03771441,66.44896086
No,52.07904244,0,9415,0.505200527,45,3,West,61.89058127,53.09904244
No,49.88772035,0,12824,0.531871644,39,4,West,52.07824557,50.90772035
No,46.8419719,0,6893,0.478761122,66,2,Eastern Islands,53.60036532,47.8619719
No,39.40299667,0,9236,0.513580272,18,3,Eastern Islands,60.06275215,40.42299667
No,61.10586195,1,12817,0.49632679,68,4,Eastern Islands,57.3600517,62.12586195
No,42.80592582,0,4847,0.514469303,48,4,Eastern Islands,50.35130228,43.82592582
No,51.88287014,0,12199,0.510992575,57,3,West,60.86677979,52.90287014
No,41.97741112,0,9671,0.509000896,27,3,West,69.41403568,42.99741112
No,48.59183483,0,7128,0.524177236,51,2,West,50.06744093,49.61183483
No,48.91252434,0,15186,0.49232657,42,3,Eastern Islands,55.14750641,49.93252434
No,57.66877052,0,9055,0.513332515,37,4,Northern Rim,67.21952689,58.68877052
No,52.75149845,0,13600,0.537621112,18,4,Eastern Islands,51.72578626,53.77149845
No,52.44226766,0,13806,0.519207565,52,2,Northern Rim,63.56890746,53.46226766
No,53.10376193,0,16583,0.503265069,41,4,Northern Rim,68.60026409,54.12376193
No,58.22181918,0,10993,0.498062629,22,4,Northern Rim,55.32446819,59.24181918
No,56.24732279,0,12445,0.516605016,29,3,Eastern Islands,50.58501892,57.26732279
No,55.97092383,0,17875,0.492021348,64,5,Eastern Islands,59.14076315,56.99092383
No,38.91904227,0,9613,0.496064968,26,4,West,50.57974238,39.93904227
No,42.94298301,0,10516,0.51505902,18,5,Eastern Islands,48.16273233,43.96298301
No,47.74533277,0,14456,0.533966114,61,5,Northern Rim,55.14308885,48.76533277
No,56.57020851,0,10305,0.512673298,29,3,Eastern Islands,68.4711313,57.59020851
No,34.50610595,1,13784,0.538731228,18,2,Eastern Islands,50.87139075,35.52610595
No,56.10900366,0,5565,0.491875077,58,5,West,58.55719272,57.12900366
No,55.58945811,0,12711,0.518966525,30,4,West,60.34770291,56.60945811
No,56.3710416,0,7570,0.521842423,27,4,West,53.03339187,57.3910416
No,31.78994085,0,5921,0.546518758,43,3,Eastern Islands,58.20294362,32.80994085
No,45.94173586,0,14606,0.521996517,38,5,Eastern Islands,49.97679414,46.96173586
No,37.57506499,0,12627,0.490571446,37,2,West,42.92183331,38.59506499
No,52.67261841,0,12339,0.51948489,18,5,Eastern Islands,62.24654858,53.69261841
No,63.29530272,0,14819,0.490981139,26,4,Eastern Islands,48.06513616,64.31530272
No,35.84606299,0,1724,0.493014567,45,5,Northern Rim,54.41333081,36.86606299
No,54.99252222,0,12782,0.493401123,69,2,Northern Rim,38.73278096,56.01252222
No,59.53973233,0,7540,0.491513066,50,2,West,69.87379399,60.55973233
No,57.71221129,0,9961,0.530433339,28,3,West,69.84049951,58.73221129
No,59.32718367,0,19454,0.483113093,23,4,Northern Rim,47.29081146,60.34718367
No,66.75278529,0,11474,0.495687825,18,4,Eastern Islands,62.0392731,67.77278529
No,61.18982282,0,6414,0.535943778,21,2,Eastern Islands,57.76645488,62.20982282
No,59.70976051,0,5104,0.476594164,19,5,West,46.36888648,60.72976051
No,46.05917818,0,8601,0.51397569,40,3,Eastern Islands,64.49434696,47.07917818
No,66.80021413,0,10174,0.495370463,34,3,Eastern Islands,58.74466653,67.82021413
No,46.03547203,0,12278,0.506089605,43,2,West,60.43315383,47.05547203
No,55.92663373,0,11435,0.542275419,51,3,Eastern Islands,55.87843289,56.94663373
No,51.82182953,0,16792,0.48807143,52,5,Eastern Islands,70.41925756,52.84182953
No,40.27586133,0,14869,0.503513014,58,3,Eastern Islands,44.39614438,41.29586133
No,44.59754059,0,9130,0.53344336,34,3,Eastern Islands,45.43300352,45.61754059
No,41.96402076,0,13674,0.521648962,18,4,Eastern Islands,56.78059701,42.98402076
No,54.36091635,0,9207,0.49764111,72,4,West,66.37188247,55.38091635
No,57.00566568,0,10867,0.486801936,61,4,Northern Rim,62.34158932,58.02566568
No,34.89098318,0,15014,0.497577946,35,4,West,57.75317168,35.91098318
No,51.69083505,0,13802,0.507263317,42,4,Northern Rim,55.54359452,52.71083505
No,37.95121614,0,7324,0.531339022,59,3,Northern Rim,50.74156991,38.97121614
No,58.37003436,0,10068,0.51147966,39,3,West,58.54625684,59.39003436
No,43.2921652,0,16275,0.541465411,18,4,West,70.79240459,44.3121652
No,34.58519224,0,7037,0.515979627,41,4,Eastern Islands,54.65111719,35.60519224
No,45.64053898,0,3195,0.509841851,19,4,West,63.58219347,46.66053898
No,58.99791019,0,8630,0.540270405,47,2,West,60.85632225,60.01791019
No,48.01229084,0,18382,0.506504909,41,4,Northern Rim,60.55942665,49.03229084
No,45.37179884,0,16934,0.484473584,54,3,Eastern Islands,47.43312013,46.39179884
No,36.56160663,1,12622,0.518591506,50,4,Northern Rim,49.49736122,37.58160663
No,46.48891286,0,12857,0.480388212,66,4,West,56.47834705,47.50891286
No,41.70697377,0,12441,0.50792302,40,3,Northern Rim,49.54926997,42.72697377
No,45.71705281,0,11570,0.490881757,22,4,West,65.59264036,46.73705281
No,55.03703815,0,10958,0.477277401,50,2,West,52.13113574,56.05703815
No,44.72023895,0,10622,0.526039135,35,3,Northern Rim,68.40393236,45.74023895
No,49.72632328,0,10631,0.490792407,41,5,West,51.64570709,50.74632328
No,54.86300148,0,159,0.500135025,37,4,Northern Rim,55.02066624,55.88300148
No,38.3736641,1,4292,0.51850227,24,3,Eastern Islands,62.33253779,39.3936641
No,64.92945609,0,10625,0.50689954,73,3,Northern Rim,63.20984951,65.94945609
No,55.01714326,0,11954,0.542296731,49,2,Northern Rim,61.61061048,56.03714326
No,43.65355186,1,10700,0.519271519,45,5,Northern Rim,53.28546525,44.67355186
No,58.51220058,0,4051,0.520066109,57,2,Eastern Islands,51.16222319,59.53220058
No,50.41822826,0,13504,0.488257632,39,3,Eastern Islands,68.7064548,51.43822826
No,71.72945328,0,8815,0.518633504,64,3,Eastern Islands,58.90047916,72.74945328
No,54.07920046,0,8100,0.511353842,27,2,Northern Rim,57.0357874,55.09920046
No,34.66675734,0,8966,0.505721591,36,2,West,60.2985528,35.68675734
No,48.27888039,0,13663,0.522783403,41,4,West,66.13351201,49.29888039
No,35.42334888,0,14254,0.52683788,47,2,Eastern Islands,64.6164691,36.44334888
No,55.38539735,0,12878,0.478328692,38,4,Northern Rim,55.3599966,56.40539735
No,45.59890408,0,11582,0.521170587,45,2,Eastern Islands,47.0960518,46.61890408
No,57.45708548,0,12984,0.527054966,61,4,Eastern Islands,51.67427303,58.47708548
No,51.6017165,0,6994,0.497308719,52,3,Eastern Islands,51.70558238,52.6217165
No,57.56461378,0,9114,0.499209304,73,1,Eastern Islands,55.27177405,58.58461378
No,36.45392364,0,9352,0.50683906,37,3,Eastern Islands,60.28133989,37.47392364
No,59.96154271,0,7736,0.505431675,35,3,Northern Rim,52.829328,60.98154271
No,51.75723422,0,10665,0.486494382,44,4,Northern Rim,49.06280303,52.77723422
No,53.28141202,0,7506,0.516599728,27,5,Northern Rim,61.20272634,54.30141202
No,48.84776263,0,10791,0.528413704,20,4,West,58.77164797,49.86776263
No,48.14231401,0,1560,0.501458686,50,4,West,63.26401073,49.16231401
No,56.11881721,0,5518,0.530697439,26,5,West,47.80121482,57.13881721
No,48.98071056,0,9611,0.483816718,55,3,West,60.85896165,50.00071056
No,47.86226478,0,11654,0.527483786,49,4,West,59.8718694,48.88226478
No,53.93058175,0,8477,0.469998939,56,4,West,55.10753164,54.95058175
No,56.28565104,1,10409,0.500229805,47,3,West,56.37585246,57.30565104
No,46.79573006,0,13229,0.485894279,47,1,Eastern Islands,45.99237295,47.81573006
No,45.38442028,0,9881,0.494648898,22,4,Eastern Islands,58.7922793,46.40442028
No,49.86567079,0,4615,0.505692359,55,4,West,61.6997076,50.88567079
No,56.123939,0,6860,0.510093181,24,5,West,55.86917817,57.143939
No,62.98426534,0,10202,0.515295192,18,2,Eastern Islands,55.71923484,64.00426534
No,52.64396341,0,12188,0.508962602,39,3,Eastern Islands,68.63391959,53.66396341
No,30.74517608,0,10653,0.517986825,56,4,Northern Rim,56.42429337,31.76517608
No,37.54923524,0,10877,0.477012721,28,2,Northern Rim,58.06067972,38.56923524
No,63.98927123,0,13981,0.504495375,44,3,West,62.10143632,65.00927123
No,46.87789036,1,6939,0.502664115,49,3,Eastern Islands,41.44686197,47.89789036
No,55.17495406,0,14555,0.50850931,49,2,Eastern Islands,56.06407198,56.19495406
No,39.17835732,0,3747,0.509389108,37,6,Eastern Islands,63.74752177,40.19835732
No,44.54929567,0,11507,0.532935468,43,4,Northern Rim,47.27110987,45.56929567
No,53.32028819,0,15482,0.500484117,34,3,Eastern Islands,47.61923097,54.34028819
No,42.64522847,0,8519,0.496522585,18,5,West,46.80866522,43.66522847
No,60.97673918,0,12995,0.530749161,18,2,Eastern Islands,54.9238162,61.99673918
No,43.36334211,0,13788,0.529479473,57,3,Northern Rim,56.0981766,44.38334211
No,44.18557146,0,9293,0.517723092,39,5,Eastern Islands,76.87320243,45.20557146
No,38.51303529,0,10666,0.509975142,56,3,Northern Rim,66.05158761,39.53303529
No,50.88792974,0,12708,0.529964102,50,4,West,69.01817968,51.90792974
No,42.37079091,0,7044,0.527308613,32,3,Eastern Islands,55.94000204,43.39079091
No,52.2437284,0,6897,0.522517686,22,4,West,60.79378496,53.2637284
No,34.18228808,0,17159,0.489362459,61,4,Northern Rim,53.84767825,35.20228808
No,36.57713109,0,12195,0.50928549,37,3,Eastern Islands,52.07005241,37.59713109
No,60.19698449,0,5334,0.508729062,18,3,West,64.5202515,61.21698449
No,43.97032242,0,11491,0.486750978,32,4,West,65.17948802,44.99032242
No,66.63229311,0,5369,0.529351701,38,3,Northern Rim,41.9035862,67.65229311
No,41.00788961,0,15428,0.481435227,18,4,West,58.54757232,42.02788961
No,43.95262089,0,1734,0.553809646,33,3,Eastern Islands,57.96219761,44.97262089
No,60.80074792,1,8700,0.510175058,53,3,West,62.69110273,61.82074792
No,38.69055593,0,13094,0.495944004,18,4,Northern Rim,62.44699444,39.71055593
No,64.52328794,0,12472,0.500488253,25,3,Northern Rim,61.75654506,65.54328794
No,41.74493281,0,6496,0.511038709,40,3,Northern Rim,65.29104006,42.76493281
No,55.59037092,1,9723,0.530686635,27,5,West,62.20524736,56.61037092
No,53.4968742,0,10519,0.513019397,67,4,West,56.94742034,54.5168742
No,41.28327028,0,16035,0.532288179,68,4,Northern Rim,52.67004575,42.30327028
No,56.49681193,0,11060,0.517523981,48,4,Eastern Islands,52.85550185,57.51681193
No,60.01150548,0,17566,0.507062351,45,4,Northern Rim,51.87585514,61.03150548
No,36.55417099,0,10843,0.494576857,51,5,West,65.54988272,37.57417099
No,42.24625685,0,11144,0.500048898,41,3,Eastern Islands,47.44462284,43.26625685
No,52.24329614,0,13891,0.546291241,25,6,Northern Rim,53.45873468,53.26329614
No,52.33961733,0,8683,0.544237384,39,2,Northern Rim,61.75004741,53.35961733
No,56.37734864,0,15401,0.508751167,34,3,Northern Rim,61.79549,57.39734864
No,45.06249943,0,4996,0.529505461,54,2,Northern Rim,61.1940379,46.08249943
No,58.47991179,0,9901,0.499850903,63,4,Eastern Islands,58.07351586,59.49991179
No,44.55400976,0,6557,0.527917319,45,3,West,46.74543871,45.57400976
No,53.38079492,1,7925,0.51183953,30,3,Northern Rim,41.29801779,54.40079492
No,53.48409487,0,10677,0.50266564,53,2,Eastern Islands,55.57968469,54.50409487
No,51.68494981,0,10456,0.506781579,36,6,Northern Rim,59.04053812,52.70494981
No,47.75147979,0,11382,0.508087299,40,3,Eastern Islands,51.4177027,48.77147979
No,51.47655297,0,9489,0.504795063,57,4,West,49.57536709,52.49655297
No,62.52259264,0,15384,0.511818687,61,4,Northern Rim,63.32720194,63.54259264
No,49.8745028,0,10256,0.50755747,68,5,Eastern Islands,71.34177275,50.8945028
No,43.4323483,0,792,0.501487881,40,4,Eastern Islands,62.1503449,44.4523483
No,53.473829,0,6491,0.528567925,22,3,West,64.29215382,54.493829
No,55.80935297,0,100,0.513556262,48,6,Northern Rim,39.51128593,56.82935297
No,51.19106597,0,15398,0.469466692,48,4,West,67.57040796,52.21106597
No,48.96502694,0,9262,0.51013377,37,4,West,62.61847112,49.98502694
No,49.29365069,0,18294,0.496264907,44,5,Eastern Islands,53.68955027,50.31365069
No,56.42849873,0,16990,0.507442851,52,3,West,59.74108753,57.44849873
No,51.19696603,0,15449,0.498653303,72,2,Northern Rim,66.35531141,52.21696603
No,54.00037877,1,9984,0.51570225,24,4,Eastern Islands,48.67947774,55.02037877
No,52.1105807,0,12439,0.517166981,35,4,West,52.55625221,53.1305807
No,60.38402144,0,9438,0.497581931,37,5,West,55.70955364,61.40402144
No,45.16626603,1,14482,0.493147279,43,2,Eastern Islands,61.83929148,46.18626603
No,34.10655814,0,3401,0.505998885,21,3,Eastern Islands,44.99712821,35.12655814
No,51.12489369,0,5437,0.505360734,25,2,Northern Rim,61.3507232,52.14489369
No,53.40191461,0,5642,0.502320804,73,4,Northern Rim,50.88639375,54.42191461
No,58.58205426,1,7273,0.522103574,22,2,Eastern Islands,64.45657529,59.60205426
No,55.75862034,0,14782,0.516948149,18,4,Eastern Islands,57.73742358,56.77862034
No,36.28551822,0,9241,0.494264506,72,5,West,58.03158201,37.30551822
No,46.75337871,0,13607,0.515677053,65,2,Eastern Islands,66.59222495,47.77337871
No,28.84271958,0,5903,0.504877704,31,5,Eastern Islands,48.92788634,29.86271958
No,44.55766738,0,20294,0.47128439,48,2,West,63.7638687,45.57766738
No,49.57135557,0,11765,0.532398378,22,3,Northern Rim,64.27722454,50.59135557
No,53.81963627,0,6042,0.495529778,57,4,Eastern Islands,54.34294155,54.83963627
No,50.74728776,0,4262,0.494113588,18,2,Northern Rim,51.24778925,51.76728776
No,59.33177492,0,10735,0.518371276,27,2,Eastern Islands,68.41295832,60.35177492
No,49.39323412,0,5356,0.51964621,42,3,Eastern Islands,46.80953894,50.41323412
No,63.41557113,1,12909,0.516980189,24,4,West,51.42159556,64.43557113
No,41.91172956,0,14408,0.516735426,44,5,West,64.74014579,42.93172956
No,41.19398442,0,3922,0.504855835,54,3,Northern Rim,66.68802866,42.21398442
No,52.01564695,0,8510,0.534189652,35,3,West,50.70883736,53.03564695
No,48.47741612,0,8199,0.534526956,71,3,West,57.883539,49.49741612
No,51.77463217,0,13201,0.522555538,71,4,Eastern Islands,52.89816518,52.79463217
No,39.31089323,0,3551,0.484061977,52,4,Northern Rim,53.3939257,40.33089323
No,41.21436291,0,21196,0.508288418,47,3,West,48.78963264,42.23436291
No,41.63635293,0,10037,0.502690938,60,4,West,57.68556387,42.65635293
No,63.65503722,1,5364,0.490176523,31,4,West,51.63244904,64.67503722
No,63.37104276,0,6354,0.500911582,41,3,Eastern Islands,70.2126579,64.39104276
No,47.02782939,0,13263,0.504132379,85,4,West,61.07600551,48.04782939
No,64.43192799,0,14564,0.554275179,57,4,Northern Rim,53.9094044,65.45192799
No,56.03954668,0,8960,0.523263794,72,4,West,58.30348331,57.05954668
No,48.01155957,0,11201,0.493486212,40,4,Northern Rim,51.48753044,49.03155957
No,56.02924575,0,14925,0.504389353,39,2,Eastern Islands,57.19585629,57.04924575
No,55.33004204,0,9193,0.508533389,49,4,Eastern Islands,43.08220033,56.35004204
No,49.12290115,0,13500,0.502665854,41,3,West,68.80085657,50.14290115
No,43.63851543,0,10848,0.488362238,18,4,Northern Rim,47.36567068,44.65851543
No,45.41040643,0,9226,0.522997864,89,2,Eastern Islands,55.70083311,46.43040643
No,48.87860749,0,5176,0.510081042,34,3,Eastern Islands,57.2094692,49.89860749
No,48.24673406,0,12931,0.501592677,33,3,Northern Rim,61.02541751,49.26673406
No,62.63966044,0,7006,0.511103278,45,5,Northern Rim,48.1513996,63.65966044
No,50.44058696,0,12967,0.505532254,41,4,Northern Rim,53.85380429,51.46058696
No,59.19015713,0,7232,0.500688283,39,4,West,53.5448004,60.21015713
No,48.36739137,0,11130,0.524363009,53,3,Eastern Islands,47.92028822,49.38739137
No,56.89395876,0,13027,0.514523432,49,2,West,48.89321266,57.91395876
No,49.85574269,1,11099,0.526398259,54,3,Northern Rim,52.23000556,50.87574269
No,45.99524432,0,12430,0.484778658,69,3,Northern Rim,53.7935564,47.01524432
No,40.91621648,0,9258,0.53810342,35,4,Eastern Islands,64.07180359,41.93621648
No,50.76342766,0,6737,0.487701758,38,3,West,42.31445192,51.78342766
No,53.02819999,0,12820,0.511987586,38,4,Eastern Islands,60.58103242,54.04819999
No,50.69112819,0,7550,0.518283418,26,4,Eastern Islands,53.29197348,51.71112819
No,56.68263052,0,6964,0.506492572,84,2,Eastern Islands,67.62330514,57.70263052
No,57.27011692,0,8749,0.504966343,22,5,West,61.1635018,58.29011692
No,42.64870227,0,9071,0.513242842,58,1,Eastern Islands,57.35751087,43.66870227
No,43.76011824,0,7672,0.519532852,40,3,West,62.26256091,44.78011824
No,64.5559899,0,10018,0.52779362,26,2,Northern Rim,51.15740231,65.5759899
No,55.84597933,0,10270,0.498695803,34,6,Eastern Islands,53.33209562,56.86597933
No,49.94948527,0,11863,0.540751169,37,3,Northern Rim,63.61608355,50.96948527
No,30.07944392,0,19308,0.541604268,46,4,Northern Rim,54.85088755,31.09944392
No,40.42981001,0,7373,0.502935513,27,4,Northern Rim,45.27067664,41.44981001
No,56.44944578,0,6724,0.521817507,63,3,West,66.05168515,57.46944578
No,47.60152506,0,14201,0.490121689,74,3,Northern Rim,56.70879532,48.62152506
No,36.61702673,0,4798,0.507561438,51,3,Northern Rim,60.18786336,37.63702673
No,49.60361213,0,16183,0.483783309,39,5,Northern Rim,48.4343049,50.62361213
No,46.93952794,0,5582,0.521552663,50,3,Northern Rim,46.05989868,47.95952794
No,33.23254492,0,5851,0.53289371,34,5,Northern Rim,67.23162432,34.25254492
No,55.46047067,0,4684,0.517251888,26,3,West,52.32631388,56.48047067
No,59.15231106,0,16915,0.484442364,42,4,West,44.14558926,60.17231106
No,63.31520608,0,6354,0.517292148,48,4,Eastern Islands,66.15676529,64.33520608
No,49.70377792,0,100,0.514048948,54,4,West,63.65719032,50.72377792
No,62.57912212,0,8257,0.510335609,46,4,Northern Rim,50.06414062,63.59912212
No,47.80342287,0,5026,0.500346093,20,3,Eastern Islands,63.27633875,48.82342287
No,42.96290697,0,10948,0.519649774,41,5,Eastern Islands,47.96014951,43.98290697
No,50.51003033,0,8987,0.513651993,59,3,Northern Rim,52.2560169,51.53003033
No,45.22783932,0,8060,0.458374584,39,3,Northern Rim,66.69301595,46.24783932
No,54.00845244,0,2891,0.513881716,42,4,West,62.94709378,55.02845244
No,50.0035514,0,8242,0.489149048,30,2,Northern Rim,52.90607158,51.0235514
No,42.48086151,0,9812,0.51649704,37,4,Northern Rim,64.38345194,43.50086151
No,57.20328185,0,8231,0.505033934,34,4,Eastern Islands,56.81519373,58.22328185
No,60.17226413,0,12446,0.508497866,30,3,West,47.78473915,61.19226413
No,51.45644371,0,11741,0.495070302,53,2,West,52.16996981,52.47644371
No,58.27068791,0,7971,0.515624736,43,6,West,71.25324582,59.29068791
No,36.44116969,0,2261,0.504728085,61,3,Eastern Islands,49.51288118,37.46116969
No,43.75900155,0,4236,0.520762844,21,4,Eastern Islands,56.95550626,44.77900155
No,48.39900521,0,9684,0.534401447,56,2,West,52.43822003,49.41900521
No,43.16178372,0,4242,0.538744846,49,3,West,55.23806306,44.18178372
No,41.74784957,0,10506,0.512353429,64,4,Eastern Islands,51.02534873,42.76784957
No,57.17425125,0,12027,0.525612557,74,3,Northern Rim,52.55776296,58.19425125
No,48.51501449,0,10903,0.534471419,54,5,Eastern Islands,49.56569265,49.53501449
No,47.90529007,0,9383,0.489616169,74,2,Northern Rim,57.66944347,48.92529007
No,51.55008189,0,13721,0.478444108,49,2,Eastern Islands,64.8763663,52.57008189
No,57.76740529,0,15923,0.471434243,51,4,Northern Rim,50.42925773,58.78740529
No,58.96760678,0,7109,0.517354908,31,3,West,55.08897329,59.98760678
No,50.37849598,0,7458,0.523737604,48,3,West,61.28540646,51.39849598
No,39.33501527,0,11834,0.524663866,38,5,Northern Rim,66.5903539,40.35501527
No,43.35684123,0,9942,0.466711924,62,3,West,57.90160379,44.37684123
No,53.17340952,1,7408,0.504866398,69,4,Northern Rim,54.38776422,54.19340952
No,49.09889364,0,14209,0.512615686,57,2,Northern Rim,66.86441744,50.11889364
No,59.62850631,0,10038,0.464396232,49,4,West,55.9400415,60.64850631
No,43.31860258,0,7892,0.509799392,20,3,West,57.68579901,44.33860258
No,41.22121933,0,12419,0.504129115,38,3,West,62.65762811,42.24121933
No,47.61580812,1,5495,0.511508943,36,2,West,52.18259137,48.63580812
No,58.19747891,0,6013,0.519617238,47,4,Northern Rim,59.63607274,59.21747891
No,47.854319,0,13707,0.499318201,54,4,Eastern Islands,57.32823956,48.874319
No,54.70645186,0,6476,0.499766854,18,2,Northern Rim,67.88572932,55.72645186
No,61.45378874,0,13259,0.505377734,52,3,Northern Rim,49.09864961,62.47378874
No,60.59493166,0,19608,0.505528384,39,2,West,56.025073,61.61493166
No,63.69096373,0,14191,0.51246067,58,2,Eastern Islands,69.34283137,64.71096373
No,52.62335894,0,12165,0.494604453,23,4,Northern Rim,65.51946193,53.64335894
No,37.98077844,0,11676,0.500488359,34,4,Northern Rim,44.29108268,39.00077844
No,42.94749862,0,12009,0.536128535,77,5,Eastern Islands,61.30419214,43.96749862
No,46.87879588,0,11381,0.525904943,40,4,West,60.93253544,47.89879588
No,61.86614265,0,5588,0.530236355,58,5,West,57.65304967,62.88614265
No,48.25291996,0,13579,0.531507323,37,4,West,63.53719009,49.27291996
No,60.52601014,0,6577,0.542149476,56,3,Eastern Islands,57.82249839,61.54601014
No,50.89074663,0,7573,0.55156535,39,4,Eastern Islands,63.55550752,51.91074663
No,61.41041772,0,11647,0.510616045,28,4,West,51.56498902,62.43041772
No,55.25121166,0,7839,0.490108713,67,3,Eastern Islands,41.7372789,56.27121166
No,57.43061138,0,3546,0.495370024,25,4,West,55.11048258,58.45061138
No,56.02519171,0,7005,0.51181832,42,5,Eastern Islands,54.72497059,57.04519171
No,54.74596941,0,5764,0.470879788,24,5,Eastern Islands,46.47115028,55.76596941
No,57.6994591,0,10274,0.527812782,26,2,Northern Rim,69.34659922,58.7194591
No,55.51027278,1,11416,0.507895523,51,4,West,56.6682426,56.53027278
No,64.8293387,0,20344,0.516998795,40,6,Eastern Islands,60.70307722,65.8493387
No,44.08447317,0,4126,0.513943194,53,4,Eastern Islands,65.01247309,45.10447317
No,56.23994889,0,12281,0.503070712,55,3,Northern Rim,63.56711462,57.25994889
No,54.16826602,0,10780,0.499891798,50,2,West,63.34606771,55.18826602
No,54.93547891,0,10827,0.519089397,37,2,West,51.84429106,55.95547891
No,53.24715358,0,10759,0.510318018,34,4,Eastern Islands,66.23685141,54.26715358
No,48.2771803,0,10578,0.518781784,40,4,Eastern Islands,56.55637082,49.2971803
No,57.10300936,0,7803,0.509840779,33,3,West,57.95701876,58.12300936
No,48.33983612,0,15164,0.487729241,47,4,West,47.545828,49.35983612
No,52.32569162,0,11113,0.507405639,44,4,Eastern Islands,56.78887156,53.34569162
No,49.77117648,0,12062,0.562194891,34,2,West,54.6004189,50.79117648
No,54.47442481,0,16356,0.539000147,55,3,Northern Rim,58.13540391,55.49442481
No,44.05167759,0,11395,0.51022852,64,6,West,48.88685546,45.07167759
No,53.54899721,0,19134,0.540629621,33,5,Eastern Islands,76.99688208,54.56899721
No,58.09414968,0,16870,0.507177968,32,3,West,55.55229235,59.11414968
No,46.87896252,0,9523,0.525991982,40,4,Northern Rim,48.22281532,47.89896252
No,56.79792128,0,3687,0.504548881,68,2,West,65.71171099,57.81792128
No,55.85369533,0,1717,0.525647323,18,3,Eastern Islands,56.94408232,56.87369533
No,52.91939658,0,9278,0.504891683,37,4,Eastern Islands,64.72908128,53.93939658
No,62.13831836,0,3095,0.494009748,21,5,West,59.5976273,63.15831836
No,59.61286296,0,5822,0.510742057,66,4,Northern Rim,48.23160898,60.63286296
No,57.63670338,0,6235,0.502932799,22,2,Eastern Islands,56.65151764,58.65670338
No,60.89190151,0,8197,0.542489589,32,3,Northern Rim,61.85100478,61.91190151
No,50.77340669,0,3693,0.520174269,18,4,Eastern Islands,67.58358648,51.79340669
No,53.79302998,0,12613,0.477327352,34,4,Eastern Islands,58.00240821,54.81302998
No,43.12761729,0,10487,0.483340623,63,4,Eastern Islands,65.46146737,44.14761729
No,49.15464092,0,8401,0.510114774,58,3,Northern Rim,58.05107562,50.17464092
No,50.05589023,0,7571,0.52458958,40,4,West,58.15278015,51.07589023
No,56.75180149,0,13641,0.488299798,24,4,Northern Rim,56.08745197,57.77180149
No,43.73789621,0,5823,0.485659574,46,4,West,56.44019478,44.75789621
No,41.85300139,0,4544,0.461183689,63,2,Northern Rim,56.00117205,42.87300139
No,34.88199252,0,5526,0.515931131,26,3,Eastern Islands,48.47268321,35.90199252
No,41.480841,0,12695,0.484233156,54,1,Eastern Islands,55.95001509,42.500841
No,64.70687257,0,16955,0.504085544,66,4,West,64.65787017,65.72687257
No,46.7599659,0,4742,0.473549875,58,4,West,55.5434058,47.7799659
No,57.4969985,0,2742,0.506093233,25,4,West,52.23652285,58.5169985
No,54.7227586,0,10553,0.506599873,51,3,Northern Rim,56.33512722,55.7427586
No,55.7115515,0,10248,0.490547191,78,3,Northern Rim,58.56503816,56.7315515
No,51.72785287,0,8983,0.498209457,64,3,Eastern Islands,51.60423568,52.74785287
No,38.800123,0,10312,0.483971945,22,4,Eastern Islands,55.65254246,39.820123
No,44.76101598,0,10662,0.510639671,36,3,West,49.45590659,45.78101598
No,49.26441218,0,5774,0.555789594,41,3,Northern Rim,64.0968558,50.28441218
No,53.90499095,0,3746,0.487125046,28,4,Northern Rim,61.47563927,54.92499095
No,41.92027309,0,15224,0.504207281,37,3,Northern Rim,63.77040805,42.94027309
No,60.38419361,0,10650,0.515441934,44,5,West,49.34312408,61.40419361
No,58.24314664,0,15445,0.515640671,52,6,Northern Rim,58.21178106,59.26314664
No,49.94683786,0,5265,0.457122388,34,4,West,60.37722931,50.96683786
No,45.1947791,0,13019,0.478404682,39,3,Eastern Islands,49.57660928,46.2147791
No,53.88323991,0,8812,0.503622956,20,3,West,58.85978446,54.90323991
No,53.38492193,0,100,0.509150466,18,4,West,65.23421026,54.40492193
No,55.6270072,0,10838,0.526138508,37,2,Eastern Islands,65.16818384,56.6470072
No,43.48094588,0,6402,0.537689769,28,3,Northern Rim,58.03735998,44.50094588
No,48.0971979,0,15067,0.534622525,58,3,Northern Rim,52.58800431,49.1171979
No,47.73726588,1,6559,0.487938428,39,5,Northern Rim,60.54409832,48.75726588
No,45.44491069,0,12639,0.535063283,44,3,West,55.86119724,46.46491069
No,59.26101663,0,9108,0.515321136,31,3,West,62.74510001,60.28101663
No,51.85440257,0,8640,0.530991657,38,4,Eastern Islands,54.24653353,52.87440257
No,37.63137481,0,18556,0.513086989,41,4,West,60.74975674,38.65137481
No,52.96427642,0,8177,0.515663715,44,4,West,58.19598843,53.98427642
No,49.45733109,0,13422,0.480218771,38,2,Eastern Islands,70.86802023,50.47733109
No,60.67253274,0,12166,0.515939997,51,3,Northern Rim,59.45846032,61.69253274
No,43.53132595,0,3729,0.509515787,37,2,Northern Rim,59.76169596,44.55132595
No,52.13296671,0,18346,0.512508115,32,3,West,67.91811287,53.15296671
No,57.24590405,0,14587,0.525592335,34,3,West,50.11273519,58.26590405
No,46.54744328,0,6389,0.509650215,65,4,West,54.91662712,47.56744328
No,61.15858826,0,10849,0.498016332,42,4,West,52.6266063,62.17858826
No,51.57335989,0,10895,0.496933933,40,4,West,51.64699619,52.59335989
No,48.12392993,0,10847,0.510085043,33,3,Eastern Islands,47.89499289,49.14392993
No,60.58622084,0,5418,0.506677981,22,3,Eastern Islands,54.83071748,61.60622084
No,58.09526092,0,13891,0.514440176,76,4,Eastern Islands,62.41968992,59.11526092
No,49.96080289,0,7084,0.463258304,38,5,Northern Rim,51.04345301,50.98080289
No,56.11196258,0,10047,0.502089844,30,5,West,52.83763514,57.13196258
No,33.51163018,0,9847,0.497638074,51,3,West,60.90969811,34.53163018
No,40.50653458,0,8616,0.51809924,47,3,Eastern Islands,48.30887476,41.52653458
No,58.30563214,0,12904,0.504840267,44,5,Northern Rim,59.47242319,59.32563214
No,56.31337288,0,5593,0.50533578,34,4,West,68.90526313,57.33337288
No,62.12449805,0,4152,0.518985177,26,3,Northern Rim,51.98896958,63.14449805
No,39.56928723,0,15908,0.523543058,56,3,Eastern Islands,52.5233889,40.58928723
No,44.97381895,0,6832,0.496147504,18,5,West,51.35669594,45.99381895
No,61.18693933,0,7226,0.537415677,18,3,West,54.40219965,62.20693933
No,47.24682487,0,8989,0.499693699,49,3,Northern Rim,58.28824154,48.26682487
No,64.02457416,0,10616,0.505352614,29,5,Northern Rim,41.86154604,65.04457416
No,67.85090715,0,16514,0.520898759,34,4,Eastern Islands,47.92640513,68.87090715
No,51.61347363,0,17916,0.453897646,35,4,Northern Rim,66.64726532,52.63347363
No,54.4756879,0,15295,0.505506153,70,4,West,50.33596831,55.4956879
No,54.75926891,0,558,0.516759184,43,2,Eastern Islands,44.36272465,55.77926891
No,49.73959866,0,13525,0.507129099,42,2,West,56.19376708,50.75959866
No,39.90342138,0,11948,0.481924993,36,3,Northern Rim,53.28233342,40.92342138
No,61.52209904,1,15406,0.492030444,30,3,Eastern Islands,46.47615215,62.54209904
No,64.09551875,1,13967,0.540731917,44,3,Eastern Islands,48.20449708,65.11551875
No,40.08246012,0,5349,0.50697818,50,3,Northern Rim,60.77827851,41.10246012
No,45.97414518,1,10955,0.478407236,32,4,Northern Rim,39.81185152,46.99414518
No,50.80558062,0,14535,0.537433589,43,5,West,63.28446122,51.82558062
No,46.64366011,0,6899,0.517166725,23,4,Northern Rim,65.47342936,47.66366011
No,55.28586483,0,14808,0.512958857,30,2,West,64.17255709,56.30586483
No,74.31564315,0,7904,0.506502888,46,4,Eastern Islands,58.43992785,75.33564315
No,50.06290007,1,11872,0.517811981,60,3,West,36.44331323,51.08290007
No,61.91910251,0,10540,0.517907854,33,3,Northern Rim,64.98764864,62.93910251
No,48.99061054,0,13759,0.54745162,48,2,Eastern Islands,55.18608093,50.01061054
No,55.40302386,0,9199,0.515789663,57,5,Eastern Islands,49.17757837,56.42302386
No,57.14827863,0,9556,0.525926111,37,5,Eastern Islands,53.82114827,58.16827863
No,48.84427137,0,10995,0.503754151,49,3,Eastern Islands,58.15843172,49.86427137
No,64.47426376,0,14381,0.470289356,38,4,Northern Rim,51.4618007,65.49426376
No,52.80382198,0,11758,0.512040691,67,4,Eastern Islands,56.11832755,53.82382198
No,72.12501838,0,16778,0.489453416,45,3,Eastern Islands,55.17732921,73.14501838
No,39.58036489,0,5959,0.513932113,41,4,Northern Rim,46.12539072,40.60036489
No,55.33098704,0,11882,0.514777659,40,4,Eastern Islands,52.31957492,56.35098704
No,36.81959171,1,8723,0.502731935,42,5,Eastern Islands,52.58884461,37.83959171
No,54.50363896,0,5067,0.518008437,31,3,West,49.59575876,55.52363896
No,37.01004047,0,15297,0.507655275,18,4,Eastern Islands,53.8489579,38.03004047
No,47.17215047,0,6833,0.482366169,41,3,Northern Rim,55.36527265,48.19215047
No,48.83743504,0,11250,0.556246619,45,5,West,58.30206396,49.85743504
No,46.94672238,0,7602,0.50978782,42,4,Northern Rim,56.28411549,47.96672238
No,49.16418177,0,11347,0.523167954,36,5,Northern Rim,66.38046949,50.18418177
No,46.08429066,1,11200,0.519187414,60,1,Northern Rim,45.41474138,47.10429066
No,47.18705195,0,11679,0.511466496,46,4,Northern Rim,55.22823893,48.20705195
No,42.84547108,0,7235,0.51607724,46,5,West,63.64720634,43.86547108
No,62.91773648,0,10889,0.521881593,55,4,West,53.15591688,63.93773648
No,53.78322714,0,12600,0.473136013,36,3,Northern Rim,54.24431341,54.80322714
No,44.64928999,0,8385,0.514400176,69,3,Northern Rim,35.59291885,45.66928999
No,48.50369894,0,10016,0.513851807,76,4,Northern Rim,59.33451937,49.52369894
No,46.2747565,0,7104,0.543048157,18,4,Eastern Islands,57.60235644,47.2947565
No,47.22968009,0,5828,0.502491621,42,4,Northern Rim,52.36469986,48.24968009
No,54.58920692,0,11453,0.503710178,48,4,Eastern Islands,57.68787586,55.60920692
No,63.1246969,0,5077,0.539275057,60,3,Northern Rim,63.15703389,64.1446969
No,33.6004524,0,1581,0.495482535,26,4,Eastern Islands,55.13667313,34.6204524
No,44.08218179,0,7451,0.509840786,57,2,West,59.97935697,45.10218179
No,41.01286504,0,6484,0.512554576,29,5,West,61.77181533,42.03286504
No,38.52058146,0,12130,0.480246935,42,5,West,42.16198992,39.54058146
No,40.36727443,0,8228,0.467510804,33,5,Northern Rim,52.70754192,41.38727443
No,47.50628058,0,6647,0.503605209,47,3,Eastern Islands,62.70773947,48.52628058
No,56.59585617,0,7351,0.513958111,41,4,West,51.99288024,57.61585617
No,48.73412481,0,1925,0.517379523,35,5,Eastern Islands,52.80978145,49.75412481
No,55.69024495,0,9204,0.536509253,58,4,Eastern Islands,62.92515308,56.71024495
No,45.92064533,0,13099,0.511714856,49,4,West,58.10992392,46.94064533
No,58.56848509,0,7769,0.516086597,63,3,Eastern Islands,59.64797123,59.58848509
No,47.88902438,0,14682,0.492537669,18,4,Eastern Islands,60.57264952,48.90902438
No,38.23987768,0,11854,0.523987703,29,3,Eastern Islands,52.07497133,39.25987768
No,49.33274925,0,5937,0.50057421,44,4,West,59.54827548,50.35274925
No,48.65641304,0,9154,0.497825127,22,3,West,62.16569717,49.67641304
No,54.95671793,0,12815,0.496811042,49,4,Eastern Islands,51.8138162,55.97671793
No,48.49763842,0,7688,0.484736359,61,4,West,60.3092681,49.51763842
No,48.39388551,0,15407,0.508323182,40,6,West,60.43685486,49.41388551
No,54.11571369,0,13776,0.497116354,23,4,Northern Rim,55.03543654,55.13571369
No,39.72112209,0,10052,0.506596886,65,4,West,56.38653259,40.74112209
No,37.49685265,0,11352,0.533339271,38,3,West,51.24275943,38.51685265
No,50.01694092,1,3511,0.516133155,36,4,West,71.42697675,51.03694092
No,43.25412098,0,5357,0.512023833,37,5,Eastern Islands,67.54618028,44.27412098
No,60.43077539,0,14260,0.498464788,56,3,Eastern Islands,62.64428378,61.45077539
No,59.99871389,0,13278,0.514986376,56,4,Eastern Islands,67.66930643,61.01871389
No,42.75851772,1,7118,0.492709147,29,3,West,55.60601048,43.77851772
No,54.37071707,0,1951,0.50170086,62,4,West,60.04669008,55.39071707
No,44.07677165,0,11567,0.528540229,45,5,Northern Rim,51.90030806,45.09677165
No,53.65361266,0,12923,0.506321205,20,3,West,64.35294658,54.67361266
No,50.25581986,0,5700,0.524772554,26,1,Eastern Islands,55.55953915,51.27581986
No,54.24816576,0,10943,0.52994834,44,5,Eastern Islands,57.5146859,55.26816576
No,42.86651153,0,14355,0.502098208,21,4,Eastern Islands,62.77907483,43.88651153
No,49.38574909,0,9966,0.531275491,34,3,West,74.01567493,50.40574909
No,43.27284694,0,3414,0.516585873,58,4,West,60.91503027,44.29284694
No,46.66270992,0,12254,0.497291591,45,3,West,52.04892621,47.68270992
No,45.35428509,1,7328,0.520389384,54,5,Eastern Islands,47.57915335,46.37428509
No,66.9136443,0,17557,0.504172856,42,4,West,51.13026195,67.9336443
No,45.73073057,0,8424,0.489227289,52,3,Northern Rim,51.94122511,46.75073057
No,51.4150752,0,14789,0.502719973,29,4,Northern Rim,50.93691572,52.4350752
No,29.30038408,0,11887,0.529783981,42,4,West,57.28059778,30.32038408
No,41.5778834,1,14795,0.503048084,37,5,West,59.06184728,42.5978834
No,47.17476821,1,14912,0.483181782,39,3,Eastern Islands,56.53120443,48.19476821
No,43.06659118,0,9674,0.504677859,61,3,Northern Rim,48.52292696,44.08659118
No,55.10933237,0,604,0.518886255,49,4,Eastern Islands,66.49566097,56.12933237
No,52.45782794,1,12564,0.500391536,28,3,West,54.07466349,53.47782794
No,33.45342637,0,8736,0.4938806,37,4,Eastern Islands,61.9961012,34.47342637
No,40.18889588,0,16715,0.490531936,26,5,West,56.41336479,41.20889588
No,49.04803922,0,8561,0.523264416,39,3,Northern Rim,55.70657709,50.06803922
No,48.8863882,0,11287,0.522133851,52,4,West,55.3197868,49.9063882
No,40.12027191,0,9906,0.5192836,39,3,Eastern Islands,56.38499923,41.14027191
No,46.66051413,0,5838,0.501587011,19,3,West,47.5488335,47.68051413
No,67.89571179,0,11883,0.49924321,33,4,Eastern Islands,58.1902569,68.91571179
No,54.12766153,1,6267,0.467503482,21,5,West,53.77496828,55.14766153
No,55.23794338,0,6352,0.480453794,32,5,Eastern Islands,65.53244346,56.25794338
No,43.84707294,0,9406,0.521752031,38,2,Eastern Islands,56.00587913,44.86707294
No,53.36766462,0,7327,0.526378385,36,3,Eastern Islands,52.30918772,54.38766462
No,43.9069321,0,7331,0.485495454,39,4,Eastern Islands,51.96317559,44.9269321
No,47.80224774,0,8742,0.466727431,42,4,Northern Rim,49.48227292,48.82224774
No,51.15308438,0,10940,0.496003687,43,1,Northern Rim,50.34673854,52.17308438
No,41.01358182,0,13478,0.53848997,18,2,Northern Rim,58.43385127,42.03358182
No,56.51432531,0,7681,0.531451314,39,4,Northern Rim,57.76767054,57.53432531
No,51.04082861,0,15576,0.528425927,41,3,West,58.65661831,52.06082861
No,47.59648773,0,11551,0.516501855,26,4,Eastern Islands,61.6271091,48.61648773
No,52.6929298,0,5649,0.522213404,55,2,West,44.09906087,53.7129298
No,55.26015247,0,16317,0.53268054,31,4,West,60.91218088,56.28015247
No,54.62545815,0,10769,0.5106666,32,3,West,75.19486831,55.64545815
No,59.09450041,0,6735,0.517123651,54,2,West,44.31077959,60.11450041
No,61.99026321,0,2002,0.503388244,32,4,Northern Rim,56.02054877,63.01026321
No,34.80415501,0,7454,0.487792464,28,3,Northern Rim,59.29035767,35.82415501
No,42.42505689,0,8967,0.494028832,21,3,West,52.852653,43.44505689
No,60.09836276,0,13272,0.506378416,47,2,West,45.9478054,61.11836276
No,50.66317394,0,6001,0.49621708,40,4,Northern Rim,38.253861,51.68317394
No,57.95301234,0,12154,0.514455369,44,5,Northern Rim,59.76701031,58.97301234
No,54.42323403,0,14153,0.495625699,44,3,West,66.41371957,55.44323403
No,62.36016792,0,3698,0.509002351,74,3,West,41.18951731,63.38016792
No,54.51524045,0,18486,0.504183282,43,3,Eastern Islands,59.43738466,55.53524045
No,51.23719043,0,5085,0.52930589,45,4,Eastern Islands,77.68867137,52.25719043
No,49.80138339,0,9969,0.521843388,62,4,Northern Rim,52.78476782,50.82138339
No,42.13481045,0,11625,0.527624448,48,3,West,55.80968524,43.15481045
No,59.65963562,0,8419,0.513462317,38,3,Eastern Islands,56.4392969,60.67963562
No,46.61023956,0,18331,0.472182231,48,5,Northern Rim,54.73236195,47.63023956
No,55.68935834,1,12954,0.483789001,34,4,Northern Rim,42.2901865,56.70935834
No,66.38126202,0,9507,0.494080753,54,3,Eastern Islands,55.39885867,67.40126202
No,46.15692398,0,2210,0.477074751,50,4,Northern Rim,47.69781052,47.17692398
No,62.39639516,0,6105,0.476218897,41,5,Northern Rim,65.34472125,63.41639516
No,48.84510678,0,10825,0.53995777,60,4,Eastern Islands,47.64100043,49.86510678
No,45.84771069,0,10073,0.464508454,18,3,West,62.29946024,46.86771069
No,47.99886384,0,9925,0.541116789,18,3,West,64.6616653,49.01886384
No,35.20612751,0,11088,0.487374775,41,2,Eastern Islands,58.92985889,36.22612751
No,49.87470285,0,16673,0.524741975,21,4,Northern Rim,57.46691039,50.89470285
No,60.50565258,0,7029,0.512014728,55,3,Eastern Islands,53.52793174,61.52565258
No,41.9807902,0,6624,0.50431816,18,4,Northern Rim,61.48348478,43.0007902
No,48.34356598,0,6296,0.508168799,41,3,Eastern Islands,56.25162963,49.36356598
No,50.63749098,1,17422,0.502655389,18,2,West,54.48973966,51.65749098
No,44.96171828,0,12692,0.498728258,50,5,West,62.27099926,45.98171828
No,48.34477001,0,12298,0.514273258,26,4,Eastern Islands,61.34020157,49.36477001
No,48.39573963,0,19543,0.48956557,38,3,Eastern Islands,61.81253465,49.41573963
No,58.52515347,1,15382,0.511358407,42,4,Eastern Islands,49.76096863,59.54515347
No,49.3810991,0,10602,0.49969349,18,6,West,66.30722375,50.4010991
No,41.88476275,0,9862,0.503280657,23,4,West,62.15442458,42.90476275
No,56.23939013,0,17084,0.487536073,65,2,Eastern Islands,59.25068205,57.25939013
No,57.63244269,0,11540,0.537220705,60,4,Eastern Islands,54.10081644,58.65244269
No,52.16435492,0,23121,0.489524761,32,5,West,52.58877249,53.18435492
No,55.91945484,1,13468,0.539083772,62,3,West,54.42273034,56.93945484
No,49.96801377,0,7111,0.4900123,53,4,Eastern Islands,57.40478662,50.98801377
No,51.20310007,0,8534,0.507400022,49,5,Northern Rim,74.48770238,52.22310007
No,60.52156203,0,1968,0.511667292,39,3,Eastern Islands,66.04963648,61.54156203
No,42.68789639,0,15949,0.528980761,30,2,Eastern Islands,52.09718984,43.70789639
No,50.90176282,0,19810,0.512308304,27,4,West,56.44272573,51.92176282
No,57.01141211,0,12782,0.538684415,38,5,West,69.06175285,58.03141211
No,47.2480937,0,5680,0.504813086,41,3,Eastern Islands,64.9302495,48.2680937
No,53.21494298,0,5952,0.49570704,29,3,Eastern Islands,61.5508972,54.23494298
No,49.37156031,0,6784,0.502111261,58,2,Northern Rim,60.01880013,50.39156031
No,45.65737409,0,13812,0.503081096,28,5,Eastern Islands,63.05830724,46.67737409
No,54.49776206,0,5040,0.51219854,39,4,Northern Rim,58.19808017,55.51776206
No,47.64264977,0,16579,0.485375795,39,2,Eastern Islands,66.90081197,48.66264977
No,45.16129285,0,9830,0.50724927,24,2,Northern Rim,55.30530682,46.18129285
No,44.92281543,1,11033,0.543543445,26,5,Eastern Islands,44.55685397,45.94281543
No,47.81846248,0,11405,0.498210613,26,4,Eastern Islands,58.25578301,48.83846248
No,60.80739298,0,13519,0.541605092,72,5,West,56.92642372,61.82739298
No,50.78724934,0,4985,0.518138631,37,3,Eastern Islands,49.42132192,51.80724934
No,40.42772745,0,4819,0.507540178,54,4,Eastern Islands,56.24094326,41.44772745
No,58.86658589,0,971,0.500246421,51,4,Northern Rim,44.26976635,59.88658589
No,56.12559697,0,5075,0.543704119,48,4,West,49.34942633,57.14559697
No,51.06890968,0,13517,0.495130987,50,4,Northern Rim,42.00866667,52.08890968
No,67.7191162,0,3631,0.515972501,62,4,Northern Rim,66.20173105,68.7391162
No,41.66710654,0,9820,0.484278777,52,3,Northern Rim,68.83091386,42.68710654
No,46.62745179,0,4753,0.520556267,62,6,Northern Rim,60.64353539,47.64745179
No,62.39902108,0,15868,0.53325602,44,2,Eastern Islands,64.66530796,63.41902108
No,40.93183155,0,13401,0.508243792,61,3,Eastern Islands,52.0809403,41.95183155
No,46.8388064,0,9497,0.536626143,44,4,Northern Rim,59.12149675,47.8588064
No,55.32695937,0,8010,0.531108987,66,5,Northern Rim,56.58300117,56.34695937
No,44.57358708,0,13968,0.522487471,36,4,West,61.21304136,45.59358708
No,60.45310621,0,14361,0.475143395,59,5,West,51.70805353,61.47310621
No,54.98239692,0,10570,0.506517636,43,4,Northern Rim,56.68637545,56.00239692
No,56.13443598,0,17991,0.520330947,52,4,Northern Rim,56.23218923,57.15443598
No,41.27758699,0,15809,0.534856471,23,4,Eastern Islands,62.95122773,42.29758699
No,46.26611539,0,12656,0.509266465,32,4,Northern Rim,57.59063644,47.28611539
No,54.04993932,0,10774,0.487655192,58,3,Eastern Islands,61.81741838,55.06993932
No,59.91596316,0,11742,0.503332909,32,3,Northern Rim,62.62289747,60.93596316
No,48.71589844,0,11349,0.488977187,48,5,Northern Rim,42.70480445,49.73589844
No,51.68495546,0,9431,0.453040259,28,4,West,73.62501939,52.70495546
No,44.44998555,0,6134,0.518322741,33,3,Eastern Islands,48.51411669,45.46998555
No,45.50881868,0,5726,0.544667464,18,4,Eastern Islands,60.19487558,46.52881868
No,62.08125604,0,14591,0.48817604,53,1,West,62.76790152,63.10125604
No,50.60334667,0,12531,0.47656252,43,4,Northern Rim,50.75569084,51.62334667
No,48.43477957,0,9420,0.509205847,38,3,Eastern Islands,56.56015286,49.45477957
No,38.00034281,0,14034,0.51272927,47,1,Northern Rim,59.38217412,39.02034281
No,49.92078662,0,8873,0.502318901,19,3,Northern Rim,54.03920413,50.94078662
No,45.31503201,0,6243,0.485845905,28,4,Northern Rim,67.3826029,46.33503201
No,51.82265399,0,12770,0.504975214,42,3,Eastern Islands,49.67305714,52.84265399
No,49.99614286,0,21657,0.500947578,18,4,West,65.71640446,51.01614286
No,38.2167603,0,15667,0.489165822,25,2,Eastern Islands,78.22920629,39.2367603
No,52.70383034,0,7942,0.517670777,33,4,West,56.89454621,53.72383034
No,45.14078105,1,11111,0.520240106,45,3,Eastern Islands,53.30418867,46.16078105
No,41.17454467,0,11071,0.504489258,33,4,Eastern Islands,59.11056266,42.19454467
No,51.98928016,0,5952,0.502302128,40,3,Eastern Islands,66.07744051,53.00928016
No,45.44543151,0,3175,0.523221706,45,4,Northern Rim,66.31153447,46.46543151
No,56.18105208,1,13311,0.490525417,32,3,Northern Rim,57.03372351,57.20105208
No,48.01459196,0,11709,0.538811027,51,4,West,70.63626948,49.03459196
No,51.5745527,0,5530,0.51270554,51,3,Eastern Islands,52.76807066,52.5945527
No,44.69161423,1,15308,0.530687756,51,4,Eastern Islands,56.87647257,45.71161423
No,58.64945938,0,13833,0.516025568,35,4,Northern Rim,59.8677786,59.66945938
No,37.26688983,0,5681,0.521605917,45,3,Eastern Islands,50.95066427,38.28688983
No,57.71067218,0,10022,0.472606795,18,3,West,61.10620598,58.73067218
No,31.91512877,0,12374,0.501758143,30,2,Northern Rim,51.16248663,32.93512877
No,46.17335177,0,4709,0.547501429,49,2,Eastern Islands,72.78550956,47.19335177
No,40.33995029,0,2039,0.509198985,18,5,West,56.9661951,41.35995029
No,48.0921006,0,8385,0.573317349,31,5,Northern Rim,50.75569122,49.1121006
No,47.37782338,0,6319,0.493458484,80,5,Eastern Islands,69.50010708,48.39782338
No,47.90990082,0,7428,0.528252196,29,2,Eastern Islands,54.74546799,48.92990082
No,51.49598977,0,8809,0.54496762,30,2,West,50.83911094,52.51598977
No,45.67367103,0,5833,0.532057791,51,4,West,65.6438996,46.69367103
No,51.18186309,0,13173,0.495400413,59,3,West,54.22493511,52.20186309
No,57.37247119,0,435,0.514387502,37,6,Eastern Islands,54.75561883,58.39247119
No,57.89714168,0,8038,0.500331372,24,4,Eastern Islands,43.98065178,58.91714168
No,54.12691825,0,14233,0.527166883,24,4,West,55.88947091,55.14691825
No,50.37999585,0,8394,0.503048588,74,4,Eastern Islands,41.73803215,51.39999585
No,66.02632339,0,13821,0.493853543,55,2,Northern Rim,55.93611781,67.04632339
No,50.61677609,0,4312,0.524816517,58,2,Eastern Islands,61.10252815,51.63677609
No,50.05303528,0,8345,0.494201922,25,4,Northern Rim,54.8812792,51.07303528
No,48.59891009,0,8981,0.528677324,31,5,Northern Rim,50.62824248,49.61891009
No,36.94459846,0,8381,0.496325453,21,5,Eastern Islands,50.37981065,37.96459846
No,58.63641397,0,14020,0.493498212,45,4,West,57.75602808,59.65641397
No,42.96104398,1,17556,0.528603914,24,3,Eastern Islands,59.36988678,43.98104398
No,54.94063119,0,12016,0.509496404,34,3,Northern Rim,48.15388167,55.96063119
No,47.16664429,0,16344,0.490955094,46,5,Northern Rim,53.74565131,48.18664429
No,48.8068765,0,9577,0.517339417,43,4,West,51.80826456,49.8268765
No,64.86793294,0,9494,0.496341008,36,4,Eastern Islands,50.46672379,65.88793294
No,53.57465543,0,12392,0.480045253,41,3,West,57.27580891,54.59465543
No,57.80919886,0,6171,0.514584505,35,3,Northern Rim,46.65026687,58.82919886
No,67.62006581,0,5286,0.496589876,49,1,Northern Rim,61.29034718,68.64006581
No,56.64621486,0,13750,0.48617403,43,3,Northern Rim,60.54737074,57.66621486
No,48.64313092,0,12221,0.48012361,53,4,Northern Rim,65.23529159,49.66313092
No,52.20625023,0,11606,0.503022204,54,4,Eastern Islands,57.27463865,53.22625023
No,61.2869378,0,9934,0.50598629,43,2,West,57.19838232,62.3069378
No,60.18340213,0,15306,0.530545668,74,5,West,53.67134595,61.20340213
No,53.97354447,0,15205,0.508992404,45,3,Northern Rim,59.49422195,54.99354447
No,59.94336334,1,8845,0.517218916,33,4,Northern Rim,55.5460383,60.96336334
No,47.42875496,1,13517,0.481963116,32,5,West,59.5618629,48.44875496
No,55.1172136,0,12430,0.491368711,39,5,West,51.97448964,56.1372136
No,58.0334197,0,6615,0.530472288,30,3,Eastern Islands,56.35450122,59.0534197
No,49.87122461,0,2552,0.481533009,31,5,Northern Rim,63.92990037,50.89122461
No,48.09175462,0,9444,0.523471364,60,3,Eastern Islands,71.96251476,49.11175462
No,58.55690919,0,5417,0.524876204,46,3,Northern Rim,59.75620394,59.57690919
No,56.44911395,0,5944,0.503316842,46,2,West,47.99296524,57.46911395
No,59.1640498,0,15884,0.511337592,32,4,Eastern Islands,57.72976068,60.1840498
No,44.07118726,0,7014,0.517869447,57,4,Northern Rim,61.78624453,45.09118726
No,65.97752388,0,9946,0.517387501,48,4,Northern Rim,51.31198542,66.99752388
No,47.02660162,0,12684,0.542537859,50,4,West,51.18112474,48.04660162
No,74.40861086,0,14878,0.501460118,30,1,West,60.66431728,75.42861086
No,53.30144881,0,10270,0.519470236,45,4,Eastern Islands,53.062228,54.32144881
No,43.44942143,0,5981,0.531621473,37,4,Northern Rim,41.18245243,44.46942143
No,59.58793139,0,7658,0.497372578,21,2,Northern Rim,49.84961388,60.60793139
No,49.56618212,0,8245,0.543205139,59,1,Eastern Islands,56.32136316,50.58618212
No,50.12837403,0,9040,0.510599859,40,4,Northern Rim,52.19578301,51.14837403
No,48.02575997,0,10769,0.489023974,29,5,Northern Rim,61.37875606,49.04575997
No,50.23859088,0,11131,0.5343559,76,4,West,65.39224321,51.25859088
No,57.39404038,0,13287,0.514353032,33,3,West,48.76827224,58.41404038
No,49.71183655,0,19344,0.508877613,73,2,Eastern Islands,59.87297401,50.73183655
No,46.08663772,0,11859,0.478334527,28,3,Eastern Islands,45.11890846,47.10663772
No,61.63828535,0,11184,0.501494682,49,4,Northern Rim,49.19502891,62.65828535
No,45.70926315,0,13584,0.481865703,20,2,Northern Rim,66.42662063,46.72926315
No,44.88042527,0,7540,0.518192554,25,3,West,44.20866468,45.90042527
No,52.67355583,0,13591,0.518391961,46,1,Northern Rim,48.16818276,53.69355583
No,46.65782734,0,16586,0.524454493,34,4,West,62.84065067,47.67782734
No,56.57007412,0,100,0.487036925,40,4,Eastern Islands,57.45273105,57.59007412
No,52.16891613,0,100,0.498687668,62,3,Eastern Islands,61.0528063,53.18891613
No,52.15418756,0,6521,0.514402222,39,1,Eastern Islands,62.19338264,53.17418756
No,47.83689243,0,15147,0.518346105,33,4,Northern Rim,63.19222036,48.85689243
No,53.58582241,0,11183,0.546797118,36,2,Northern Rim,58.42758073,54.60582241
No,40.86093629,0,10022,0.523679503,47,4,Northern Rim,63.79108602,41.88093629
No,54.35485336,0,1108,0.535852045,49,2,Eastern Islands,65.36236636,55.37485336
No,60.54114754,0,6763,0.495378786,56,3,Northern Rim,56.59285354,61.56114754
No,59.30189176,0,7404,0.469131288,37,5,Eastern Islands,46.35538699,60.32189176
No,67.17036584,0,9392,0.500663947,38,3,West,60.56125566,68.19036584
No,51.38122092,0,17227,0.535325228,59,4,Northern Rim,51.17156535,52.40122092
No,45.22496737,0,6551,0.493996912,35,3,Northern Rim,55.91523084,46.24496737
No,51.25976124,0,11891,0.522250968,42,3,Eastern Islands,64.88728189,52.27976124
No,52.23618706,1,11429,0.517579462,67,4,West,55.614696,53.25618706
No,58.32021675,0,13338,0.507261489,36,2,Northern Rim,65.83245842,59.34021675
No,48.46276538,0,12618,0.507836146,61,4,Northern Rim,63.38568116,49.48276538
No,53.00503197,0,14407,0.495790524,40,4,Northern Rim,61.83599491,54.02503197
No,44.12140199,0,7937,0.522461348,35,2,West,51.02306268,45.14140199
No,45.45277369,0,5216,0.497809058,42,2,Eastern Islands,53.24261301,46.47277369
No,42.76989546,0,2047,0.52352361,70,3,West,61.04151303,43.78989546
No,40.90072578,0,9984,0.487442673,33,2,Northern Rim,44.74077819,41.92072578
No,38.35919344,0,7231,0.500645894,33,2,West,50.345179,39.37919344
No,65.07339053,1,13114,0.508032291,43,2,Eastern Islands,64.88061844,66.09339053
No,61.31612225,0,5897,0.505888153,53,4,Eastern Islands,68.74465927,62.33612225
No,44.48124328,0,13797,0.499978728,53,3,Northern Rim,46.26200473,45.50124328
No,61.83559643,0,9140,0.487868736,58,1,Northern Rim,64.07662362,62.85559643
No,41.83060652,0,4422,0.54059259,35,5,Northern Rim,64.76184963,42.85060652
No,43.8618664,0,2766,0.514804988,53,3,Eastern Islands,55.321786,44.8818664
No,66.04927171,0,12328,0.468656829,29,2,West,36.2037452,67.06927171
No,73.44697772,0,16697,0.51679182,36,4,West,63.33609564,74.46697772
No,45.46108162,1,10746,0.503022274,58,5,West,55.21184384,46.48108162
No,47.10024352,0,12243,0.512765169,61,4,Northern Rim,53.04637961,48.12024352
No,54.16247119,0,5456,0.56966898,52,4,Northern Rim,51.75349462,55.18247119
No,57.33519593,0,9286,0.525890194,52,3,West,48.5680576,58.35519593
No,69.66211612,0,11935,0.534163787,34,3,Eastern Islands,52.85813593,70.68211612
No,41.59776662,0,5989,0.475210838,27,3,West,57.47156629,42.61776662
No,39.17569754,0,19566,0.511441163,42,2,West,55.90254498,40.19569754
No,46.03766913,0,17291,0.517320449,43,3,West,63.44152999,47.05766913
No,50.74478937,0,10244,0.493324116,18,1,Northern Rim,57.6709094,51.76478937
No,62.16320011,0,8041,0.473357682,42,3,West,43.31245904,63.18320011
No,40.27674343,1,20059,0.490230625,46,3,West,58.29658272,41.29674343
No,59.78727634,0,13020,0.537429683,37,4,West,56.24692597,60.80727634
No,49.02879229,0,14003,0.51878283,48,3,West,50.7571534,50.04879229
No,40.4594697,0,8643,0.558645074,56,4,West,64.51290855,41.4794697
No,35.29615079,0,15710,0.479398314,50,4,Eastern Islands,45.23472344,36.31615079
No,48.54654344,0,9537,0.4973671,28,3,West,51.37508831,49.56654344
No,35.61739364,1,16695,0.484427726,59,4,Northern Rim,48.3273508,36.63739364
No,42.66024457,0,14387,0.498560013,48,5,West,57.31207149,43.68024457
No,54.63838239,1,7019,0.559304611,33,2,Northern Rim,65.34372656,55.65838239
No,46.93595669,0,7347,0.48319963,50,2,Eastern Islands,49.23346488,47.95595669
No,62.58242888,0,10344,0.538345344,64,4,West,53.45599666,63.60242888
No,53.64463122,0,8328,0.500142,35,2,Eastern Islands,62.45226781,54.66463122
No,58.92588393,0,8857,0.507681248,43,4,Northern Rim,51.15161563,59.94588393
No,55.55593895,0,8915,0.513189972,48,2,West,49.31292113,56.57593895
No,55.37229926,0,12205,0.501084904,32,4,Eastern Islands,60.0489342,56.39229926
No,65.91869935,0,14920,0.525088728,43,2,Eastern Islands,58.4758804,66.93869935
No,37.48747218,0,4100,0.51035213,20,2,Eastern Islands,60.83348728,38.50747218
No,46.54465899,0,17398,0.544613779,39,3,Northern Rim,61.46627371,47.56465899
No,42.84706394,0,10312,0.52144922,44,4,Northern Rim,61.99527601,43.86706394
No,49.00179342,0,7819,0.509145716,44,4,West,53.59971737,50.02179342
No,53.82339179,0,10429,0.509871055,44,3,Eastern Islands,55.68212529,54.84339179
No,47.45559845,0,9300,0.542812452,20,4,Northern Rim,64.68241215,48.47559845
No,42.85398997,0,4870,0.507357116,23,4,Eastern Islands,66.9543242,43.87398997
No,48.94377714,0,11243,0.49583187,30,4,West,54.8638518,49.96377714
No,54.27658498,1,10890,0.500764736,52,3,Eastern Islands,64.12584871,55.29658498
No,46.06334828,0,10751,0.495307265,45,4,West,49.65833774,47.08334828
No,60.56381015,0,14279,0.489891379,53,1,Eastern Islands,58.75550595,61.58381015
No,52.95837318,0,6114,0.533170287,33,3,Northern Rim,46.22222823,53.97837318
No,55.4755495,1,10148,0.481723167,44,5,Northern Rim,66.92396949,56.4955495
No,56.9874969,0,6411,0.487346181,46,3,Northern Rim,54.19906677,58.0074969
No,50.72895919,0,11151,0.517864168,43,2,Northern Rim,52.98258473,51.74895919
No,56.75713474,0,13378,0.530605416,46,3,West,45.79704867,57.77713474
No,63.06294067,0,9772,0.525887935,41,2,West,67.94047565,64.08294067
No,54.67004133,0,10084,0.480172548,51,4,Northern Rim,46.87930167,55.69004133
No,47.64943381,1,13044,0.477779508,46,4,Eastern Islands,51.01681137,48.66943381
No,42.5949001,0,10275,0.538854362,54,3,West,58.74091926,43.6149001
No,41.5954321,0,13441,0.482843469,46,5,West,63.8467323,42.6154321
No,68.10546252,0,4524,0.506278031,45,4,Northern Rim,61.48812701,69.12546252
No,45.07534171,0,5745,0.503806191,51,2,Eastern Islands,55.28181444,46.09534171
No,40.36403461,0,8682,0.482305616,56,2,West,51.78566655,41.38403461
No,59.94921994,0,11885,0.535131226,18,4,West,61.03585184,60.96921994
No,56.5738125,0,12816,0.520394655,18,2,Northern Rim,53.04403791,57.5938125
No,52.47729947,0,7351,0.499375235,37,2,West,66.0488646,53.49729947
No,46.18289967,0,12804,0.546485564,66,4,West,71.09092061,47.20289967
No,49.48448786,0,9512,0.480437456,60,4,Eastern Islands,49.42420757,50.50448786
No,49.95736134,0,9785,0.498026752,37,2,Northern Rim,67.53195895,50.97736134
No,58.71471961,0,8429,0.521564524,45,2,Eastern Islands,51.42531131,59.73471961
No,52.06127553,1,4227,0.501486324,52,3,West,62.07803471,53.08127553
No,50.89109559,0,16068,0.494489683,44,5,Eastern Islands,47.02991747,51.91109559
No,50.53830338,0,11589,0.539722479,30,3,Eastern Islands,47.16802319,51.55830338
No,56.97349139,0,5656,0.506451216,31,5,Northern Rim,52.78188556,57.99349139
No,39.82841483,0,14560,0.513789327,29,5,West,61.42805563,40.84841483
No,36.50417916,0,7541,0.487159169,46,4,Eastern Islands,55.85627659,37.52417916
No,40.56936457,0,7200,0.497084675,33,4,Eastern Islands,49.21531577,41.58936457
No,53.16899246,0,10864,0.506780791,39,5,West,56.46456743,54.18899246
No,45.44870934,0,7430,0.52240037,51,2,Northern Rim,55.76223928,46.46870934
No,62.88090824,0,16916,0.538029324,20,3,Northern Rim,64.41841493,63.90090824
No,55.50970769,0,19145,0.50376494,18,4,Eastern Islands,69.67673832,56.52970769
No,38.98965033,0,5731,0.522268875,38,4,Northern Rim,61.69133491,40.00965033
No,37.92609485,0,11792,0.556023144,69,4,West,44.61237831,38.94609485
No,51.25805937,0,18921,0.532081615,40,3,Northern Rim,54.61458698,52.27805937
No,61.06357597,0,5159,0.54338287,44,2,Eastern Islands,51.64104468,62.08357597
No,51.83023171,0,15600,0.488529142,57,4,Eastern Islands,50.51699681,52.85023171
No,55.27908128,0,15695,0.503077555,29,5,West,42.25081582,56.29908128
No,55.93705391,0,11687,0.504755985,51,4,West,46.75131728,56.95705391
No,41.38594849,0,13540,0.506102292,48,3,Eastern Islands,62.86702722,42.40594849
No,61.42353799,0,12042,0.519505005,50,5,Eastern Islands,52.31101188,62.44353799
No,32.54552003,0,7322,0.505415608,46,4,Northern Rim,55.72530755,33.56552003
No,47.54797516,0,10077,0.493224847,46,2,West,69.55866436,48.56797516
No,48.72179146,1,10077,0.487337504,58,6,Eastern Islands,63.92521632,49.74179146
No,43.1499011,0,7673,0.529239435,36,3,Eastern Islands,57.12350844,44.1699011
No,31.71168991,0,7572,0.513811322,80,3,West,46.85792665,32.73168991
No,57.10186864,0,5702,0.510814558,35,4,Eastern Islands,52.1095916,58.12186864
No,45.05148666,0,8084,0.539109281,38,4,Eastern Islands,56.66866582,46.07148666
No,41.39290368,0,16587,0.491507837,40,4,West,45.96285262,42.41290368
No,60.15514069,0,12657,0.512822101,55,2,Northern Rim,60.75836621,61.17514069
No,47.6680939,0,6439,0.528863975,37,2,Eastern Islands,42.51726028,48.6880939
No,46.43830265,0,10248,0.511119647,27,4,West,64.8707403,47.45830265
No,53.74294486,0,5379,0.539269568,38,2,West,49.66627005,54.76294486
No,52.0598197,0,15754,0.484291288,66,3,West,52.03181963,53.0798197
No,55.9952405,0,14132,0.51149867,27,5,Eastern Islands,64.32816935,57.0152405
No,64.58604864,0,11666,0.523290969,66,3,Northern Rim,60.9684973,65.60604864
No,44.48700673,0,11529,0.483022204,21,3,West,49.76209531,45.50700673
No,59.72872406,0,11271,0.471237797,46,5,Northern Rim,45.59212224,60.74872406
No,51.94767063,0,13845,0.500721089,40,4,Eastern Islands,58.47900727,52.96767063
No,42.49124213,0,9269,0.550284182,30,2,West,67.94346147,43.51124213
No,59.11969083,0,5754,0.497221463,48,4,Northern Rim,62.14118397,60.13969083
No,59.98802077,0,8564,0.505618728,24,4,Northern Rim,60.92281056,61.00802077
No,56.01918674,0,9776,0.517610482,37,4,West,66.20343516,57.03918674
No,47.73663229,0,14081,0.50367814,35,5,West,58.34791764,48.75663229
No,54.87168849,0,13054,0.51748751,33,4,Northern Rim,58.85299063,55.89168849
No,62.95054862,0,7484,0.543247745,36,4,Eastern Islands,55.20610102,63.97054862
No,55.02384481,0,10617,0.5284078,18,4,Northern Rim,62.8872113,56.04384481
No,61.80220565,0,7828,0.51791531,54,4,Northern Rim,52.44368978,62.82220565
No,47.87152766,0,10102,0.525671743,47,2,Northern Rim,64.20308171,48.89152766
No,50.62959313,0,5298,0.515128571,55,4,Northern Rim,71.22595458,51.64959313
No,50.1246196,0,8363,0.516155723,38,3,West,45.60503669,51.1446196
No,26.60429148,0,4377,0.508919639,59,2,Northern Rim,48.89497622,27.62429148
No,53.537743,1,7245,0.535523341,51,1,Northern Rim,56.48043894,54.557743
No,47.40488141,0,7800,0.510397317,24,3,West,57.44361669,48.42488141
No,50.73898288,0,15782,0.489889937,22,6,Eastern Islands,52.50290987,51.75898288
No,38.6609014,1,13633,0.503761138,50,5,Northern Rim,64.00524722,39.6809014
No,58.27866784,0,15458,0.56778822,32,3,Northern Rim,47.64004963,59.29866784
No,60.20723666,0,9193,0.527114799,32,3,Northern Rim,55.22832873,61.22723666
No,49.89520638,0,11261,0.523847612,32,4,Northern Rim,52.61911472,50.91520638
No,43.79638363,0,15845,0.529514033,58,4,West,54.56420019,44.81638363
No,55.51310903,0,5560,0.500153555,73,2,Eastern Islands,39.83755104,56.53310903
No,53.78475578,0,11753,0.512507369,38,6,West,60.63157371,54.80475578
No,44.90657764,0,16664,0.516501195,18,4,West,47.5276992,45.92657764
No,53.80435878,0,6737,0.499746586,36,4,Northern Rim,52.97259402,54.82435878
No,57.07989878,0,7963,0.498772442,61,3,West,70.82721358,58.09989878
No,62.56177901,0,9863,0.521937294,18,5,West,54.61751649,63.58177901
No,50.62616365,0,12483,0.474917968,41,3,Northern Rim,67.37812301,51.64616365
No,37.42877875,0,6583,0.490388438,26,4,Eastern Islands,63.62046133,38.44877875
No,57.66205865,0,5384,0.51369927,34,4,West,45.70012195,58.68205865
No,38.27346703,0,12917,0.499535877,65,3,Eastern Islands,59.12273281,39.29346703
No,50.2852217,0,8220,0.475921152,53,2,West,56.47311198,51.3052217
No,43.60773724,0,6013,0.555848119,21,3,West,55.83315846,44.62773724
No,44.06008618,0,4611,0.528861394,64,6,Eastern Islands,51.36463081,45.08008618
No,51.45764827,0,100,0.520269466,69,3,West,61.64512093,52.47764827
No,50.21434365,0,16455,0.488225124,20,4,Eastern Islands,65.26966167,51.23434365
No,57.9782885,0,18625,0.521321972,38,4,Northern Rim,57.12484639,58.9982885
No,44.37305543,0,8815,0.528557732,34,3,West,48.02774631,45.39305543
No,42.65474417,0,6172,0.49994561,42,4,Eastern Islands,58.72160344,43.67474417
No,57.65658206,0,2948,0.530959477,61,6,Eastern Islands,56.55066582,58.67658206
No,47.61646759,0,1149,0.511362202,61,1,Northern Rim,49.64480902,48.63646759
No,41.76800938,0,10359,0.512229613,57,4,West,46.53737459,42.78800938
No,53.28512309,0,10011,0.506608036,38,4,Northern Rim,60.95717807,54.30512309
No,45.72513042,0,15343,0.512442505,47,4,Northern Rim,44.58835209,46.74513042
No,48.73596335,1,12893,0.521297204,45,2,Northern Rim,66.3708705,49.75596335
No,60.56277098,0,12392,0.485388636,46,5,Northern Rim,50.70416674,61.58277098
No,40.85883063,0,8860,0.523499781,46,5,Eastern Islands,65.48184392,41.87883063
No,51.18362176,1,13657,0.517129808,58,3,Northern Rim,57.34770094,52.20362176
No,41.23056465,0,4634,0.494197365,53,3,Northern Rim,56.00761506,42.25056465
No,49.2274976,0,2494,0.525284142,49,5,West,68.9386951,50.2474976
No,43.80569371,0,4696,0.543495604,18,1,West,66.4199,44.82569371
No,53.68404611,0,7604,0.523353359,61,4,Northern Rim,59.37910615,54.70404611
No,55.07559812,0,5293,0.533708718,21,3,Northern Rim,54.47245582,56.09559812
No,37.04276867,0,2172,0.514090112,51,3,Eastern Islands,66.18858594,38.06276867
No,51.64467574,1,8367,0.523535867,52,3,Eastern Islands,60.77688237,52.66467574
No,49.74707257,0,8558,0.486914309,34,5,West,58.51476452,50.76707257
No,45.4236441,0,6794,0.491913543,30,3,Eastern Islands,67.5497577,46.4436441
No,45.25528852,0,2564,0.492085444,47,4,West,58.66049218,46.27528852
No,47.21648669,0,15706,0.542958106,82,2,West,69.94939468,48.23648669
No,49.11611129,0,11517,0.515729999,58,3,West,58.11263212,50.13611129
No,45.43430259,0,12163,0.510214388,59,3,Northern Rim,44.61913877,46.45430259
No,51.99991072,0,5938,0.497063605,64,4,West,63.56466274,53.01991072
No,57.87640974,0,1357,0.533925263,18,3,Eastern Islands,57.89962185,58.89640974
No,44.9983139,0,8618,0.528263436,27,3,West,64.37241084,46.0183139
No,45.76882976,0,5112,0.510694957,62,4,Northern Rim,67.21792413,46.78882976
No,48.51917395,1,10202,0.540899635,23,4,Eastern Islands,54.22967944,49.53917395
No,55.80439353,0,13841,0.493179272,41,2,Eastern Islands,60.95290737,56.82439353
No,66.83778309,0,14588,0.502885797,31,3,West,52.62602726,67.85778309
No,37.12982441,0,3417,0.493819085,31,2,Eastern Islands,61.65039734,38.14982441
No,44.26560848,1,17711,0.530683951,35,3,Northern Rim,61.70560792,45.28560848
No,45.12435777,0,8643,0.496412761,55,3,Northern Rim,58.67492628,46.14435777
No,50.38330515,0,4827,0.503316459,45,3,West,48.59987286,51.40330515
No,56.94983081,0,13256,0.495603355,58,4,Eastern Islands,54.49086649,57.96983081
No,44.90955799,0,11423,0.500566884,65,3,West,54.31720964,45.92955799
No,40.12370486,0,5615,0.537108408,48,3,West,57.4660609,41.14370486
No,63.71441085,1,7963,0.475100852,18,3,Northern Rim,53.86512848,64.73441085
No,53.36659736,0,8203,0.491942929,33,3,Northern Rim,59.37595412,54.38659736
No,40.47992455,0,10776,0.536649793,40,3,Eastern Islands,47.29823719,41.49992455
No,54.38129081,0,15117,0.514357109,60,3,Eastern Islands,49.59632019,55.40129081
No,38.518845,0,7522,0.515974422,65,5,Eastern Islands,61.71072348,39.538845
No,54.58882673,0,8929,0.516451744,29,3,Northern Rim,46.104225,55.60882673
No,58.83545609,0,10107,0.516907181,52,3,Eastern Islands,48.18223136,59.85545609
No,46.25042918,0,11336,0.515571285,29,6,West,62.25520253,47.27042918
No,35.41993364,0,8688,0.496793705,43,3,West,73.06364142,36.43993364
No,51.00594407,0,6633,0.475331814,44,3,Northern Rim,53.35638037,52.02594407
No,40.86479714,0,7767,0.518619574,22,5,Eastern Islands,52.00330908,41.88479714
No,56.2516448,0,6284,0.524486545,34,3,Eastern Islands,56.13296259,57.2716448
No,52.41283043,0,12444,0.520953503,30,2,Northern Rim,55.57298646,53.43283043
No,55.88481082,0,13065,0.509397473,53,2,Eastern Islands,49.19200353,56.90481082
No,46.13059836,0,5365,0.519522667,31,4,Eastern Islands,52.87206952,47.15059836
No,57.23578126,0,3299,0.516719054,54,4,West,54.59783311,58.25578126
No,48.7792216,0,7896,0.498538839,47,2,Northern Rim,63.91281694,49.7992216
No,39.78998693,0,8291,0.503650987,42,3,West,59.18708081,40.80998693
No,49.09116567,1,12364,0.487372697,45,4,Northern Rim,58.35303423,50.11116567
No,47.15528091,0,3465,0.525178755,27,3,West,70.17752546,48.17528091
No,41.33227466,0,8767,0.484736697,30,3,Northern Rim,54.42715067,42.35227466
No,53.40958405,0,15198,0.49430583,38,5,Eastern Islands,49.61521604,54.42958405
No,51.62195562,1,9121,0.498825338,55,3,Eastern Islands,46.52926192,52.64195562
No,60.06533658,0,9934,0.495915295,32,4,West,61.68373619,61.08533658
No,55.50091587,0,9031,0.511131409,43,3,Northern Rim,65.0421128,56.52091587
No,49.1077564,0,10621,0.514003677,42,2,Northern Rim,59.78743862,50.1277564
No,48.95524111,0,16652,0.538005541,50,4,Northern Rim,53.70194482,49.97524111
No,59.0541524,0,11074,0.509971695,55,3,West,56.0816111,60.0741524
No,54.85295446,0,5250,0.484087402,23,4,Eastern Islands,62.47407131,55.87295446
No,42.63554474,0,13106,0.510974835,26,4,Northern Rim,67.43359241,43.65554474
No,46.55184289,0,8839,0.504493885,18,4,Northern Rim,60.791996,47.57184289
No,53.51285701,0,14577,0.545496872,41,5,Eastern Islands,54.97225035,54.53285701
No,50.62154315,1,16614,0.507740551,33,4,Eastern Islands,40.88220118,51.64154315
No,43.05894702,0,2711,0.520271273,39,3,Eastern Islands,61.08970131,44.07894702
No,46.52904237,0,16529,0.525155902,45,2,Northern Rim,50.57730079,47.54904237
No,53.42825233,0,11455,0.518403314,39,3,Northern Rim,59.88216816,54.44825233
No,40.65709818,0,11894,0.518118815,24,3,West,62.42527971,41.67709818
No,45.42927771,0,13734,0.546727774,48,3,Northern Rim,62.18549298,46.44927771
No,56.83600879,0,1653,0.502101331,32,2,Northern Rim,51.07213985,57.85600879
No,50.49156678,0,13339,0.548258534,60,3,West,57.78965449,51.51156678
No,66.81796806,0,15278,0.503363039,32,3,West,60.09329172,67.83796806
No,65.20148866,0,11761,0.538630505,43,4,Northern Rim,56.46039582,66.22148866
No,54.4240069,0,1882,0.552942806,44,3,Northern Rim,58.15385086,55.4440069
No,45.98092625,0,14392,0.54383782,18,3,West,49.55536177,47.00092625
No,54.74586514,0,11420,0.525611606,56,3,Eastern Islands,72.08799194,55.76586514
No,54.70763583,0,9626,0.532410426,18,5,West,44.04721527,55.72763583
No,46.97590946,0,11335,0.497729839,76,5,Northern Rim,50.2772585,47.99590946
No,60.5352444,1,5459,0.533269988,33,3,Northern Rim,51.5368205,61.5552444
No,47.18491424,0,13975,0.488032006,39,5,Eastern Islands,62.9440445,48.20491424
No,53.14444967,0,7566,0.519865481,28,4,Eastern Islands,52.74515105,54.16444967
No,55.81559152,1,11073,0.527069211,39,4,Eastern Islands,56.12003158,56.83559152
No,54.85326496,0,9610,0.489643263,65,4,Eastern Islands,61.59750821,55.87326496
No,45.72300004,0,10978,0.478863835,35,4,Eastern Islands,72.58491104,46.74300004
No,48.09510538,0,7901,0.496292934,38,3,Northern Rim,69.38620407,49.11510538
No,48.61716907,1,5559,0.529146989,32,3,Eastern Islands,59.20118632,49.63716907
No,40.33071431,0,8385,0.49943674,43,3,Eastern Islands,48.3776265,41.35071431
No,57.34686658,0,11992,0.494382718,66,4,Northern Rim,58.23578173,58.36686658
No,51.37866516,0,9080,0.507194697,18,4,Northern Rim,58.47097534,52.39866516
No,66.21523013,0,7759,0.539376969,26,2,Northern Rim,63.20991298,67.23523013
No,58.6695547,0,2745,0.502976275,59,4,Northern Rim,56.73428375,59.6895547
No,44.08907543,0,13214,0.528374791,68,5,Northern Rim,50.81491661,45.10907543
No,54.7171884,0,14406,0.483993166,58,3,Northern Rim,45.94174245,55.7371884
No,49.27062229,0,15249,0.503913522,20,4,West,67.7837588,50.29062229
No,42.13517127,0,15895,0.516188495,52,4,Eastern Islands,56.73416272,43.15517127
No,65.79660327,1,10702,0.544276745,64,3,Eastern Islands,49.37805155,66.81660327
No,73.13801364,0,10824,0.526335207,30,5,West,49.13171548,74.15801364
No,59.89787242,0,9113,0.533775414,41,2,Eastern Islands,58.07882493,60.91787242
No,50.9176705,0,9490,0.488304558,49,3,West,57.11097804,51.9376705
No,36.55371849,0,12161,0.491799476,40,3,Northern Rim,69.7653671,37.57371849
No,45.81189474,0,1970,0.478831667,18,3,West,41.42747137,46.83189474
No,51.81745935,0,1871,0.521525161,58,3,West,53.18307463,52.83745935
No,52.43843009,0,11816,0.489165171,50,3,Eastern Islands,60.34975532,53.45843009
No,59.31828645,0,2613,0.536616463,49,4,Eastern Islands,58.64365268,60.33828645
No,63.47969691,0,12373,0.532528276,24,3,Eastern Islands,63.69655147,64.49969691
No,59.08672275,0,8552,0.50368028,69,4,Northern Rim,59.77990507,60.10672275
No,35.64265823,0,7193,0.534395354,53,5,Eastern Islands,62.71711695,36.66265823
No,56.95259278,0,12747,0.524283628,41,3,West,56.27428787,57.97259278
No,38.18947091,0,9372,0.523150867,34,4,Eastern Islands,61.50759612,39.20947091
No,34.08461164,0,12771,0.515857282,67,3,Northern Rim,61.66269513,35.10461164
No,54.09484779,0,100,0.525161192,52,4,Eastern Islands,53.83000683,55.11484779
No,56.13861223,1,10765,0.487975938,31,3,West,43.63762524,57.15861223
No,52.528544,0,10299,0.47285031,50,4,West,61.11753816,53.548544
No,46.13424457,0,9480,0.542416939,44,3,Eastern Islands,61.2694535,47.15424457
No,52.71066922,0,8888,0.508752984,48,3,West,43.15519123,53.73066922
No,46.77345757,0,4738,0.510860092,48,4,Eastern Islands,64.54026476,47.79345757
No,64.05501297,0,10873,0.526199862,23,5,Northern Rim,47.06501393,65.07501297
No,42.15351193,0,15448,0.478402678,44,4,West,58.16989218,43.17351193
No,58.20107811,0,4090,0.489446704,34,3,West,60.19162234,59.22107811
No,51.07580331,0,6647,0.509136064,36,4,Northern Rim,70.67030772,52.09580331
No,40.74855167,0,6646,0.501807921,35,2,Eastern Islands,56.01164593,41.76855167
No,59.35575046,0,6646,0.521564253,55,4,West,51.85813281,60.37575046
No,38.84745808,1,10896,0.516384561,66,5,Northern Rim,58.88558799,39.86745808
No,68.49063273,0,10441,0.5147851,56,3,Eastern Islands,59.43259102,69.51063273
No,59.30132093,1,11207,0.517010321,49,2,Northern Rim,54.68201851,60.32132093
No,41.61685238,0,15848,0.487358076,48,2,Eastern Islands,51.22483602,42.63685238
No,37.87956087,0,11457,0.504034689,67,5,Northern Rim,67.26452978,38.89956087
No,52.48976963,0,12508,0.511149108,77,3,West,50.39806588,53.50976963
No,42.4570765,0,1863,0.512133051,37,3,Northern Rim,56.90649279,43.4770765
No,51.12196284,0,7800,0.513843857,37,4,Northern Rim,56.59985596,52.14196284
No,59.57783713,0,6736,0.500283243,46,2,Eastern Islands,51.84857704,60.59783713
No,43.27811864,0,10974,0.483099698,40,3,Northern Rim,61.49400265,44.29811864
No,45.8360394,0,10842,0.514784145,44,4,West,74.5425867,46.8560394
No,50.40306467,0,9494,0.481088047,36,2,Eastern Islands,47.05999526,51.42306467
No,46.96581424,0,6797,0.483507449,61,3,Northern Rim,59.53172467,47.98581424
No,54.21172195,0,18642,0.545258374,61,3,West,57.59060555,55.23172195
No,40.81886432,0,6271,0.502054681,27,4,Eastern Islands,56.9053832,41.83886432
No,58.10255624,0,5244,0.49833669,43,5,Eastern Islands,65.8800335,59.12255624
No,64.72442352,0,100,0.490769696,30,3,West,59.08985291,65.74442352
No,45.98885679,0,8498,0.500879491,49,2,West,49.05997738,47.00885679
No,61.26724478,0,7859,0.539925987,71,3,Northern Rim,60.1973945,62.28724478
No,50.19592347,0,9329,0.518230186,30,3,West,49.26541285,51.21592347
No,46.46262203,0,4462,0.506642284,43,3,Northern Rim,51.79285391,47.48262203
No,54.88585368,0,10331,0.531378676,27,4,West,64.23656349,55.90585368
No,55.91784963,0,14266,0.544559392,48,6,West,62.72503419,56.93784963
No,55.43041674,0,7570,0.496078731,78,4,West,53.4678108,56.45041674
No,47.27243085,0,8925,0.500954257,18,4,Northern Rim,52.45090353,48.29243085
No,58.00173005,0,7497,0.479936821,18,2,Eastern Islands,50.7631785,59.02173005
No,54.73489334,0,10674,0.515161864,46,3,West,60.58184887,55.75489334
No,64.32454176,0,3884,0.483816878,45,3,West,49.45957045,65.34454176
No,56.56647683,0,11183,0.524872674,19,3,West,61.71898453,57.58647683
No,36.17591904,0,17376,0.504641331,39,4,West,54.05625131,37.19591904
No,29.53015593,0,4184,0.519774951,33,4,Eastern Islands,73.8382833,30.55015593
No,46.07958162,0,8778,0.503622859,38,3,Eastern Islands,53.72358615,47.09958162
No,68.62223705,0,8341,0.486974832,21,2,Northern Rim,63.66019914,69.64223705
No,33.24738495,0,13742,0.501064397,49,3,West,50.34430716,34.26738495
No,58.59642881,0,9839,0.494015482,39,4,Northern Rim,49.39832923,59.61642881
No,54.55013882,0,9809,0.523324991,46,4,Eastern Islands,54.03396294,55.57013882
No,65.4797769,0,13460,0.494529973,40,4,West,63.94499548,66.4997769
No,51.39000456,0,9181,0.492966761,59,2,Northern Rim,58.48804618,52.41000456
No,41.23636228,0,4223,0.514383794,52,5,Northern Rim,60.2815115,42.25636228
No,49.83318957,0,9335,0.51737078,43,6,West,53.55098942,50.85318957
No,48.8055231,0,5691,0.479579439,34,4,Eastern Islands,57.18045511,49.8255231
No,47.23245415,0,10974,0.523718704,30,3,Eastern Islands,42.1983964,48.25245415
No,52.93751428,0,9306,0.49051696,45,6,West,57.58566531,53.95751428
No,41.99700813,0,18077,0.508175035,45,3,Eastern Islands,54.95158392,43.01700813
No,51.92051238,0,4089,0.543751851,48,3,Eastern Islands,44.47304494,52.94051238
No,58.6211206,0,11485,0.53926959,48,3,Northern Rim,65.07113395,59.6411206
No,62.47131155,0,11157,0.491707993,45,5,Eastern Islands,54.06462634,63.49131155
No,53.35975596,0,10502,0.473944648,18,2,West,61.60912179,54.37975596
No,47.72692457,0,7395,0.476645046,18,4,Eastern Islands,50.36565621,48.74692457
No,44.12037012,0,13749,0.53709565,36,6,West,62.32413799,45.14037012
No,43.9253641,0,10587,0.505187242,18,3,Northern Rim,52.57912961,44.9453641
No,49.49090529,0,6119,0.520869695,55,2,Northern Rim,61.09568792,50.51090529
No,55.4601721,0,11231,0.521922866,37,4,Eastern Islands,58.88602672,56.4801721
No,36.87179602,0,8538,0.542987649,45,3,Eastern Islands,55.31260598,37.89179602
No,65.65955143,0,22178,0.482761801,47,3,West,54.57367043,66.67955143
No,50.37844636,0,11423,0.514809581,27,4,West,67.11103323,51.39844636
No,55.92913781,0,8524,0.510803746,52,3,West,64.79577477,56.94913781
No,54.2522909,0,8398,0.500929587,23,3,Northern Rim,73.69366162,55.2722909
No,68.37917905,0,10734,0.510484284,21,3,West,57.74654094,69.39917905
No,48.83364698,0,11545,0.532214459,31,2,Eastern Islands,59.2734227,49.85364698
No,43.18292933,0,12396,0.513885534,42,4,West,77.76128998,44.20292933
No,50.55435112,0,10957,0.515426159,41,1,West,67.03939121,51.57435112
No,62.53010191,0,2230,0.518941118,56,3,Eastern Islands,58.59426339,63.55010191
No,40.15997354,0,9120,0.519913926,44,3,Northern Rim,57.2470125,41.17997354
No,55.08921401,0,9524,0.512071141,26,2,Northern Rim,67.09020065,56.10921401
No,65.42964069,0,9999,0.496646849,51,3,Eastern Islands,55.43026992,66.44964069
No,65.03549475,0,1582,0.526467675,48,4,Eastern Islands,53.49772662,66.05549475
No,49.61691141,1,7876,0.501813259,30,4,West,58.00181185,50.63691141
No,55.30432089,1,10550,0.503731706,45,5,Northern Rim,60.15779795,56.32432089
No,40.67029583,0,6585,0.509809548,43,4,Eastern Islands,50.1249441,41.69029583
No,58.33341005,0,9844,0.532484156,50,4,Northern Rim,52.67899579,59.35341005
No,39.29731564,0,16706,0.512147877,25,5,Eastern Islands,40.31114483,40.31731564
No,33.74745993,0,11480,0.498837604,43,6,Eastern Islands,61.11924668,34.76745993
No,37.10370745,0,15557,0.458792909,66,3,West,50.23492007,38.12370745
No,40.38646621,0,11617,0.519174738,44,3,Eastern Islands,63.67058307,41.40646621
No,61.21241492,0,9556,0.519035499,64,4,Eastern Islands,59.84612731,62.23241492
No,50.81150774,0,7221,0.518947861,21,5,Eastern Islands,57.47532826,51.83150774
No,56.60527442,0,8092,0.526101646,42,1,Eastern Islands,51.50087952,57.62527442
No,45.24599311,0,9375,0.536034213,34,2,West,68.62046819,46.26599311
No,64.99292645,1,9821,0.482191653,55,2,Northern Rim,53.68110568,66.01292645
No,46.11375061,0,14179,0.483891001,56,3,Northern Rim,51.80964484,47.13375061
No,47.06645189,1,10938,0.517228249,37,4,Eastern Islands,54.22408799,48.08645189
No,55.04657209,0,7350,0.485492037,46,1,West,52.16333985,56.06657209
No,45.69480497,0,13268,0.495231512,52,3,Northern Rim,42.64116938,46.71480497
No,38.15539605,0,11691,0.499260383,32,2,Northern Rim,51.99637989,39.17539605
No,54.52752677,1,11729,0.469437294,38,3,West,60.88808723,55.54752677
No,49.71067175,0,7250,0.525738619,35,2,Northern Rim,57.53552341,50.73067175
No,49.99156791,0,12094,0.513906854,19,3,Northern Rim,53.21922645,51.01156791
No,58.63932262,1,6697,0.484344611,21,2,Northern Rim,56.20626993,59.65932262
No,57.14232129,0,7921,0.491599629,50,5,West,57.78332273,58.16232129
No,46.41480416,0,10614,0.503832655,40,2,Northern Rim,61.18908928,47.43480416
No,48.56046265,0,16544,0.50489687,35,4,Northern Rim,45.84651794,49.58046265
No,53.1743589,0,11883,0.513032366,74,3,Eastern Islands,61.9612134,54.1943589
No,45.28560301,0,8785,0.492194834,22,4,Northern Rim,53.509261,46.30560301
No,58.17177273,0,2417,0.533336061,33,3,Northern Rim,49.40164761,59.19177273
No,64.69444347,1,15593,0.527263922,78,4,West,59.77879428,65.71444347
No,64.47362264,0,16323,0.476594816,61,3,Eastern Islands,53.26214657,65.49362264
No,50.73858066,0,8940,0.518132132,46,3,Northern Rim,53.33544116,51.75858066
No,52.46451704,0,10947,0.487713981,66,2,West,54.42145273,53.48451704
No,55.63315045,0,12659,0.489645376,58,3,West,50.47503379,56.65315045
No,31.80194683,1,16343,0.538253862,48,4,West,48.40069256,32.82194683
No,49.82841243,0,7272,0.50405885,40,5,Northern Rim,57.40224723,50.84841243
No,46.26197866,0,11501,0.489044935,20,3,Northern Rim,65.91216941,47.28197866
No,47.18482024,0,9965,0.507485894,20,4,Northern Rim,63.09377813,48.20482024
No,42.02401038,0,4187,0.51575824,46,4,Eastern Islands,51.71519147,43.04401038
No,42.07776206,0,12331,0.53233059,84,5,Northern Rim,53.51002824,43.09776206
No,53.66446223,1,9989,0.477176194,52,3,Eastern Islands,45.63107243,54.68446223
No,54.5002623,0,10500,0.510061636,57,3,West,53.59130919,55.5202623
No,50.2698656,0,19948,0.525712428,56,3,Eastern Islands,57.00772642,51.2898656
No,56.50674228,1,18901,0.501362228,29,5,Northern Rim,59.71183681,57.52674228
No,44.93325715,0,10457,0.475810735,18,4,Northern Rim,60.40335278,45.95325715
No,54.44724469,0,12511,0.491077332,19,2,Northern Rim,66.3985984,55.46724469
No,43.4973706,0,15791,0.535420785,18,4,Eastern Islands,72.67611283,44.5173706
No,39.64311827,0,8208,0.479977313,50,1,Northern Rim,47.91807213,40.66311827
No,54.81556416,1,15599,0.508341536,52,4,West,60.05748825,55.83556416
No,64.33848366,1,12227,0.526597203,41,3,Eastern Islands,63.43015425,65.35848366
No,55.98718837,0,13778,0.522734496,53,2,Eastern Islands,52.26086873,57.00718837
No,39.26949144,0,7518,0.486823681,38,4,Northern Rim,63.15389171,40.28949144
No,67.70106481,0,12256,0.521059251,25,2,Eastern Islands,57.07202881,68.72106481
No,47.55973008,0,14320,0.490558937,36,4,West,60.77889342,48.57973008
No,47.49709458,0,9542,0.53917639,60,4,Eastern Islands,63.01842898,48.51709458
No,60.76489987,0,11045,0.498801814,22,4,Northern Rim,74.94171829,61.78489987
No,51.56663478,0,11507,0.52135448,51,1,Eastern Islands,58.86756048,52.58663478
No,57.38439109,0,9031,0.553008196,56,4,West,51.24310073,58.40439109
No,44.90694634,0,6322,0.51703178,52,5,Northern Rim,55.53342155,45.92694634
No,44.42598424,0,6427,0.532921114,64,4,Northern Rim,51.04427865,45.44598424
No,47.47935131,0,5502,0.493333507,37,3,West,69.70935887,48.49935131
No,49.10094151,0,16624,0.505787597,49,4,Northern Rim,64.60104681,50.12094151
No,60.86648433,1,14724,0.510488749,51,5,Eastern Islands,49.75967909,61.88648433
No,42.61704342,0,8174,0.489795116,36,5,Northern Rim,43.63559163,43.63704342
No,38.15432227,0,8447,0.501398538,57,3,West,57.58747895,39.17432227
No,48.54287006,0,2960,0.504339876,60,3,Eastern Islands,59.41985261,49.56287006
No,54.97796699,0,6898,0.49801936,43,1,Northern Rim,46.15611961,55.99796699
No,39.33952394,0,9912,0.476448408,42,5,Eastern Islands,56.5591189,40.35952394
No,51.40424676,1,9454,0.50098253,51,3,Northern Rim,67.32493022,52.42424676
No,45.7826208,0,9819,0.474730023,38,4,Eastern Islands,51.9739706,46.8026208
No,50.67132858,0,12521,0.507749845,52,1,West,54.56380607,51.69132858
No,45.34940099,1,9575,0.492611704,25,3,Eastern Islands,42.44316386,46.36940099
No,54.72146925,0,16003,0.50374299,35,4,West,70.55777494,55.74146925
No,35.58272298,0,5252,0.48992082,24,3,Eastern Islands,60.31860405,36.60272298
No,38.07744023,0,8715,0.498627501,65,4,Eastern Islands,48.55171066,39.09744023
No,65.83266438,0,7467,0.536492985,57,3,Eastern Islands,45.09233035,66.85266438
No,53.52798325,0,16840,0.493473192,23,4,Northern Rim,56.26727462,54.54798325
No,44.15884979,1,13429,0.481611925,33,2,Northern Rim,55.16216238,45.17884979
No,62.6013021,0,13322,0.490038896,73,3,Northern Rim,45.53910952,63.6213021
No,53.41891531,0,15596,0.499115015,39,4,Eastern Islands,54.88626304,54.43891531
No,62.24225704,0,13458,0.523966225,50,5,West,54.45854483,63.26225704
No,51.04809734,0,7122,0.497201336,40,2,West,50.91186263,52.06809734
No,35.13188679,0,10143,0.487905925,49,4,Northern Rim,56.96253058,36.15188679
No,49.08833017,1,8887,0.535314571,34,4,Eastern Islands,51.0352554,50.10833017
No,50.48418407,1,8899,0.529570397,44,4,Eastern Islands,56.57231307,51.50418407
No,50.04118292,1,10365,0.495866608,40,3,West,59.35648328,51.06118292
No,60.9536911,0,17018,0.506350687,26,4,Northern Rim,51.11546244,61.9736911
No,49.23756798,0,8926,0.510819865,74,5,Eastern Islands,47.75501758,50.25756798
No,71.95220052,0,14999,0.528354797,31,3,Northern Rim,60.91653157,72.97220052
No,38.63948637,0,18828,0.51436084,24,2,West,75.20873925,39.65948637
No,46.0937754,0,5744,0.489160868,47,5,Northern Rim,51.15683155,47.1137754
No,46.47697597,0,4962,0.516514573,40,4,Eastern Islands,52.02706936,47.49697597
No,31.44492293,0,1930,0.497085173,56,3,Northern Rim,56.12223112,32.46492293
No,44.47471367,0,12160,0.479346168,30,3,Northern Rim,53.5795195,45.49471367
No,40.27018326,0,15078,0.509541647,49,5,Eastern Islands,60.57685385,41.29018326
No,52.88099405,0,11384,0.544915159,45,4,Eastern Islands,72.56263634,53.90099405
No,59.4369898,0,4927,0.477306192,38,2,Northern Rim,56.68265682,60.4569898
No,56.38172129,0,11563,0.494988274,18,3,West,57.42843047,57.40172129
No,51.00022069,0,4671,0.495801773,60,5,Northern Rim,52.80566276,52.02022069
No,51.33211389,0,11561,0.493970858,47,4,West,54.23830148,52.35211389
No,39.45547447,0,8512,0.532681198,37,4,Northern Rim,48.99325214,40.47547447
No,32.27534571,0,13101,0.505060854,29,3,Northern Rim,42.82446557,33.29534571
No,55.00711031,0,8069,0.534974541,25,4,Eastern Islands,62.13039683,56.02711031
No,46.68415978,0,9117,0.511259489,46,3,West,48.96832767,47.70415978
No,50.88094657,0,100,0.547733856,34,4,Northern Rim,52.41099621,51.90094657
No,53.41146043,0,2308,0.51062999,51,6,Eastern Islands,55.39021708,54.43146043
No,55.17995412,0,8426,0.512828389,36,2,Eastern Islands,73.28880909,56.19995412
No,50.43496918,0,5796,0.499355356,46,4,Eastern Islands,60.63167457,51.45496918
No,47.22300904,0,7889,0.545415928,34,3,Eastern Islands,57.10498579,48.24300904
No,52.99522622,0,9608,0.514464627,49,2,West,51.86715065,54.01522622
No,40.8823878,0,15276,0.534131689,50,4,West,65.34680477,41.9023878
No,49.02144762,0,5945,0.507151791,61,4,West,58.97274424,50.04144762
No,51.91545742,0,5247,0.514357635,48,3,Eastern Islands,54.81191518,52.93545742
No,57.10051382,0,15601,0.491600148,49,3,Eastern Islands,59.62729525,58.12051382
No,44.16596315,0,5616,0.471232859,68,3,Northern Rim,60.06908415,45.18596315
No,44.42097344,0,11598,0.507325534,92,3,Eastern Islands,57.68077208,45.44097344
No,57.46200649,0,9430,0.504962293,36,4,Northern Rim,62.46346076,58.48200649
No,71.44189151,0,7458,0.480687693,33,3,Northern Rim,62.74421028,72.46189151
No,44.62096223,0,10415,0.509513725,32,3,Northern Rim,52.92495028,45.64096223
No,58.85360526,0,4279,0.530343032,52,3,Northern Rim,50.21545183,59.87360526
No,51.83980836,1,8131,0.548295304,31,4,West,57.5933585,52.85980836
No,58.9802002,0,12678,0.507801671,36,3,Northern Rim,60.36446103,60.0002002
No,41.34562726,0,4511,0.513378017,29,2,Eastern Islands,48.82797866,42.36562726
No,55.70037337,0,11114,0.518352414,43,4,West,48.10977577,56.72037337
No,50.05329021,0,4642,0.505723441,31,3,West,55.04627715,51.07329021
No,48.25068831,0,10648,0.547694861,19,2,Eastern Islands,73.23100169,49.27068831
No,39.39985322,0,5934,0.503264293,55,5,West,51.45033347,40.41985322
No,40.45132092,0,6106,0.481105985,26,4,Eastern Islands,50.7745334,41.47132092
No,49.99447331,0,1705,0.501869487,41,3,Northern Rim,55.73314875,51.01447331
No,50.55331695,0,11450,0.511277023,35,4,West,50.31484127,51.57331695
No,54.38834128,0,13197,0.507746445,41,4,Northern Rim,51.06218496,55.40834128
No,48.95593231,0,9706,0.512540553,56,5,Eastern Islands,49.42343435,49.97593231
No,60.5552876,0,14926,0.472736748,38,2,Northern Rim,54.08513087,61.5752876
No,60.93631039,0,10568,0.526805292,41,4,Northern Rim,60.35316583,61.95631039
No,65.17236589,0,5569,0.505041565,45,2,West,62.4817162,66.19236589
No,58.05421322,0,15842,0.515315074,47,4,Northern Rim,51.71546435,59.07421322
No,42.77838762,0,11604,0.51086627,35,4,Northern Rim,50.43008394,43.79838762
No,51.47095667,0,4393,0.493172986,53,4,Northern Rim,51.31877159,52.49095667
No,52.10315376,0,5134,0.510740968,27,6,Northern Rim,46.57857239,53.12315376
No,46.21186605,0,11528,0.494411662,33,4,Northern Rim,60.7921814,47.23186605
No,46.95351186,0,14658,0.48749406,29,4,Northern Rim,64.62231414,47.97351186
No,56.50769688,0,12425,0.457187669,18,3,West,55.09578458,57.52769688
No,50.81790667,0,9756,0.487605897,30,4,Northern Rim,48.36747206,51.83790667
No,50.35061515,0,13802,0.496082237,51,3,Eastern Islands,56.99700946,51.37061515
No,44.11810871,0,5567,0.474577744,45,4,Eastern Islands,53.19542697,45.13810871
No,39.65911307,0,11388,0.529385963,39,2,Eastern Islands,63.05908595,40.67911307
No,49.74697556,0,11582,0.531328101,33,2,Northern Rim,53.15838778,50.76697556
No,57.88488918,0,8707,0.475289996,40,4,Eastern Islands,47.78409211,58.90488918
No,37.71667567,0,17587,0.546207696,49,2,Eastern Islands,55.23851527,38.73667567
No,47.6888718,0,11347,0.460755702,46,3,Northern Rim,51.49441994,48.7088718
No,57.17565427,0,10658,0.507683847,21,3,Eastern Islands,61.50971811,58.19565427
No,53.18683114,0,7682,0.539114721,39,4,West,66.33978922,54.20683114
No,50.03381046,0,9236,0.502500285,23,4,Northern Rim,48.63250096,51.05381046
No,42.87196167,0,7206,0.519207717,67,3,West,58.71024477,43.89196167
No,40.35086181,0,9445,0.52752266,26,4,Eastern Islands,59.74602096,41.37086181
No,55.48299419,0,14227,0.490294944,56,3,Eastern Islands,56.47543219,56.50299419
No,53.64836715,0,8415,0.551743266,45,6,Northern Rim,55.54764766,54.66836715
No,52.90806287,0,9389,0.518643087,40,2,West,46.21705718,53.92806287
No,49.89929122,0,4960,0.506345929,58,5,West,58.14844903,50.91929122
No,42.05010798,0,13973,0.502222629,60,1,Eastern Islands,60.75247919,43.07010798
No,53.08997829,0,10264,0.527099421,62,3,Eastern Islands,65.04208643,54.10997829
No,52.69546937,0,14341,0.514806404,30,3,Northern Rim,53.59902131,53.71546937
No,45.06994423,0,3587,0.491812496,65,3,West,60.24792147,46.08994423
No,54.5278282,0,5337,0.471476632,35,3,West,54.8906627,55.5478282
No,50.8212499,0,3320,0.530819805,50,5,Eastern Islands,62.64182822,51.8412499
No,56.01580963,0,5226,0.472123335,25,5,Eastern Islands,56.15098681,57.03580963
No,59.32170495,1,8889,0.503091372,72,4,Eastern Islands,51.49310055,60.34170495
No,60.40402817,0,13890,0.525938992,19,3,Eastern Islands,67.13282302,61.42402817
No,44.08533756,0,16620,0.490377973,55,5,Northern Rim,54.45196228,45.10533756
No,49.23094928,0,13359,0.530536876,58,4,Northern Rim,48.30121766,50.25094928
No,48.37939229,0,17139,0.51130348,60,3,Eastern Islands,60.20752833,49.39939229
No,30.97103357,0,12453,0.515823192,29,5,West,46.29715709,31.99103357
No,46.63868884,0,8296,0.532206259,57,3,Eastern Islands,65.13044826,47.65868884
No,62.82936058,0,12112,0.509472283,44,4,Eastern Islands,60.3955248,63.84936058
No,55.51636819,0,9459,0.518958789,38,5,West,54.04196283,56.53636819
No,66.47124655,0,12289,0.507272644,34,4,West,54.07861553,67.49124655
No,52.30183241,0,11212,0.484444435,26,3,West,48.44521737,53.32183241
No,50.00575616,0,6162,0.518928606,44,5,Northern Rim,61.82782248,51.02575616
No,43.63289223,0,9425,0.540436421,25,3,Eastern Islands,50.60148329,44.65289223
No,50.90592677,0,9911,0.497563122,65,4,Eastern Islands,61.26363876,51.92592677
No,51.03510408,1,8533,0.535657521,36,5,Northern Rim,56.04511657,52.05510408
No,54.96376224,0,14372,0.513660106,40,2,Northern Rim,51.78616104,55.98376224
No,55.57290663,1,17228,0.52132881,40,3,Northern Rim,64.52571043,56.59290663
No,63.19985189,0,9631,0.556185482,31,2,Eastern Islands,66.61276215,64.21985189
No,61.51253627,0,9121,0.496311836,64,4,Northern Rim,48.53195971,62.53253627
No,46.47733113,0,11286,0.551544402,58,4,Northern Rim,69.93583528,47.49733113
No,41.04116953,0,5862,0.501506763,33,5,Eastern Islands,51.04663797,42.06116953
No,51.56725235,0,8152,0.484867502,40,4,Northern Rim,60.79740484,52.58725235
No,52.23453037,0,7702,0.503774107,21,4,West,63.67042791,53.25453037
No,48.96278501,0,12824,0.491974127,41,4,Eastern Islands,61.11530477,49.98278501
No,55.65938214,0,6470,0.502075053,20,4,West,55.8665524,56.67938214
No,57.37317985,0,12344,0.505753351,31,5,West,58.17350824,58.39317985
No,51.03165709,0,13185,0.50183716,64,6,Northern Rim,51.7420603,52.05165709
No,59.53309539,0,13249,0.470884262,52,4,Eastern Islands,68.82498875,60.55309539
No,56.06050667,0,14475,0.487565602,37,3,West,69.26892335,57.08050667
No,40.27444189,1,10131,0.497565175,34,2,Eastern Islands,50.14912997,41.29444189
No,54.95423194,0,9958,0.531460692,75,3,Northern Rim,56.8274847,55.97423194
No,55.81175304,0,5565,0.528918993,18,4,Northern Rim,43.08621027,56.83175304
No,52.0202295,0,14163,0.504406789,24,3,Northern Rim,56.92814335,53.0402295
No,64.53334481,0,7322,0.53005528,29,3,Eastern Islands,62.77582201,65.55334481
No,47.87715357,0,7975,0.511607714,31,4,Eastern Islands,59.5843443,48.89715357
No,54.13724519,0,9844,0.495632124,18,3,Northern Rim,55.5354092,55.15724519
No,57.4299026,0,11174,0.492145234,51,2,West,51.41260946,58.4499026
No,54.60391473,0,9861,0.525938201,37,3,Eastern Islands,56.18524982,55.62391473
No,35.36596909,0,11532,0.475369023,40,4,Northern Rim,51.25813527,36.38596909
No,48.15865433,0,9541,0.502815137,50,2,West,60.49058663,49.17865433
No,53.02466765,0,15034,0.507228546,45,2,West,70.30034889,54.04466765
No,52.37930599,0,3309,0.452504941,22,3,Northern Rim,61.34230017,53.39930599
No,62.66985572,1,9289,0.514914758,34,3,Eastern Islands,47.25450657,63.68985572
No,51.60433123,0,9617,0.497169235,40,4,Northern Rim,57.55584637,52.62433123
No,54.35548124,0,10984,0.512159223,57,3,Eastern Islands,54.35755938,55.37548124
No,50.04381491,0,12098,0.51890631,31,3,Eastern Islands,46.35838367,51.06381491
No,68.38416554,0,9972,0.531632631,24,4,West,59.90519909,69.40416554
No,53.0998538,0,9566,0.491685772,57,4,Eastern Islands,62.27827062,54.1198538
No,66.86117112,0,13454,0.484945708,32,3,Eastern Islands,74.49263111,67.88117112
No,59.0247095,0,9045,0.499432756,50,3,Northern Rim,54.09854853,60.0447095
No,62.09109486,0,6767,0.516484962,41,4,Eastern Islands,54.57076582,63.11109486
No,51.43194174,0,17790,0.490608303,32,3,West,56.34526941,52.45194174
No,51.45431743,0,6520,0.471155414,66,3,West,62.03377906,52.47431743
No,54.1264601,0,3853,0.556052299,33,2,Northern Rim,45.7315013,55.1464601
No,45.61127653,0,13245,0.482648602,55,2,Northern Rim,63.06734919,46.63127653
No,35.58486048,0,2716,0.520486409,43,3,Northern Rim,42.31343545,36.60486048
No,49.60968966,0,5948,0.516397211,54,2,West,46.04374636,50.62968966
No,48.00298172,0,5685,0.521510129,37,5,West,52.95539724,49.02298172
No,62.50101235,0,11200,0.499602771,64,3,Northern Rim,62.82539161,63.52101235
No,55.33166254,0,10434,0.503280371,36,4,Eastern Islands,61.85293867,56.35166254
No,52.92579131,0,6360,0.481305551,24,3,Northern Rim,71.0663616,53.94579131
No,65.99462847,0,12556,0.526926407,56,4,West,52.14289696,67.01462847
No,80.43065581,0,11619,0.507159195,58,3,Northern Rim,57.18625597,81.45065581
No,47.55499754,0,5730,0.501715805,18,3,Eastern Islands,57.6020025,48.57499754
No,39.3257503,0,11002,0.496424959,80,3,Eastern Islands,50.09355453,40.3457503
No,46.24850898,0,11058,0.469977252,38,2,West,51.97272386,47.26850898
No,40.08782668,0,15170,0.487465277,33,2,Eastern Islands,52.03674721,41.10782668
No,50.60743225,0,13736,0.503617118,36,5,West,62.63069483,51.62743225
No,36.91486504,0,4560,0.532271539,31,3,West,50.14024005,37.93486504
No,38.61360085,0,9167,0.508121504,52,1,Northern Rim,46.49090741,39.63360085
No,64.10583987,0,4849,0.505747705,32,3,Eastern Islands,50.87229015,65.12583987
No,49.30530731,0,5488,0.509249512,59,4,Northern Rim,58.73438345,50.32530731
No,54.70269846,0,4675,0.512961108,51,3,Eastern Islands,64.71370897,55.72269846
No,58.72758486,0,13253,0.513949474,47,3,Northern Rim,55.75941311,59.74758486
No,52.44113389,0,2278,0.54692877,49,3,Eastern Islands,51.75451811,53.46113389
No,42.78010573,0,11039,0.473548391,40,4,Eastern Islands,53.25335665,43.80010573
No,44.36725414,0,14747,0.496395973,30,3,Eastern Islands,58.34128377,45.38725414
No,52.58918891,0,9042,0.546835373,30,5,Eastern Islands,52.11212148,53.60918891
No,53.51381225,0,11480,0.547321106,50,3,Eastern Islands,51.43126821,54.53381225
No,62.13011838,0,7692,0.515362013,39,2,West,51.23409282,63.15011838
No,55.59160887,0,13276,0.500817532,39,2,Eastern Islands,49.04261902,56.61160887
No,39.43211163,0,12251,0.493337286,31,4,West,49.50641052,40.45211163
No,48.02679003,0,1628,0.506254403,58,4,Eastern Islands,68.34554841,49.04679003
No,43.04427561,0,14630,0.516004276,18,5,Northern Rim,59.12151207,44.06427561
No,49.12932416,0,13225,0.507954679,30,2,Eastern Islands,55.06810435,50.14932416
No,40.42452484,0,11851,0.513603582,21,3,West,65.4985079,41.44452484
No,55.07802796,0,12803,0.547875464,25,2,West,54.47784217,56.09802796
No,48.53849231,0,12931,0.481906494,21,3,Northern Rim,61.51041916,49.55849231
No,38.39728257,1,8459,0.518224364,87,3,West,57.76785505,39.41728257
No,44.26966438,0,7743,0.517804411,45,3,Northern Rim,52.07223909,45.28966438
No,60.31164924,0,10251,0.500932322,45,5,Eastern Islands,54.77586135,61.33164924
No,55.11484977,0,8139,0.562998893,55,5,Eastern Islands,53.38533389,56.13484977
No,60.09863932,0,4293,0.524935841,25,3,Eastern Islands,63.65117056,61.11863932
No,52.87889604,0,8339,0.512107271,51,3,Eastern Islands,59.93133948,53.89889604
No,56.16979503,0,11172,0.547172348,49,4,Northern Rim,51.53091728,57.18979503
No,56.91365175,0,15881,0.51571799,25,3,Eastern Islands,60.61182247,57.93365175
No,63.91121216,0,3708,0.508825968,43,3,West,53.0934029,64.93121216
No,58.45431572,0,11508,0.527411457,41,4,Eastern Islands,59.25100053,59.47431572
No,49.20342458,0,6101,0.513223163,38,2,Northern Rim,62.42558612,50.22342458
No,39.71289877,0,18230,0.475695726,36,3,West,50.49759939,40.73289877
No,61.5051976,0,7823,0.524684382,51,4,West,61.85658531,62.5251976
No,55.41996737,1,4934,0.502465875,64,1,Eastern Islands,50.06291125,56.43996737
No,40.68758728,0,10865,0.47280615,42,4,Northern Rim,62.4022631,41.70758728
No,57.41509267,0,12431,0.519423717,58,3,Eastern Islands,61.09453035,58.43509267
No,57.044292,0,17811,0.499183978,53,3,Eastern Islands,58.7580585,58.064292
No,42.27375261,0,5327,0.537276574,56,5,Northern Rim,51.08678527,43.29375261
No,45.8247851,0,11860,0.553270674,18,3,West,61.01642968,46.8447851
No,49.42329375,0,6285,0.499448634,31,5,West,65.56129655,50.44329375
No,48.36725001,0,12812,0.516885952,29,2,Northern Rim,47.93935436,49.38725001
No,48.38622087,0,16824,0.520507065,44,3,West,62.35292715,49.40622087
No,52.1389401,0,15133,0.508907812,18,3,Eastern Islands,58.87533937,53.1589401
No,28.61720251,0,10332,0.489060423,27,4,West,60.0671828,29.63720251
No,50.1463301,0,9735,0.476349242,53,4,Northern Rim,60.48334799,51.1663301
No,54.91807031,0,17551,0.51412416,52,3,Eastern Islands,59.63027693,55.93807031
No,45.18633559,0,5923,0.521877025,35,4,Northern Rim,51.82661515,46.20633559
No,48.43177207,1,10867,0.551944131,31,2,Northern Rim,66.01426805,49.45177207
No,47.44462573,1,12362,0.528645796,57,3,Northern Rim,51.47972117,48.46462573
No,51.07220333,1,13489,0.488954381,41,3,Eastern Islands,56.87764915,52.09220333
No,64.32622748,0,12611,0.473221813,31,4,Eastern Islands,59.97893281,65.34622748
No,50.22184873,0,8200,0.515292867,34,3,Eastern Islands,48.68776489,51.24184873
No,56.40896197,0,12146,0.530236746,25,3,West,60.86756987,57.42896197
No,51.52784816,0,5363,0.516082564,36,3,Eastern Islands,52.32349145,52.54784816
No,49.23876468,0,9625,0.49740248,23,5,Northern Rim,58.31410032,50.25876468
No,50.7471661,0,8524,0.52779693,18,6,Northern Rim,48.91853117,51.7671661
No,51.99089651,0,6744,0.502435231,42,4,Eastern Islands,53.37733422,53.01089651
No,44.65501684,0,12262,0.515477887,38,4,Northern Rim,58.61239434,45.67501684
No,43.31729535,0,12288,0.477691801,29,4,Eastern Islands,69.79663572,44.33729535
No,49.45380303,0,3406,0.484639938,37,4,West,57.26829682,50.47380303
No,44.32670179,0,12304,0.482244652,47,2,Eastern Islands,61.21643302,45.34670179
No,43.13291484,0,8036,0.53676661,45,2,Northern Rim,56.94083249,44.15291484
No,52.04808191,0,12638,0.509601602,18,4,Northern Rim,57.50662353,53.06808191
No,51.03491702,0,7672,0.535813741,28,3,West,54.60678026,52.05491702
No,44.12833704,0,100,0.510251654,51,4,Eastern Islands,53.63183373,45.14833704
No,46.19622936,1,14056,0.487383665,32,2,Northern Rim,48.31002119,47.21622936
No,62.16987452,0,12343,0.518990184,39,6,Eastern Islands,48.41438645,63.18987452
No,43.4338988,0,10934,0.526100621,51,4,Northern Rim,59.261644,44.4538988
No,53.27618804,0,13604,0.496632275,36,2,Northern Rim,53.74307124,54.29618804
No,35.19134314,1,7919,0.495700588,34,4,Eastern Islands,56.66725048,36.21134314
No,47.50796461,0,13471,0.480985534,79,4,Eastern Islands,58.68702392,48.52796461
No,44.82333626,1,11417,0.524336306,40,2,West,49.12369304,45.84333626
No,49.73450214,0,16150,0.497458349,41,4,Eastern Islands,57.54905595,50.75450214
No,32.94658298,0,10871,0.511391261,60,4,Eastern Islands,62.97540618,33.96658298
No,52.31288157,0,7699,0.499804737,32,3,West,54.32112003,53.33288157
No,51.4805576,0,7421,0.507458545,47,3,Northern Rim,46.51722088,52.5005576
No,62.59700585,0,13971,0.506175357,23,3,Northern Rim,44.47065942,63.61700585
No,37.69179364,0,13102,0.530602668,18,3,West,52.95255853,38.71179364
No,58.03589084,1,13378,0.536384138,27,3,Eastern Islands,63.24235859,59.05589084
No,45.36842068,0,7314,0.485490747,37,2,West,53.37092662,46.38842068
No,50.72155287,0,7648,0.508330668,38,4,Northern Rim,62.52064595,51.74155287
No,40.83084562,0,16581,0.498416215,52,3,West,56.05966823,41.85084562
No,55.85437829,0,9497,0.509753264,31,5,Northern Rim,64.43796149,56.87437829
No,53.31303177,0,19050,0.526236292,59,2,West,56.30366601,54.33303177
No,43.63508609,0,11738,0.488389051,50,3,West,61.29358498,44.65508609
No,59.61593782,0,10098,0.493823181,31,4,West,59.85765628,60.63593782
No,60.19992314,0,13338,0.50069508,46,2,West,51.02171657,61.21992314
No,46.83830748,0,7481,0.504763767,56,2,Eastern Islands,49.36899767,47.85830748
No,45.60029916,0,3138,0.531026008,50,6,West,49.11903468,46.62029916
No,50.56292025,0,12705,0.466619087,69,5,Eastern Islands,69.28981681,51.58292025
No,47.79631366,0,3871,0.534415796,39,6,Northern Rim,54.23358517,48.81631366
No,48.53000677,0,9809,0.53608402,21,2,Eastern Islands,60.3111144,49.55000677
No,39.09865736,0,5250,0.502781696,50,4,Northern Rim,66.17724788,40.11865736
No,62.190064,0,11180,0.500086239,46,4,Eastern Islands,67.04568858,63.210064
No,48.51688456,0,5948,0.508954646,43,5,West,59.09473183,49.53688456
No,42.96459052,0,11852,0.479852166,47,4,Eastern Islands,52.06489718,43.98459052
No,61.67007952,0,12294,0.467014796,61,3,West,64.13897115,62.69007952
No,58.17574851,0,9055,0.518764549,43,2,Eastern Islands,57.79244658,59.19574851
No,63.29452377,0,4782,0.521390376,18,5,Northern Rim,48.7042577,64.31452377
No,66.75406204,0,10205,0.494892355,54,4,Northern Rim,56.73207767,67.77406204
No,63.88258725,0,4107,0.49819343,49,4,Eastern Islands,64.96327129,64.90258725
No,55.01387722,1,10304,0.493672695,48,3,Northern Rim,44.93023462,56.03387722
No,36.27407312,0,17396,0.524366911,42,4,West,61.07292662,37.29407312
No,55.81617481,0,8364,0.518155308,21,5,Northern Rim,53.85600784,56.83617481
No,48.40680153,0,16502,0.499382677,37,3,Northern Rim,55.44157227,49.42680153
No,60.44263954,0,13059,0.49752898,55,4,West,60.94887143,61.46263954
No,62.82467863,0,8563,0.503830202,18,4,Northern Rim,52.12350264,63.84467863
No,64.89643764,0,11971,0.560753799,19,4,Northern Rim,72.37600735,65.91643764
No,43.41682737,0,8049,0.502454139,49,2,Northern Rim,53.98506682,44.43682737
No,64.20308706,0,2732,0.51638995,36,4,West,78.66992603,65.22308706
No,60.22476857,0,6372,0.483660419,32,2,Eastern Islands,59.54025348,61.24476857
No,42.60395731,0,12296,0.538255097,20,4,Northern Rim,65.83492643,43.62395731
No,46.73688127,0,14515,0.518800548,27,4,Eastern Islands,62.82091041,47.75688127
No,51.23846523,0,5551,0.497776233,46,4,Northern Rim,50.56393605,52.25846523
No,56.20175291,0,5353,0.539370985,38,2,Northern Rim,58.20938121,57.22175291
No,39.0379208,0,8289,0.485000522,59,2,West,42.75329781,40.0579208
No,62.29670623,0,10390,0.486991023,32,3,West,59.25507892,63.31670623
No,59.92281018,1,8423,0.507822188,18,3,Eastern Islands,62.38931092,60.94281018
No,45.76476476,0,4625,0.501137887,63,4,Northern Rim,54.57694234,46.78476476
No,42.83244481,0,9124,0.516669462,53,4,Eastern Islands,60.55024113,43.85244481
No,44.11936379,0,7844,0.496014361,61,3,Eastern Islands,56.16129835,45.13936379
No,48.6171131,0,6175,0.545394802,31,3,Eastern Islands,53.84869057,49.6371131
No,44.77369224,0,12150,0.504333312,52,3,Northern Rim,72.86075671,45.79369224
No,51.10101716,0,11376,0.497606273,30,3,Eastern Islands,52.02556541,52.12101716
No,59.30965394,0,6642,0.525068819,26,4,Northern Rim,66.23748752,60.32965394
No,49.46086605,0,16196,0.550691877,51,4,West,47.72318653,50.48086605
No,47.54484695,0,8185,0.469037717,35,5,Northern Rim,68.89472734,48.56484695
No,48.95343163,0,5480,0.520890142,18,2,West,55.27809409,49.97343163
No,45.78962908,0,9482,0.532281728,31,7,West,49.76660649,46.80962908
No,47.74534314,0,8086,0.506785961,52,4,West,59.40305925,48.76534314
No,42.79301132,0,16152,0.505040122,51,5,West,54.45238868,43.81301132
No,48.50776384,0,12736,0.481479237,27,2,Northern Rim,49.09118227,49.52776384
No,42.32657681,0,9970,0.528372254,51,4,Eastern Islands,43.31026288,43.34657681
No,42.86362719,0,7033,0.538220599,36,3,Eastern Islands,48.77345923,43.88362719
No,54.09307295,0,9101,0.489333745,68,4,West,58.60430484,55.11307295
No,50.61688817,0,17421,0.502032898,52,2,Northern Rim,53.17573743,51.63688817
No,49.55851186,0,9627,0.518026342,35,3,Eastern Islands,52.87614328,50.57851186
No,46.24043542,0,2276,0.525497379,29,3,Northern Rim,51.70159306,47.26043542
No,76.12349569,0,5180,0.489911837,46,2,Northern Rim,59.5665945,77.14349569
No,49.52755463,0,13698,0.476099186,47,4,Eastern Islands,48.56452082,50.54755463
No,43.82058976,0,14951,0.507661075,36,2,Eastern Islands,59.19042042,44.84058976
No,47.82056809,0,11940,0.479526277,18,4,Eastern Islands,60.36563926,48.84056809
No,51.42750359,0,5294,0.462615241,78,3,Northern Rim,55.89145819,52.44750359
No,52.97423369,0,7305,0.481699657,26,5,West,65.8876185,53.99423369
No,50.36405899,0,14051,0.481423148,39,3,Northern Rim,55.1231821,51.38405899
No,64.02703754,0,6225,0.495579322,53,2,West,60.96157808,65.04703754
No,50.25499817,0,10196,0.532124924,49,3,West,51.57656537,51.27499817
No,45.75959455,0,15256,0.49774955,66,5,Eastern Islands,66.0413754,46.77959455
No,42.63390389,0,10425,0.532176349,49,3,Eastern Islands,61.81103937,43.65390389
No,46.65729497,0,9537,0.505368933,33,5,Northern Rim,55.92907803,47.67729497
No,54.48231485,0,9989,0.526570274,88,5,West,62.10750898,55.50231485
No,48.06670295,0,9195,0.467954372,49,2,Eastern Islands,47.20489413,49.08670295
No,41.34345477,0,5007,0.5055372,44,5,West,58.55191456,42.36345477
No,46.98955083,0,9966,0.488725106,46,3,Northern Rim,49.56910057,48.00955083
No,53.79850839,0,10967,0.514907058,55,4,West,62.51804899,54.81850839
No,53.0176464,0,9161,0.495947967,50,3,West,58.3990845,54.0376464
No,51.11890248,0,8664,0.546074333,21,3,Northern Rim,55.20743598,52.13890248
No,42.74751267,0,14171,0.467756063,38,4,Northern Rim,54.25860591,43.76751267
No,59.15425269,0,9525,0.495488744,67,1,West,44.66404573,60.17425269
No,58.08038919,0,4563,0.497991665,24,4,Northern Rim,64.82257771,59.10038919
No,44.1264647,0,20499,0.538151399,44,4,Eastern Islands,53.16083998,45.1464647
No,47.06879481,0,9727,0.539148323,26,2,Eastern Islands,63.46169994,48.08879481
No,56.62660282,0,6181,0.533364723,18,5,Northern Rim,57.29630258,57.64660282
No,55.75531462,0,16916,0.526008678,73,3,West,69.36578892,56.77531462
No,43.82906361,0,15060,0.533200499,61,4,West,52.90694915,44.84906361
No,76.26134839,0,733,0.518045962,62,4,Eastern Islands,52.24630904,77.28134839
No,59.89409844,1,9766,0.494946729,63,4,Northern Rim,67.81966138,60.91409844
No,57.88925593,0,17135,0.519234169,51,2,West,53.98967263,58.90925593
No,42.56684306,0,4943,0.504538835,78,4,Northern Rim,49.82697099,43.58684306
No,58.71507927,1,6747,0.48224063,25,4,Northern Rim,61.58045223,59.73507927
No,54.90040071,0,17522,0.482356143,38,4,Northern Rim,54.84497612,55.92040071
No,51.64406334,0,15168,0.494690412,47,3,West,63.45500325,52.66406334
No,50.04069778,0,13046,0.481036981,24,3,Eastern Islands,56.28264121,51.06069778
No,54.43220188,0,13836,0.522897037,73,3,Eastern Islands,58.2894817,55.45220188
No,53.9108685,1,13477,0.524026178,52,3,Eastern Islands,53.74733068,54.9308685
No,50.70140064,0,7081,0.52899228,43,2,Northern Rim,47.13389652,51.72140064
No,41.38761296,0,5514,0.500891569,38,3,West,53.97754196,42.40761296
No,55.40418883,0,5323,0.543344886,35,4,Northern Rim,46.48949418,56.42418883
No,34.22511508,1,16654,0.501782957,41,4,West,59.64788546,35.24511508
No,63.54738178,0,10306,0.558318685,34,3,Eastern Islands,56.57901839,64.56738178
No,57.18666147,0,12416,0.52002249,20,4,West,52.24427696,58.20666147
No,44.14272366,0,15726,0.538092905,18,5,Northern Rim,56.43684956,45.16272366
No,33.00158065,0,543,0.464971208,24,5,West,57.95360441,34.02158065
No,68.1218498,0,16325,0.497854285,22,4,Eastern Islands,62.56427837,69.1418498
No,55.58101103,0,10499,0.505972112,29,4,West,62.47073662,56.60101103
No,62.42286291,0,13577,0.48147206,69,4,West,59.27152563,63.44286291
No,64.10073284,0,12192,0.513708469,26,4,West,51.26725989,65.12073284
No,58.61497469,0,8917,0.516238897,28,4,West,54.42163179,59.63497469
No,48.12075593,0,5611,0.538568903,52,4,Eastern Islands,69.78785684,49.14075593
No,66.86677761,1,16767,0.475599643,47,3,Eastern Islands,72.69594403,67.88677761
No,52.40211314,0,10491,0.551984474,50,4,Eastern Islands,59.47579268,53.42211314
No,60.8030282,0,8407,0.553874321,41,4,West,54.36981292,61.8230282
No,39.22899833,0,5790,0.50909774,44,4,Northern Rim,50.06344143,40.24899833
No,55.11497686,0,100,0.527326437,56,2,West,69.20413232,56.13497686
No,43.49247187,0,10997,0.524466929,49,4,West,51.70721967,44.51247187
No,49.91305519,0,18507,0.478029091,18,4,Eastern Islands,57.42542093,50.93305519
No,56.2456765,0,6105,0.532651057,42,4,West,68.9830792,57.2656765
No,51.13472461,0,9387,0.527136132,32,5,West,52.95465373,52.15472461
No,45.90100216,0,16202,0.503521962,22,3,Northern Rim,61.12356315,46.92100216
No,47.1708589,0,8468,0.476792166,29,4,Eastern Islands,61.072046,48.1908589
No,54.86403053,0,10907,0.508473524,18,3,Northern Rim,78.68291437,55.88403053
No,62.42613413,0,5263,0.518183781,74,4,Eastern Islands,49.19830306,63.44613413
No,53.04593118,0,2753,0.481283804,48,4,West,67.9252453,54.06593118
No,49.12893597,0,9579,0.485924172,43,4,West,48.98060532,50.14893597
No,55.04215309,0,15399,0.485440216,50,5,West,41.60285913,56.06215309
No,44.48586441,0,4671,0.534910652,36,4,Eastern Islands,57.54571845,45.50586441
No,50.57835734,0,4008,0.506459702,51,4,West,62.54293427,51.59835734
No,43.01295572,0,13197,0.507309418,34,3,West,64.86797341,44.03295572
No,58.06222287,0,12417,0.528739667,76,4,Eastern Islands,53.71316376,59.08222287
No,58.88668477,0,10956,0.53838668,35,3,Eastern Islands,59.13209565,59.90668477
No,44.31933853,0,10651,0.505540282,52,4,West,58.90458142,45.33933853
No,49.2819021,1,3633,0.551656376,30,4,West,60.47188304,50.3019021
No,42.89794607,0,9308,0.486870269,33,3,Eastern Islands,52.20512113,43.91794607
No,59.99693933,0,10691,0.488105765,26,4,Northern Rim,58.50127691,61.01693933
No,56.31376554,0,10691,0.496847598,46,4,Northern Rim,56.95122343,57.33376554
No,46.56835905,0,9869,0.505377439,70,3,West,55.45900789,47.58835905
No,67.43867913,0,15956,0.526223289,25,3,West,62.2454183,68.45867913
No,42.51060354,0,6153,0.525406673,26,3,Eastern Islands,63.14363633,43.53060354
No,40.67119838,0,9016,0.503485624,69,3,Northern Rim,50.1257544,41.69119838
No,66.04869058,0,4792,0.526254855,18,4,Eastern Islands,46.13131638,67.06869058
No,44.46483973,0,3974,0.525703262,54,3,Eastern Islands,45.98657577,45.48483973
No,37.1255391,0,5609,0.512033879,31,4,Northern Rim,44.31275716,38.1455391
No,53.41329212,0,9762,0.512213395,29,1,West,63.13459369,54.43329212
No,55.00118826,0,10220,0.532899196,37,5,West,49.82495376,56.02118826
No,57.19062537,0,6679,0.534511958,42,2,West,48.58283324,58.21062537
No,42.7192725,0,13562,0.471217796,26,5,Northern Rim,54.89381206,43.7392725
No,69.40143235,0,8682,0.527165342,59,5,Eastern Islands,60.56306228,70.42143235
No,42.55662113,0,2515,0.523892159,33,5,West,47.57370081,43.57662113
No,36.98825505,0,11650,0.49584396,38,3,Northern Rim,57.01742888,38.00825505
No,64.17827712,0,13503,0.53636915,18,4,Northern Rim,69.01263269,65.19827712
No,46.25144695,0,8226,0.511601774,34,4,Eastern Islands,63.89697065,47.27144695
No,51.12464187,0,18038,0.497378662,53,3,Northern Rim,56.37328838,52.14464187
No,56.37927907,0,20578,0.481442649,45,5,Eastern Islands,50.25979766,57.39927907
No,51.28428304,0,6509,0.490345203,51,3,West,58.55305836,52.30428304
No,53.68678885,0,16270,0.483124016,31,4,West,57.30294872,54.70678885
No,41.71433879,0,15960,0.499537438,35,3,Northern Rim,64.31247838,42.73433879
No,50.15775757,0,11417,0.509047734,60,3,Northern Rim,61.20108067,51.17775757
No,44.12773142,0,2991,0.523455361,35,3,Northern Rim,50.39042726,45.14773142
No,43.71067562,0,8564,0.468182076,43,5,Northern Rim,49.5164941,44.73067562
No,45.85007219,0,12234,0.561034056,38,5,West,51.27748631,46.87007219
No,47.01676243,0,13150,0.534861541,37,5,West,61.0428097,48.03676243
No,49.97815756,1,10124,0.485279516,43,3,Eastern Islands,55.18224459,50.99815756
No,53.93428185,0,13433,0.534737328,44,5,Northern Rim,67.0062294,54.95428185
No,48.66603692,0,11374,0.53091074,53,4,West,60.54330997,49.68603692
No,46.78986825,0,10901,0.524072721,21,4,West,54.4951001,47.80986825
No,55.26186358,0,15895,0.520672406,24,3,West,52.01790361,56.28186358
No,47.82922718,1,16513,0.478063764,23,5,West,65.2026249,48.84922718
No,62.98399301,0,7265,0.500717393,26,2,West,76.3110075,64.00399301
No,44.86444421,0,14274,0.48835707,51,5,West,59.14494479,45.88444421
No,65.68122912,0,4482,0.502423882,51,5,West,67.65984994,66.70122912
No,54.0436508,0,9841,0.497021994,48,5,West,52.99754404,55.0636508
No,57.39980186,0,7856,0.529703122,49,2,West,57.72784289,58.41980186
No,59.47954969,0,14303,0.497926422,40,4,Eastern Islands,61.11686215,60.49954969
No,43.46059924,0,12824,0.516517209,27,2,West,48.46577608,44.48059924
No,53.80008844,0,7339,0.482155696,38,3,Northern Rim,69.60637481,54.82008844
No,45.34562314,0,3897,0.510148114,49,4,Eastern Islands,67.22077577,46.36562314
No,48.39083094,0,13435,0.498365548,59,3,Eastern Islands,60.05625711,49.41083094
No,46.04360604,0,19267,0.531852209,22,3,Northern Rim,54.0892704,47.06360604
No,44.39526059,1,1665,0.499962518,30,5,Northern Rim,63.41351721,45.41526059
No,55.69074638,0,7714,0.499278356,18,5,Northern Rim,65.86099738,56.71074638
No,60.58975662,0,6513,0.506923286,51,3,Northern Rim,61.20899448,61.60975662
No,39.69302938,0,12078,0.542932213,31,5,Eastern Islands,52.73871797,40.71302938
No,58.00081948,0,14662,0.54535769,47,4,West,48.00882381,59.02081948
No,57.46426889,0,5068,0.509986149,31,3,West,45.39749411,58.48426889
No,65.10791623,0,21503,0.513622628,64,4,Eastern Islands,50.25641082,66.12791623
No,53.95324439,0,10279,0.483386262,42,4,West,52.24843616,54.97324439
No,45.65970131,0,13734,0.493525446,73,5,Northern Rim,48.8504005,46.67970131
No,34.74283602,1,6618,0.500948813,23,4,West,55.56355689,35.76283602
No,50.90764362,0,13722,0.526969315,44,4,Northern Rim,63.44941983,51.92764362
No,38.47511139,0,12112,0.500940226,45,4,Northern Rim,62.36359139,39.49511139
No,63.28886412,0,13830,0.533540533,56,3,Eastern Islands,59.68547011,64.30886412
No,62.1758719,1,5604,0.491642433,50,2,West,46.4002967,63.1958719
No,64.02802762,1,11491,0.505088365,55,3,Northern Rim,56.33393661,65.04802762
No,44.80509106,0,12267,0.528300419,60,5,West,64.60557683,45.82509106
No,54.98898489,0,14334,0.535128552,38,4,West,58.68256429,56.00898489
No,47.37812191,0,6050,0.481549578,38,2,West,62.36632832,48.39812191
No,58.84995982,0,8646,0.525834033,42,3,Northern Rim,64.95419927,59.86995982
No,42.8915736,1,6836,0.510861482,26,3,Northern Rim,64.39387453,43.9115736
No,65.03876815,0,2967,0.520569407,54,4,Northern Rim,58.57023177,66.05876815
No,38.53368071,0,9004,0.516350358,28,4,Eastern Islands,59.39141665,39.55368071
No,46.72540986,0,11132,0.498350622,34,3,West,55.2792084,47.74540986
No,34.95862042,0,11586,0.513358071,47,4,Northern Rim,63.25227646,35.97862042
No,44.49756977,0,10172,0.486791445,45,4,Northern Rim,65.05151613,45.51756977
No,64.5571603,0,12050,0.545641543,44,3,Northern Rim,60.75810145,65.5771603
No,46.24886896,0,13609,0.50843369,56,1,Northern Rim,58.82466155,47.26886896
No,45.13621509,0,13290,0.50882633,55,3,West,65.05287074,46.15621509
No,51.67362784,0,10695,0.538278886,37,3,Northern Rim,55.59950707,52.69362784
No,31.9747384,0,13949,0.538006986,49,3,Eastern Islands,57.15803425,32.9947384
No,51.03694272,0,14470,0.498539086,32,4,Northern Rim,53.14728219,52.05694272
No,55.2474485,0,3650,0.505709992,64,3,Northern Rim,58.71285185,56.2674485
No,57.95300594,0,100,0.503069291,36,3,West,54.15246094,58.97300594
No,49.05753058,0,10315,0.528419853,46,3,Northern Rim,56.94652853,50.07753058
No,64.02256053,1,8196,0.516538621,53,3,Northern Rim,61.20049986,65.04256053
No,47.41893004,0,13234,0.50756511,37,4,Northern Rim,52.74851376,48.43893004
No,46.27121842,0,8726,0.48855448,70,4,Eastern Islands,61.87860598,47.29121842
No,65.23991707,0,14121,0.523941367,42,4,West,57.98980474,66.25991707
No,59.53728143,0,12984,0.523424439,55,4,Eastern Islands,63.21559202,60.55728143
No,62.18826228,0,13749,0.496288074,62,5,Northern Rim,56.05494872,63.20826228
No,46.70821488,0,15553,0.497045502,67,2,West,62.78091303,47.72821488
No,63.01279081,0,7755,0.521704922,19,4,Northern Rim,58.36759271,64.03279081
No,52.11991755,0,8044,0.525712117,52,3,West,63.50810214,53.13991755
No,49.01553494,1,12744,0.481737156,63,2,West,75.03211112,50.03553494
No,46.15996492,1,10566,0.522918922,31,4,Eastern Islands,62.01892065,47.17996492
No,43.77298462,0,13919,0.505533005,18,4,Eastern Islands,60.19722352,44.79298462
No,59.47450914,0,1999,0.510430947,34,3,West,52.66343853,60.49450914
No,57.00899769,0,19366,0.515148628,46,4,Northern Rim,55.44060687,58.02899769
No,67.2293209,0,6454,0.536539733,44,4,Eastern Islands,48.50185133,68.2493209
No,65.43747375,0,10733,0.51749578,35,3,Eastern Islands,71.53051012,66.45747375
No,41.81761221,0,4924,0.496743272,30,3,Northern Rim,53.55694131,42.83761221
No,63.17544096,0,13980,0.53505634,27,2,Northern Rim,34.34438521,64.19544096
No,52.47745328,0,4532,0.527001874,46,3,West,63.25096274,53.49745328
No,55.95474271,0,6097,0.517584969,33,3,Northern Rim,55.59582542,56.97474271
No,50.10427924,0,8761,0.507729389,18,5,West,49.99861553,51.12427924
No,51.37688301,1,15981,0.520500776,62,3,Northern Rim,49.92220459,52.39688301
No,36.03851161,0,13933,0.509384849,76,3,West,49.4397761,37.05851161
No,56.81387745,0,9863,0.487909146,63,3,West,48.05168582,57.83387745
No,48.04009961,0,10649,0.527837287,43,3,Northern Rim,57.3402223,49.06009961
No,53.58138764,0,4097,0.504975791,52,4,Northern Rim,62.04691696,54.60138764
No,62.33222258,0,22240,0.550865877,28,2,West,53.81175942,63.35222258
No,50.82091811,0,10372,0.520082991,71,4,West,66.53297422,51.84091811
No,49.3750643,0,11959,0.489470136,33,2,West,41.48446992,50.3950643
No,71.15867967,0,8866,0.544449814,40,4,West,46.9035972,72.17867967
No,62.89491443,0,5760,0.542129317,56,3,West,60.02965975,63.91491443
No,51.22125812,0,8516,0.5194785,42,3,Northern Rim,52.0374931,52.24125812
No,46.93866887,0,1802,0.491519243,46,3,Eastern Islands,55.83535596,47.95866887
No,48.31977941,0,10584,0.490987876,36,6,Eastern Islands,65.25957761,49.33977941
No,39.33788228,0,5541,0.528293214,46,3,West,65.40467047,40.35788228
No,58.89061646,0,8956,0.503697529,49,4,Eastern Islands,61.01239223,59.91061646
No,49.89043461,0,9025,0.487836958,50,2,Eastern Islands,55.23093432,50.91043461
No,50.48887403,0,2365,0.497362947,39,3,Northern Rim,54.10641236,51.50887403
No,57.39737364,0,8684,0.512284372,63,4,West,46.49588499,58.41737364
No,33.26588268,0,17086,0.518494353,46,3,Eastern Islands,56.24386181,34.28588268
No,71.727758,0,9971,0.517962716,49,5,West,56.06570953,72.747758
No,54.37140956,0,12306,0.486479588,30,3,West,68.54423658,55.39140956
No,38.95256356,0,5167,0.521981199,23,4,Eastern Islands,49.34399574,39.97256356
No,62.54057149,0,3511,0.513729102,34,5,Eastern Islands,47.59571318,63.56057149
No,43.13848239,1,12831,0.540285194,18,3,West,50.50269516,44.15848239
No,49.97981623,0,1977,0.471873023,57,5,Eastern Islands,65.35547258,50.99981623
No,48.31480307,0,10067,0.491898608,43,2,West,52.93460348,49.33480307
No,62.77765749,0,10559,0.485018229,32,2,Eastern Islands,50.02882154,63.79765749
No,45.01900724,0,8567,0.518604237,33,3,Eastern Islands,60.55795511,46.03900724
No,43.63555862,0,15381,0.515764984,37,3,Northern Rim,58.42046951,44.65555862
No,63.73655162,0,9252,0.517764113,52,3,West,55.45274819,64.75655162
No,53.21361957,0,10105,0.492821391,58,4,Eastern Islands,56.91016924,54.23361957
No,59.45055128,0,16479,0.537506452,32,3,Northern Rim,64.69454499,60.47055128
No,52.55358404,0,9215,0.521348599,54,3,Eastern Islands,57.6135628,53.57358404
No,50.26886415,0,7411,0.495459843,36,4,Eastern Islands,38.77661649,51.28886415
No,46.45450698,0,6556,0.502273938,55,2,West,58.01327243,47.47450698
No,32.87950977,0,6923,0.529334066,44,4,Northern Rim,60.63370731,33.89950977
No,56.25951445,0,7079,0.535601671,27,3,Eastern Islands,55.01032964,57.27951445
No,54.21693734,0,10944,0.502765488,58,3,Northern Rim,60.48442761,55.23693734
No,48.7098662,0,8414,0.507321794,58,6,Northern Rim,64.26136875,49.7298662
No,65.29899084,0,12631,0.477760903,61,3,Eastern Islands,55.93952693,66.31899084
No,56.91964948,0,10000,0.529655716,43,3,Eastern Islands,58.44509343,57.93964948
No,52.45069018,0,6157,0.487263618,73,3,West,64.5415806,53.47069018
No,48.10925663,0,13499,0.491862857,41,2,Eastern Islands,68.5441266,49.12925663
No,49.67338709,0,15564,0.518534112,44,4,Eastern Islands,70.85282988,50.69338709
No,61.63288691,0,8283,0.504771031,18,3,Eastern Islands,65.6135157,62.65288691
No,52.37238265,1,10024,0.523831053,39,4,Northern Rim,47.02614881,53.39238265
No,53.15711376,0,14373,0.502256924,38,4,Northern Rim,53.47483302,54.17711376
No,48.94916966,0,7742,0.499702996,51,3,Northern Rim,63.61874484,49.96916966
No,50.18950824,0,9739,0.532087543,78,1,West,55.56698356,51.20950824
No,58.1402946,1,12768,0.515634108,26,3,Northern Rim,78.52056869,59.1602946
No,51.54525997,0,8732,0.524815244,46,3,Eastern Islands,65.22590034,52.56525997
No,39.92927818,0,7867,0.475945174,24,5,Northern Rim,58.39222934,40.94927818
No,54.85945358,0,11331,0.515401487,18,3,West,53.9845123,55.87945358
No,71.62904001,0,6001,0.548047974,32,3,West,61.70182572,72.64904001
No,51.14397256,0,13232,0.516815849,28,5,Eastern Islands,54.28558445,52.16397256
No,64.45073356,0,17028,0.509235683,44,3,Northern Rim,40.11397469,65.47073356
No,48.34679169,0,11317,0.501658403,18,5,Northern Rim,56.51160563,49.36679169
No,48.48679512,0,9220,0.511747916,41,2,Northern Rim,46.35200859,49.50679512
No,49.80562577,0,235,0.53542686,32,5,Northern Rim,71.96380088,50.82562577
No,57.26717226,0,12205,0.54988933,23,3,Northern Rim,56.32146692,58.28717226
No,47.91287873,0,7264,0.513188225,62,2,Northern Rim,69.7240757,48.93287873
No,45.55264633,0,9951,0.505635097,30,5,Eastern Islands,56.05526226,46.57264633
No,35.53462781,0,1916,0.488011412,66,3,Eastern Islands,66.92450269,36.55462781
No,48.66331204,0,10173,0.517844798,53,3,Eastern Islands,58.201192,49.68331204
No,44.37874034,0,10953,0.501375399,37,4,Eastern Islands,63.21522127,45.39874034
No,46.784581,1,10087,0.52699317,45,1,West,68.73856788,47.804581
No,49.81679301,0,6612,0.507414992,55,4,Eastern Islands,54.83957509,50.83679301
No,54.71687904,0,4323,0.505499526,40,5,Northern Rim,42.89257957,55.73687904
No,53.89013573,0,7511,0.513026159,53,3,Northern Rim,62.10176068,54.91013573
No,62.00957385,0,8862,0.55060115,64,2,Northern Rim,55.19594438,63.02957385
No,49.01829963,0,9748,0.524532422,44,4,West,54.51095992,50.03829963
No,48.95392562,0,7240,0.503505619,50,4,West,63.15535646,49.97392562
No,50.23414753,0,12257,0.477437431,38,3,West,51.36609038,51.25414753
No,47.85338237,0,6994,0.481907028,47,3,Northern Rim,60.07649566,48.87338237
No,63.26384366,0,11964,0.501260485,27,4,West,68.25293529,64.28384366
No,45.69048631,0,1867,0.518543703,41,3,Eastern Islands,59.59708853,46.71048631
No,50.68191747,0,7344,0.514791168,18,2,Northern Rim,50.56340573,51.70191747
No,43.95647841,0,9599,0.497440683,35,3,West,53.49175083,44.97647841
No,42.75475894,0,10479,0.533336517,31,4,Northern Rim,55.7109457,43.77475894
No,31.78972155,0,11685,0.463440459,74,2,Eastern Islands,56.79264431,32.80972155
No,57.101553,0,7920,0.520913544,37,2,Eastern Islands,52.94146341,58.121553
No,37.9725355,0,1074,0.527248196,18,2,Eastern Islands,50.2760017,38.9925355
No,53.22624626,0,10471,0.524065595,54,3,West,66.07361875,54.24624626
No,44.75297444,0,10448,0.494085437,43,4,Eastern Islands,68.9730161,45.77297444
No,39.76197835,0,4270,0.497641337,26,5,West,70.06654511,40.78197835
No,45.24251999,0,10002,0.516858428,26,3,West,52.24591273,46.26251999
No,52.47338594,0,4882,0.519731402,31,4,Northern Rim,59.23471615,53.49338594
No,42.3260373,0,9916,0.473654629,33,4,Northern Rim,65.10332513,43.3460373
No,56.21286374,0,10396,0.519702288,47,4,Northern Rim,57.22367114,57.23286374
No,50.23044925,0,5766,0.535629838,43,3,Eastern Islands,61.83814445,51.25044925
No,34.6280784,0,7785,0.505237226,54,4,Eastern Islands,44.57225855,35.6480784
No,42.99698167,0,9169,0.497996546,46,1,Northern Rim,53.89646655,44.01698167
No,34.68968572,0,12335,0.523318569,62,4,Eastern Islands,47.74316672,35.70968572
No,57.43663051,0,14322,0.508396358,18,2,West,64.6929336,58.45663051
No,59.50781937,0,8668,0.513418439,65,3,Northern Rim,52.8912032,60.52781937
No,48.94159951,0,10044,0.531391947,18,4,West,58.75071168,49.96159951
No,41.80761484,0,5630,0.493131297,45,1,Eastern Islands,64.37597075,42.82761484
No,58.39226813,0,6655,0.512283944,50,3,Eastern Islands,43.41887586,59.41226813
No,62.09849115,0,14766,0.528374985,59,5,Northern Rim,48.65812093,63.11849115
No,41.21676268,0,6318,0.488620214,51,5,West,66.72175698,42.23676268
No,53.53713545,0,4298,0.493504004,38,2,Eastern Islands,45.15414195,54.55713545
No,40.12399354,0,9937,0.523348519,23,4,Eastern Islands,60.62578608,41.14399354
No,37.90381381,0,8557,0.506493264,40,5,West,35.10523233,38.92381381
No,41.76646989,0,6320,0.487884824,47,6,Northern Rim,59.10618037,42.78646989
No,47.46518742,1,14105,0.477501368,40,4,Northern Rim,50.18849729,48.48518742
No,31.59439102,0,8383,0.493318586,29,3,Northern Rim,55.41622134,32.61439102
No,48.4514934,0,2952,0.50548462,53,4,Northern Rim,64.78062724,49.4714934
No,48.69240455,0,4176,0.483302924,20,3,Eastern Islands,66.50920713,49.71240455
No,51.3406251,0,6367,0.500012214,28,2,Northern Rim,58.48248939,52.3606251
No,50.99404747,0,13514,0.496903102,57,3,Northern Rim,58.79258909,52.01404747
No,57.51570931,0,11680,0.490106425,54,4,Eastern Islands,63.81137756,58.53570931
No,57.97576159,0,7588,0.521217912,75,3,West,50.53971563,58.99576159
No,52.41066465,0,11709,0.491383,73,5,Eastern Islands,41.42824129,53.43066465
No,52.74861531,0,12364,0.527822696,35,4,West,47.78998391,53.76861531
No,55.82274305,0,10178,0.497508051,42,3,Northern Rim,43.63096136,56.84274305
No,40.89661838,0,2932,0.510707917,24,2,Eastern Islands,56.30003131,41.91661838
No,59.71211802,0,12041,0.552689293,30,3,West,48.69422079,60.73211802
No,57.30754873,0,14536,0.501387464,50,2,Eastern Islands,62.62349673,58.32754873
No,52.87012681,0,10482,0.510031752,46,5,West,59.91354623,53.89012681
No,51.0813003,0,6936,0.504821288,34,3,West,62.40496521,52.1013003
No,45.07764669,0,6710,0.513050117,33,3,Northern Rim,62.09435742,46.09764669
No,47.01320009,0,14847,0.543577396,61,3,Eastern Islands,53.32680822,48.03320009
No,48.14136668,1,10988,0.501979938,18,5,West,47.83914072,49.16136668
No,50.24875114,0,8915,0.503775889,18,3,Eastern Islands,55.4470457,51.26875114
No,39.38330832,0,14211,0.513204525,53,2,West,66.25262351,40.40330832
No,51.89334415,0,13828,0.491926483,43,5,Eastern Islands,60.36070352,52.91334415
No,52.60024509,0,5568,0.491244865,51,3,Northern Rim,60.34371275,53.62024509
No,41.59956744,0,7996,0.5409598,45,5,Eastern Islands,64.71798748,42.61956744
No,41.38436832,0,17100,0.485423371,43,2,West,61.60574187,42.40436832
No,48.04187097,1,7162,0.516697644,55,5,West,60.61250745,49.06187097
No,71.79406925,0,11602,0.496184267,26,2,Northern Rim,61.70945694,72.81406925
No,52.62749586,0,10555,0.522510335,39,3,West,58.64030604,53.64749586
No,46.66997505,0,7562,0.515007508,42,3,Eastern Islands,64.98124609,47.68997505
No,54.95962516,0,6455,0.499706454,59,3,Eastern Islands,59.80686955,55.97962516
No,50.58647291,0,11088,0.542967474,49,5,West,52.48489162,51.60647291
No,44.93338424,0,16566,0.481607403,52,1,Eastern Islands,63.82999468,45.95338424
No,55.05780507,0,10761,0.505161958,69,2,West,47.63001293,56.07780507
No,56.49459904,0,9851,0.503119925,18,4,Eastern Islands,52.38481726,57.51459904
No,46.74611095,0,16143,0.510276709,64,3,Eastern Islands,41.70746821,47.76611095
No,24.81401031,0,8576,0.502342279,31,3,Northern Rim,52.50027197,25.83401031
No,59.13531757,0,11448,0.494630394,39,4,Northern Rim,52.20589559,60.15531757
No,53.00011201,0,13542,0.511363658,40,3,Eastern Islands,65.42110198,54.02011201
No,47.97577814,0,11082,0.510493651,51,3,Northern Rim,50.20665932,48.99577814
No,72.1520821,0,6015,0.493418976,48,3,Eastern Islands,54.29176673,73.1720821
No,60.70303162,0,15417,0.522001495,48,5,West,61.24346638,61.72303162
No,48.23607064,0,17476,0.534947617,30,4,Eastern Islands,61.76622292,49.25607064
No,56.01100408,0,5661,0.526135156,53,2,Eastern Islands,43.88156368,57.03100408
No,55.71588205,0,13240,0.52651872,18,4,Northern Rim,64.5780226,56.73588205
No,47.83859229,0,17777,0.511915427,58,2,West,48.32253261,48.85859229
No,37.42764713,1,6273,0.482829169,32,2,Northern Rim,59.29246824,38.44764713
No,55.5799334,0,10476,0.514803251,45,3,Eastern Islands,53.85419591,56.5999334
No,42.93534597,0,2331,0.540461109,38,4,Northern Rim,55.56106367,43.95534597
No,56.60010908,0,9081,0.47292296,45,4,West,56.47261076,57.62010908
No,54.97307158,0,5672,0.479530873,46,3,West,67.2377813,55.99307158
No,47.59148662,0,10686,0.519103409,62,3,Northern Rim,59.85611976,48.61148662
No,50.56267181,0,6665,0.508796668,45,5,Northern Rim,68.19179714,51.58267181
No,51.45991273,0,15827,0.535843919,35,4,Northern Rim,52.7404048,52.47991273
No,54.50716769,1,7629,0.47827749,50,4,Northern Rim,59.27901184,55.52716769
No,60.85154382,0,6129,0.524435858,43,4,Northern Rim,56.60965924,61.87154382
No,42.26304839,0,8816,0.496784856,54,2,West,70.08766169,43.28304839
No,41.56415915,0,9075,0.539093841,52,4,Northern Rim,50.88351758,42.58415915
No,61.30859332,0,6185,0.554368949,42,4,Northern Rim,52.68012135,62.32859332
No,57.59502373,0,9220,0.486842324,60,2,West,61.9757541,58.61502373
No,62.42130025,0,10737,0.535577052,30,3,West,58.92770501,63.44130025
No,50.69380389,0,2454,0.524034341,56,4,Northern Rim,51.34651936,51.71380389
No,48.38927524,0,8093,0.530288316,32,3,Northern Rim,42.08646938,49.40927524
No,47.99199339,0,11686,0.524545366,46,5,Northern Rim,49.76184108,49.01199339
No,40.60445108,0,11836,0.480265639,63,2,Northern Rim,36.95104446,41.62445108
No,40.47860348,0,8446,0.55154947,41,4,Eastern Islands,59.52139043,41.49860348
No,45.09891717,0,1455,0.473544462,54,3,Northern Rim,51.88689825,46.11891717
No,56.23920087,0,2579,0.500681533,35,3,Eastern Islands,50.67892856,57.25920087
No,58.24921684,0,5253,0.494335781,46,3,Northern Rim,63.47239018,59.26921684
No,51.0388063,0,19595,0.495633067,18,2,Eastern Islands,51.48829235,52.0588063
No,51.35800535,0,10593,0.510471806,40,3,Northern Rim,56.47075596,52.37800535
No,72.65719995,0,9285,0.520091997,42,3,Eastern Islands,58.29980155,73.67719995
No,49.60041048,0,7903,0.521295023,30,3,Eastern Islands,55.30025125,50.62041048
No,64.90679104,0,10341,0.485536336,37,1,West,68.79243799,65.92679104
No,41.84302048,0,8177,0.474389352,60,4,Northern Rim,62.66541737,42.86302048
No,41.10311022,0,4511,0.530538528,36,4,West,45.0584592,42.12311022
No,54.98666697,0,10252,0.463923921,41,3,Northern Rim,58.82433481,56.00666697
No,44.12172701,0,14586,0.514098165,30,3,Northern Rim,60.59269494,45.14172701
No,49.57193653,0,11540,0.504733688,28,4,Northern Rim,60.69317808,50.59193653
No,62.42437891,0,17776,0.511942883,33,3,Northern Rim,49.94199546,63.44437891
No,45.03556987,0,18748,0.488419617,45,5,West,59.25949566,46.05556987
No,62.3301144,0,12740,0.504286109,18,5,West,60.87283847,63.3501144
No,59.17521496,0,10810,0.534837609,44,4,Eastern Islands,45.64035386,60.19521496
No,49.68008371,0,17246,0.528350721,64,1,Northern Rim,50.37745708,50.70008371
No,51.48395767,1,9860,0.506808039,69,4,Eastern Islands,48.11074099,52.50395767
No,39.76372935,0,11736,0.470959422,44,4,Northern Rim,50.04524154,40.78372935
No,43.4966286,0,13519,0.54125133,33,6,West,55.08873685,44.5166286
No,43.97551905,0,6117,0.521462656,45,5,West,59.04052446,44.99551905
No,45.35871475,0,10715,0.52157302,64,2,West,47.27244516,46.37871475
No,62.45576135,0,3805,0.498995981,37,4,Eastern Islands,54.10608703,63.47576135
No,56.85134748,0,10074,0.513788288,27,5,Northern Rim,54.33354081,57.87134748
No,49.06669456,0,100,0.480404033,42,4,West,55.81722273,50.08669456
No,40.25028291,0,6110,0.518476221,44,3,Eastern Islands,49.64743459,41.27028291
No,40.36199601,0,13580,0.506532924,18,3,Northern Rim,59.97303,41.38199601
No,47.43469234,0,10429,0.484325204,56,5,Northern Rim,49.42581864,48.45469234
No,64.20635489,0,13788,0.536975511,55,2,Eastern Islands,64.43377817,65.22635489
No,47.03698254,0,9254,0.550462038,56,5,Northern Rim,44.40837885,48.05698254
No,47.65045658,0,13141,0.50731928,57,3,Eastern Islands,53.52386526,48.67045658
No,44.58381609,0,7716,0.525797859,75,5,West,48.22671023,45.60381609
No,58.86455757,0,10836,0.522792736,45,4,Eastern Islands,55.09465433,59.88455757
No,63.92366343,0,15071,0.498270607,43,4,Northern Rim,56.76402797,64.94366343
No,39.39790477,0,6769,0.476180761,53,5,West,52.82743625,40.41790477
No,52.82994285,0,7404,0.512369515,62,4,Northern Rim,54.46143722,53.84994285
No,61.61277934,0,15443,0.540377906,52,5,Eastern Islands,40.53700924,62.63277934
No,46.98214371,0,11849,0.51425535,46,4,Eastern Islands,55.47631833,48.00214371
No,57.13557134,0,7298,0.508971406,67,5,West,61.42731121,58.15557134
No,54.96100042,0,8344,0.528138634,69,3,West,62.04298787,55.98100042
No,49.58094549,0,16948,0.507565918,29,5,West,49.88771877,50.60094549
No,53.18556491,0,4529,0.481400621,33,3,West,46.70738472,54.20556491
No,41.8286272,0,7228,0.505542801,61,4,Eastern Islands,54.26656471,42.8486272
No,42.62235741,0,7890,0.485137566,23,4,West,55.49360373,43.64235741
No,39.40613065,0,8095,0.564647696,42,3,Eastern Islands,60.18001109,40.42613065
No,46.43111996,0,5759,0.507444342,32,2,West,62.54070953,47.45111996
No,39.92710757,0,8234,0.519197701,28,2,Eastern Islands,59.85834643,40.94710757
No,58.26743419,0,13205,0.477086865,28,4,Eastern Islands,57.1798435,59.28743419
No,43.20950615,0,12030,0.52175063,49,3,Northern Rim,56.13441671,44.22950615
No,45.55172473,0,7581,0.527942917,44,3,West,44.05101667,46.57172473
No,39.77570458,0,9017,0.542361086,28,3,Northern Rim,46.07110297,40.79570458
No,43.46573327,1,7032,0.527310211,32,3,Eastern Islands,56.61549993,44.48573327
No,56.68950549,0,8089,0.536978742,31,2,Northern Rim,59.03109239,57.70950549
No,53.38010512,0,11769,0.500841965,47,3,Northern Rim,54.59502201,54.40010512
No,55.65098233,0,17396,0.518620947,37,4,West,51.71888345,56.67098233
No,56.4198858,0,10590,0.48116454,34,2,West,53.38213234,57.4398858
No,47.1946312,0,6218,0.491000151,27,5,Northern Rim,44.42397123,48.2146312
No,43.36283531,0,12556,0.493651146,70,3,West,52.98979808,44.38283531
No,54.19798243,0,15677,0.526500265,40,2,Eastern Islands,50.50635032,55.21798243
No,57.60298371,0,16422,0.508194665,39,5,West,43.27502783,58.62298371
No,46.49586562,0,7618,0.509614111,59,3,Northern Rim,60.34124473,47.51586562
No,48.14141555,0,9265,0.481791297,57,5,Eastern Islands,53.13409042,49.16141555
No,45.36850009,0,11337,0.513836212,31,4,West,59.79674224,46.38850009
No,40.81120641,0,8218,0.521056631,50,3,West,46.47956617,41.83120641
No,66.10501482,0,8564,0.495049585,52,5,West,69.25235474,67.12501482
No,40.33248848,0,6392,0.55316676,18,2,Northern Rim,49.08272198,41.35248848
No,50.89113913,0,14443,0.505976308,52,5,Northern Rim,55.92642922,51.91113913
No,49.51424217,0,14569,0.518587675,38,3,Eastern Islands,57.95933931,50.53424217
No,50.25941577,0,14423,0.529792157,27,3,West,63.78375135,51.27941577
No,54.86480869,1,11201,0.540085162,40,5,Northern Rim,64.14599476,55.88480869
No,50.97235814,0,16639,0.500068242,66,2,West,68.3209068,51.99235814
No,58.55258607,0,7664,0.526171061,27,4,Eastern Islands,53.5792008,59.57258607
No,40.47421893,0,8265,0.497694947,40,4,West,63.33002992,41.49421893
No,55.42252943,0,3482,0.521693919,52,3,Northern Rim,74.18548096,56.44252943
No,57.07495523,0,9777,0.526056975,75,3,Eastern Islands,49.02800465,58.09495523
No,56.28809616,0,9948,0.49189064,51,4,Northern Rim,50.70477494,57.30809616
No,62.22284741,0,13063,0.503249346,28,4,Eastern Islands,47.32614999,63.24284741
No,51.50618297,1,9729,0.475583752,61,3,Northern Rim,65.82512717,52.52618297
No,71.07416289,0,13399,0.528446419,59,4,Northern Rim,58.52329153,72.09416289
No,57.7652879,0,12929,0.540172174,46,4,West,65.11478864,58.7852879
No,41.32797833,1,10772,0.474789343,71,2,Eastern Islands,44.32857982,42.34797833
No,49.23772338,0,10378,0.52251626,56,3,West,59.37328834,50.25772338
No,71.90862764,0,14526,0.522715196,62,5,Northern Rim,53.01812814,72.92862764
No,44.36471732,1,8494,0.502517242,29,3,Northern Rim,59.87035723,45.38471732
No,38.78848647,0,10146,0.529981941,55,3,West,54.86719967,39.80848647
No,56.74527828,0,8351,0.534058763,35,3,Eastern Islands,56.75674085,57.76527828
No,50.54099226,0,10638,0.478594099,18,3,West,62.46239692,51.56099226
No,58.61181458,1,9676,0.522261081,48,4,Eastern Islands,68.29406624,59.63181458
No,51.63530427,0,6048,0.483197319,84,2,Eastern Islands,44.19341675,52.65530427
No,68.19591222,0,13303,0.520454856,52,5,Eastern Islands,53.39807234,69.21591222
No,45.96619873,0,8401,0.512743751,27,4,Eastern Islands,63.55229073,46.98619873
No,40.08229339,0,7953,0.498024036,26,3,Eastern Islands,63.33234161,41.10229339
No,62.53220249,0,5654,0.500559878,32,4,West,52.57904953,63.55220249
No,41.67669027,0,14531,0.479033235,43,4,Eastern Islands,68.70553857,42.69669027
No,44.8177857,0,15072,0.533096805,31,6,Eastern Islands,61.09564659,45.8377857
No,47.8374219,0,15919,0.477685153,47,4,Northern Rim,47.44218698,48.8574219
No,53.38829501,0,11435,0.520420553,32,4,Eastern Islands,54.75805553,54.40829501
No,66.2737997,0,7997,0.503829529,56,3,West,50.19318054,67.2937997
No,45.94479407,1,3516,0.557183063,51,4,Northern Rim,55.02923254,46.96479407
No,55.49116219,0,11164,0.542333845,21,4,Eastern Islands,69.81629089,56.51116219
No,57.2201537,0,8093,0.507126719,42,4,Eastern Islands,67.91676659,58.2401537
No,35.95401608,0,15994,0.516602524,45,3,West,56.59993618,36.97401608
No,45.6858348,0,7886,0.539673201,45,3,Northern Rim,65.12761233,46.7058348
No,51.15486612,0,2934,0.518135611,38,4,Northern Rim,48.62609121,52.17486612
No,45.43105342,1,19757,0.459726028,46,3,West,62.54172312,46.45105342
No,47.09662639,0,4662,0.489743912,38,5,Northern Rim,56.77638383,48.11662639
No,62.24240383,0,2720,0.484836637,67,4,Northern Rim,60.95820861,63.26240383
No,54.39656757,0,8302,0.497225257,49,2,West,59.26517087,55.41656757
No,32.47553765,0,4284,0.472006778,47,3,Northern Rim,61.32231641,33.49553765
No,40.2732777,0,5701,0.515199435,60,4,Northern Rim,54.60241719,41.2932777
No,48.53373512,0,11687,0.500918832,45,2,West,52.81816298,49.55373512
No,48.84564072,1,8059,0.524465813,22,3,West,54.13741373,49.86564072
No,51.50127224,0,9665,0.488357081,55,3,Northern Rim,64.97310392,52.52127224
No,59.97833346,0,5311,0.519452045,62,3,West,60.89725599,60.99833346
No,63.58474881,0,5799,0.537898183,69,1,Eastern Islands,53.80251878,64.60474881
No,39.60455341,0,100,0.510193965,30,3,West,68.6629953,40.62455341
No,56.28063363,0,6461,0.529569398,39,4,West,62.79062342,57.30063363
No,61.45589645,0,9233,0.551187248,58,4,Northern Rim,51.0934724,62.47589645
No,64.7254839,0,14245,0.49299118,34,5,Northern Rim,49.67760529,65.7454839
No,56.90406432,0,6584,0.512364629,57,4,Eastern Islands,52.76357846,57.92406432
No,46.54916782,0,11174,0.530442354,36,4,Eastern Islands,62.15494965,47.56916782
No,54.30363785,0,17671,0.509404326,44,4,West,46.37932777,55.32363785
No,51.3805899,0,13416,0.52143126,32,4,Eastern Islands,58.07261109,52.4005899
No,43.66876588,0,2397,0.517498152,38,6,Eastern Islands,47.33171387,44.68876588
No,60.03489471,1,10158,0.51064043,64,3,Eastern Islands,50.73159223,61.05489471
No,43.51007398,0,9594,0.477313334,55,3,West,56.26769163,44.53007398
No,50.37104057,0,6009,0.512297004,61,4,West,64.37718266,51.39104057
No,55.64477433,0,8530,0.548806263,40,3,West,36.66252795,56.66477433
No,61.81806329,0,11934,0.499488948,24,4,Northern Rim,45.35696633,62.83806329
No,44.66851994,0,4519,0.533380749,41,5,Eastern Islands,71.9053398,45.68851994
No,57.85888136,0,12806,0.500205747,32,3,Northern Rim,58.78862681,58.87888136
No,39.08449836,0,6714,0.482176109,32,4,Eastern Islands,70.49119573,40.10449836
No,44.17502989,0,10587,0.522104776,39,4,West,48.99371129,45.19502989
No,43.48865949,0,6848,0.517912928,60,2,Northern Rim,48.49280567,44.50865949
No,60.16336785,0,13750,0.502953372,71,3,West,52.36336653,61.18336785
No,45.50942649,0,10010,0.541838589,44,5,Northern Rim,48.28466202,46.52942649
No,32.71691582,0,11695,0.520575436,44,4,Northern Rim,58.5335791,33.73691582
No,53.31789354,0,19414,0.509127926,46,2,Eastern Islands,50.64805603,54.33789354
No,54.57790501,0,10950,0.509475152,24,5,Eastern Islands,48.09891442,55.59790501
No,40.34147766,0,8916,0.534486311,46,2,West,64.29868741,41.36147766
No,52.13861669,0,9005,0.483687523,50,2,Northern Rim,61.80169767,53.15861669
No,43.98414901,0,14509,0.472795591,48,4,Eastern Islands,58.25967348,45.00414901
No,63.07808641,0,763,0.509400583,48,3,Northern Rim,45.34012295,64.09808641
No,62.8985132,0,13473,0.54256381,44,3,West,63.22512727,63.9185132
No,64.26217157,0,1508,0.500102429,26,3,Northern Rim,60.09366892,65.28217157
No,47.92586731,0,10672,0.53543598,38,4,West,44.15867768,48.94586731
No,67.87093509,0,8699,0.518453427,55,2,Eastern Islands,66.28536681,68.89093509
No,54.03968908,0,7090,0.509109998,35,2,Northern Rim,54.79931377,55.05968908
No,29.55624187,0,10181,0.522847121,18,5,Northern Rim,59.03909039,30.57624187
No,53.20991268,0,8300,0.50389268,23,4,Northern Rim,67.5017951,54.22991268
No,63.47136642,0,4736,0.474646758,66,3,Eastern Islands,50.4394512,64.49136642
No,53.06139622,0,10064,0.511650579,43,4,West,57.34605168,54.08139622
No,53.79735951,0,8110,0.497142551,18,1,Northern Rim,44.69683997,54.81735951
No,54.61736837,0,1219,0.498701061,58,4,Eastern Islands,59.19839617,55.63736837
No,41.05685152,0,6831,0.536746923,28,3,Northern Rim,47.54901697,42.07685152
No,47.95319849,0,12474,0.50137654,50,2,West,51.03152748,48.97319849
No,36.81748082,0,6745,0.505900729,21,2,Eastern Islands,59.47684337,37.83748082
No,47.12601999,0,10861,0.52508142,60,4,Northern Rim,59.14341674,48.14601999
No,51.79813968,1,13631,0.502924084,29,3,Northern Rim,46.87036602,52.81813968
No,50.82232386,0,14252,0.487764328,19,2,West,53.92414265,51.84232386
No,62.23854358,1,9601,0.495131128,31,3,West,56.78055296,63.25854358
No,63.91204334,0,10191,0.558834978,24,3,West,47.37577635,64.93204334
No,49.57159687,0,17133,0.490642387,31,4,West,70.70077163,50.59159687
No,66.79169194,0,3372,0.514492775,36,3,Eastern Islands,54.26041941,67.81169194
No,41.92196148,0,12847,0.491765372,55,3,West,48.34373897,42.94196148
No,59.26730324,1,8878,0.515076496,18,3,Eastern Islands,61.63450576,60.28730324
No,47.74262286,0,13077,0.516669466,53,3,Northern Rim,53.49495129,48.76262286
No,50.57678268,0,14724,0.469739072,22,3,Northern Rim,60.37254796,51.59678268
No,51.51688158,0,13217,0.513443686,64,3,West,53.38389311,52.53688158
No,49.81509222,0,15075,0.530874619,48,3,Eastern Islands,62.06591366,50.83509222
No,58.89941532,0,8336,0.526803195,31,4,West,54.24784206,59.91941532
No,41.52760807,0,13053,0.519171524,28,4,Northern Rim,57.61012488,42.54760807
No,44.53222611,0,13190,0.542269848,47,5,West,56.06684282,45.55222611
No,53.00394431,1,2153,0.488827088,58,3,Northern Rim,51.76862282,54.02394431
No,60.85894973,0,7714,0.515662431,18,4,Eastern Islands,52.1632983,61.87894973
No,42.48833455,0,3788,0.512163395,32,3,Northern Rim,63.31265086,43.50833455
No,54.56804574,0,9648,0.528252418,39,3,Northern Rim,52.48413991,55.58804574
No,50.00951069,0,12687,0.508746321,63,4,West,44.74991952,51.02951069
No,52.60627226,0,6748,0.491161468,71,2,West,56.11749889,53.62627226
No,50.90909708,0,18751,0.527824792,39,5,Eastern Islands,56.12543417,51.92909708
No,41.57777025,0,15384,0.509993902,36,2,West,51.08716337,42.59777025
No,51.48938966,1,10165,0.494707147,64,2,Eastern Islands,59.98421478,52.50938966
No,56.16826762,0,11347,0.507146988,53,3,Northern Rim,54.80029441,57.18826762
No,49.81534181,0,7333,0.545536936,40,5,West,55.23203125,50.83534181
No,52.91164179,0,7365,0.535316997,48,3,Northern Rim,65.89501812,53.93164179
No,50.01568903,0,7713,0.519485376,56,5,Northern Rim,57.23144257,51.03568903
No,51.83394655,0,7610,0.502631572,66,5,Northern Rim,61.29673626,52.85394655
No,54.47791568,1,9761,0.500447989,61,3,Northern Rim,60.29767452,55.49791568
No,46.80687927,1,13125,0.486940752,36,4,West,56.0126072,47.82687927
No,46.05697007,0,18268,0.507480624,37,3,Northern Rim,58.62241746,47.07697007
No,68.27821203,0,6753,0.518161151,23,2,West,58.150807,69.29821203
No,51.35823886,0,11022,0.495824771,70,4,West,62.97026679,52.37823886
No,47.79613377,1,11121,0.510207618,54,4,Northern Rim,59.6342985,48.81613377
No,47.59298702,0,16895,0.487927985,18,1,Northern Rim,70.18419513,48.61298702
No,45.60280189,0,20611,0.511150631,18,2,Eastern Islands,53.20775376,46.62280189
No,46.43421394,0,8805,0.51557608,63,3,Northern Rim,58.3435465,47.45421394
No,63.14252895,1,17796,0.518068753,100,3,Eastern Islands,57.03970825,64.16252895
No,56.71202983,0,7943,0.49488298,59,4,West,47.54026261,57.73202983
No,63.34082694,0,11208,0.525641833,38,4,Eastern Islands,51.92309495,64.36082694
No,44.0344207,0,100,0.523530083,57,3,West,48.08256614,45.0544207
No,49.85670386,0,10827,0.49068828,38,2,Eastern Islands,60.12561543,50.87670386
No,49.47605998,0,17586,0.514575336,26,3,Eastern Islands,47.36582187,50.49605998
No,49.68402653,0,12547,0.491950655,30,3,Eastern Islands,59.24902862,50.70402653
No,35.09587893,0,1238,0.505394951,36,4,West,66.10632276,36.11587893
No,60.72234071,0,9815,0.485734377,18,4,Eastern Islands,67.71514113,61.74234071
No,56.27702463,0,11038,0.531097438,25,2,Eastern Islands,68.04526305,57.29702463
No,60.50583917,0,3345,0.521112973,24,2,West,65.37310632,61.52583917
No,55.83398247,0,10511,0.50049863,25,4,West,44.70489107,56.85398247
No,43.43834922,0,13297,0.495009779,47,2,Eastern Islands,56.16311341,44.45834922
No,46.50079028,0,100,0.508549801,18,4,Eastern Islands,58.46704597,47.52079028
No,67.52396035,0,16091,0.492529759,27,5,West,55.76461541,68.54396035
No,46.04954013,0,11331,0.50556621,35,1,Northern Rim,68.43239027,47.06954013
No,56.01998195,0,9550,0.542043595,37,4,Eastern Islands,56.10229897,57.03998195
No,39.62285131,0,7903,0.517532263,40,4,West,50.92621303,40.64285131
No,60.8539301,0,3724,0.496753768,52,4,Eastern Islands,60.80725372,61.8739301
No,61.51738044,0,13572,0.469275965,47,3,Eastern Islands,54.85872484,62.53738044
No,48.56311846,1,10587,0.497541157,35,3,West,66.02742344,49.58311846
No,41.08783296,0,11329,0.499494237,35,2,Eastern Islands,54.9785827,42.10783296
No,37.64201983,0,11341,0.535443393,35,3,Northern Rim,50.35842404,38.66201983
No,43.60746665,0,11317,0.454183549,43,5,Eastern Islands,59.13636969,44.62746665
No,62.64815619,0,2251,0.473194943,45,4,Eastern Islands,43.65307345,63.66815619
No,60.10383122,0,12230,0.482716424,43,4,Eastern Islands,63.84085442,61.12383122
No,58.82911002,0,16608,0.529575564,18,4,Eastern Islands,47.14255311,59.84911002
No,39.61373068,0,12129,0.506117394,62,2,Northern Rim,60.13792159,40.63373068
No,61.68281733,0,12258,0.511697296,37,4,Northern Rim,53.68415576,62.70281733
No,46.91000348,0,10568,0.493294422,46,3,Eastern Islands,54.19689235,47.93000348
No,40.38874134,0,11455,0.492939633,37,4,Eastern Islands,55.59243613,41.40874134
No,52.49648451,0,17566,0.4867792,70,3,West,59.88795223,53.51648451
No,50.3190584,0,9396,0.523847945,29,3,Northern Rim,61.38443646,51.3390584
No,42.04136071,0,4433,0.525879397,48,1,Northern Rim,55.15167732,43.06136071
No,53.86736496,0,10959,0.502856403,21,4,Eastern Islands,54.74610315,54.88736496
No,47.84357279,0,7421,0.513097985,18,4,West,53.91697068,48.86357279
No,46.31260291,0,13503,0.507622018,44,4,West,44.70327196,47.33260291
No,60.02765232,0,14317,0.506906238,35,2,West,57.64968487,61.04765232
No,51.80501564,1,6275,0.482287463,48,4,Northern Rim,53.33488843,52.82501564
No,45.83598278,0,10304,0.52821289,34,3,Eastern Islands,47.48067309,46.85598278
No,60.36556242,0,3192,0.510090159,44,2,Northern Rim,47.93371084,61.38556242
No,48.45168447,0,1711,0.478530946,33,3,Eastern Islands,54.41729721,49.47168447
No,51.97521589,0,15018,0.500411093,41,4,Eastern Islands,63.83943378,52.99521589
No,43.54544665,0,6898,0.483735947,31,3,West,74.27080265,44.56544665
No,46.07391323,0,10966,0.524921225,46,3,Eastern Islands,48.00954726,47.09391323
No,51.0195491,0,5281,0.493632748,45,5,Eastern Islands,58.02629266,52.0395491
No,32.17575886,1,8880,0.494236206,33,3,Northern Rim,62.10701368,33.19575886
No,60.56490688,0,11834,0.470848395,39,3,Eastern Islands,65.82877317,61.58490688
No,53.81174153,0,8274,0.490124766,47,3,West,62.26800833,54.83174153
No,46.89278586,0,15534,0.512353108,29,4,Eastern Islands,44.22682586,47.91278586
No,47.47826953,0,10910,0.505960102,39,2,West,53.44126473,48.49826953
No,52.46220908,0,13422,0.48437855,32,4,Northern Rim,62.12639385,53.48220908
No,56.07919535,0,12076,0.561924173,57,5,Eastern Islands,48.46798285,57.09919535
No,46.53944953,0,14681,0.477936021,19,1,Eastern Islands,65.48716591,47.55944953
No,47.89141575,0,10933,0.513814598,32,4,Eastern Islands,42.62777666,48.91141575
No,37.36392312,0,15275,0.517326665,33,3,Eastern Islands,59.43646987,38.38392312
No,54.72217191,0,13275,0.516343197,43,3,West,62.71769716,55.74217191
No,49.9630242,0,5155,0.489379221,32,4,Northern Rim,60.90144136,50.9830242
No,44.41416855,0,6197,0.498467017,43,3,West,57.50515741,45.43416855
No,48.05001901,0,13138,0.541389203,55,2,West,65.15920811,49.07001901
No,35.59468316,0,9801,0.490741183,18,3,West,53.86084538,36.61468316
No,51.44994717,0,11658,0.518727899,32,4,Eastern Islands,64.19992838,52.46994717
No,51.72000295,0,7699,0.519858066,23,4,Northern Rim,58.22222167,52.74000295
No,50.42756367,0,14424,0.482314827,18,2,Eastern Islands,59.115202,51.44756367
No,50.86444484,0,14129,0.522450801,45,3,West,50.76041762,51.88444484
No,57.98091316,0,14201,0.524116511,54,4,Northern Rim,44.3595856,59.00091316
No,46.91288704,1,6971,0.499116628,47,3,West,46.45897005,47.93288704
No,44.06512685,0,6977,0.51107744,46,4,Eastern Islands,68.52338476,45.08512685
No,64.09444843,0,13989,0.474804184,54,4,Northern Rim,60.69138441,65.11444843
No,53.78465007,0,16351,0.505044023,21,5,Eastern Islands,48.13169792,54.80465007
No,55.22955639,0,8676,0.483147187,31,3,Northern Rim,54.11651914,56.24955639
No,47.95276695,0,10827,0.507868554,41,4,Eastern Islands,47.18712853,48.97276695
No,60.76717783,0,10005,0.505850307,39,3,Eastern Islands,58.26144239,61.78717783
No,53.48964859,0,7744,0.528608665,34,2,Northern Rim,54.17102115,54.50964859
No,52.93949601,0,13234,0.50375332,42,4,Northern Rim,47.26507047,53.95949601
No,53.07673723,1,11540,0.48961518,57,5,Eastern Islands,60.77931423,54.09673723
No,52.46318904,0,11245,0.502150948,58,2,Northern Rim,47.77117987,53.48318904
No,61.9336167,0,9221,0.532182988,52,3,West,63.52478713,62.9536167
No,51.77406886,0,4207,0.460931168,20,2,Eastern Islands,53.52144742,52.79406886
No,57.40993427,0,20229,0.500319959,67,5,Northern Rim,52.54763474,58.42993427
No,48.91705041,0,5991,0.523570407,24,2,West,56.04095349,49.93705041
No,48.38492452,0,11780,0.532554711,22,3,West,61.27646118,49.40492452
No,49.59647993,0,14687,0.548743236,52,4,Northern Rim,45.01626837,50.61647993
No,61.80422008,0,14178,0.516065563,62,1,Northern Rim,52.51516024,62.82422008
No,50.30251335,0,6441,0.49898643,21,4,Eastern Islands,61.84324021,51.32251335
No,51.89281266,1,11463,0.492375656,48,4,Northern Rim,61.13253741,52.91281266
No,45.84232398,0,13335,0.530290507,18,3,Eastern Islands,69.35248283,46.86232398
No,45.89379434,1,19779,0.506813973,26,3,Eastern Islands,52.76742253,46.91379434
No,32.13006239,0,10129,0.506896077,45,4,Eastern Islands,58.24296431,33.15006239
No,48.42104612,0,8464,0.517928188,39,2,Northern Rim,74.40450387,49.44104612
No,67.90843649,0,13209,0.539016858,47,4,West,56.88242533,68.92843649
No,46.06114772,0,3594,0.55949255,44,3,West,50.83526308,47.08114772
No,48.48264235,0,8588,0.482506216,48,3,West,45.43089742,49.50264235
No,61.1557157,0,2831,0.499939025,51,3,West,51.335043,62.1757157
No,50.08279987,0,5258,0.50215071,43,4,Northern Rim,65.9139081,51.10279987
No,46.95258451,0,5855,0.531674237,35,4,Eastern Islands,52.51543893,47.97258451
No,59.50199049,0,19813,0.509384765,41,5,West,62.51167205,60.52199049
No,47.50874331,1,9940,0.516144533,34,4,West,54.67920568,48.52874331
No,41.84045443,0,15020,0.544331579,18,3,West,68.47154304,42.86045443
No,59.14316502,0,5421,0.492480825,31,2,Northern Rim,54.18751854,60.16316502
No,48.02372723,0,14369,0.518565557,42,2,West,57.80481512,49.04372723
No,42.90423806,0,3575,0.504538593,50,1,Northern Rim,50.3493724,43.92423806
No,60.55204558,0,11190,0.51185701,47,2,West,50.49048973,61.57204558
No,46.02913023,0,12689,0.50193529,69,4,Northern Rim,58.49758979,47.04913023
No,36.4103098,0,11780,0.500869376,43,3,Northern Rim,57.14913179,37.4303098
No,48.02866163,0,9381,0.54167066,47,3,West,58.62317208,49.04866163
No,60.43213496,0,14233,0.516394519,51,3,Northern Rim,57.51325524,61.45213496
No,42.15774795,0,5549,0.556743176,27,3,West,57.11448968,43.17774795
No,64.54680177,0,13840,0.538742746,38,4,West,59.2999541,65.56680177
No,71.96775578,0,8492,0.495840879,18,3,West,51.23075644,72.98775578
No,34.89660582,1,6845,0.527132597,42,3,Northern Rim,60.47979505,35.91660582
No,55.62125821,0,4091,0.505979533,30,4,Eastern Islands,52.12604105,56.64125821
No,54.06237565,0,16189,0.498766836,37,5,Eastern Islands,52.4103831,55.08237565
No,52.80947409,0,6197,0.517119649,19,4,Eastern Islands,58.45975876,53.82947409
No,52.1866601,0,14661,0.534112682,55,3,Northern Rim,56.07685157,53.2066601
No,62.03286002,0,16564,0.519744904,26,3,Northern Rim,46.68210302,63.05286002
No,39.81720289,1,12399,0.525969587,63,4,West,70.01628562,40.83720289
No,57.62664371,0,7456,0.506048327,40,5,Northern Rim,54.33602617,58.64664371
No,60.27012621,0,7219,0.525528959,35,2,West,62.11188703,61.29012621
No,55.07502144,0,7846,0.523567663,57,4,West,54.70354568,56.09502144
No,61.27305238,0,4454,0.495180319,29,2,West,54.98052509,62.29305238
No,53.50427092,0,15914,0.465743491,19,3,Northern Rim,68.27228739,54.52427092
No,59.15470908,0,11336,0.53175089,56,2,West,51.97897403,60.17470908
No,48.90832977,0,12126,0.476510288,37,2,Northern Rim,56.5580827,49.92832977
No,57.94792848,0,10529,0.50268962,32,3,West,56.45317935,58.96792848
No,63.28349844,0,13148,0.495635473,30,4,West,55.29668025,64.30349844
No,53.84690081,1,7832,0.528788799,25,5,West,73.03612084,54.86690081
No,42.13789651,0,10399,0.48533598,26,4,Northern Rim,58.36421519,43.15789651
No,46.1334065,0,8428,0.501052169,22,4,Northern Rim,63.27440974,47.1534065
No,36.02318659,0,8601,0.458795089,39,2,West,57.40653361,37.04318659
No,46.37528196,0,7830,0.511148936,32,4,West,62.68675439,47.39528196
No,38.49482937,0,8269,0.529404258,26,3,Northern Rim,51.51981527,39.51482937
No,59.23715631,1,100,0.501567651,40,1,Northern Rim,67.545409,60.25715631
No,48.30146619,1,9360,0.510740491,18,4,West,53.02108308,49.32146619
No,38.22772297,0,9739,0.511754828,59,4,West,63.02941972,39.24772297
No,38.14429223,0,14993,0.513188445,26,3,Eastern Islands,55.54510203,39.16429223
No,60.57211854,0,3745,0.51608143,49,3,Eastern Islands,59.08763983,61.59211854
No,51.99844462,0,10089,0.534435388,18,3,West,66.91932292,53.01844462
No,42.03310047,0,12321,0.496460734,29,2,Eastern Islands,53.51660359,43.05310047
No,50.56928885,0,9631,0.514482207,18,4,West,59.52734768,51.58928885
No,63.62749134,0,11961,0.511391596,18,3,Northern Rim,68.42420085,64.64749134
No,50.39168092,0,9571,0.484810806,46,5,Eastern Islands,49.63864749,51.41168092
No,50.88541402,0,704,0.492269258,63,2,Eastern Islands,59.67062641,51.90541402
No,51.33416068,0,8451,0.475800613,22,3,Northern Rim,56.13606995,52.35416068
No,50.51994236,0,5908,0.508650267,23,2,Northern Rim,61.04114755,51.53994236
No,56.92880015,0,17300,0.506670696,34,5,Northern Rim,54.15372378,57.94880015
No,44.35950796,1,10754,0.535895385,45,5,Northern Rim,47.43636105,45.37950796
No,48.07739999,0,8352,0.550413926,45,2,Northern Rim,64.63052507,49.09739999
No,43.27865469,0,15523,0.483597103,32,5,Eastern Islands,56.39160538,44.29865469
No,27.4215259,0,16883,0.506980448,42,4,Northern Rim,62.20320553,28.4415259
No,74.87556245,0,6655,0.528719189,25,5,Eastern Islands,58.27055846,75.89556245
No,50.88393004,0,10448,0.513865512,52,3,West,63.20484089,51.90393004
No,45.98981499,0,10230,0.529103843,56,4,Northern Rim,53.81042581,47.00981499
No,67.86668007,0,4289,0.515194115,44,3,Eastern Islands,59.23411166,68.88668007
No,58.20583956,0,4216,0.539781046,58,4,Northern Rim,69.6330566,59.22583956
No,41.30549168,0,15948,0.474435122,41,4,West,51.91350732,42.32549168
No,60.37129882,0,1610,0.53900984,43,3,Northern Rim,62.36659541,61.39129882
No,48.53011291,0,8157,0.51401362,55,4,West,55.36120847,49.55011291
No,52.68764612,0,8425,0.516270747,35,3,West,51.92405958,53.70764612
No,55.41031413,0,2189,0.521596061,50,4,West,42.39913158,56.43031413
No,48.39437152,1,12628,0.493108364,59,4,Northern Rim,55.41526283,49.41437152
No,46.04044374,0,11518,0.50311557,33,5,Eastern Islands,67.45709808,47.06044374
No,56.82054956,0,12813,0.550097801,46,2,Northern Rim,57.85256212,57.84054956
No,40.84702257,0,12241,0.505105832,42,5,West,65.77029856,41.86702257
No,58.55001274,0,11393,0.494311008,45,4,Northern Rim,63.64371717,59.57001274
No,60.06714535,0,10410,0.484197101,24,3,Eastern Islands,51.91782204,61.08714535
No,61.02745242,0,15930,0.50598873,58,3,West,61.82765398,62.04745242
No,49.63902037,0,8360,0.488273707,42,2,Eastern Islands,58.74672237,50.65902037
No,54.70331067,0,8663,0.534766809,45,4,Eastern Islands,48.89194075,55.72331067
No,52.42656332,1,17625,0.529105945,18,2,Eastern Islands,58.91291969,53.44656332
No,41.49238541,0,7272,0.505789589,43,4,Northern Rim,51.78760015,42.51238541
No,61.64572926,1,14269,0.53779978,37,4,Eastern Islands,69.05878808,62.66572926
No,62.21193064,0,11674,0.501875733,22,4,Eastern Islands,53.75511194,63.23193064
No,47.40588792,0,11732,0.478996495,46,4,Northern Rim,53.48693565,48.42588792
No,62.02934322,1,12725,0.51910634,63,5,Northern Rim,47.32732546,63.04934322
No,46.11407474,0,12655,0.51578059,22,4,Eastern Islands,61.87093029,47.13407474
No,44.97800057,0,12825,0.511947825,20,4,West,68.03513715,45.99800057
No,44.89504334,0,13191,0.52759195,59,2,West,54.30987453,45.91504334
No,49.5259836,0,13183,0.509358744,47,4,West,61.23663483,50.5459836
No,56.8317264,0,9260,0.544386958,29,3,West,61.38024118,57.8517264
No,44.28173903,0,17264,0.510973887,52,2,West,40.43142978,45.30173903
No,48.65226073,0,14527,0.549617301,44,6,West,61.8108469,49.67226073
No,62.60499855,0,11552,0.514063372,51,4,Northern Rim,42.96036611,63.62499855
No,42.90143349,0,9983,0.508725876,60,3,Eastern Islands,57.68846486,43.92143349
No,49.75678799,0,5543,0.500794117,49,3,West,59.84196206,50.77678799
No,60.86865611,0,4510,0.493126968,35,2,Northern Rim,48.70153737,61.88865611
No,60.35744307,0,15475,0.502097353,38,3,Northern Rim,60.11048097,61.37744307
No,49.55077768,0,4736,0.536041521,30,2,Eastern Islands,62.20208085,50.57077768
No,43.48051775,0,7155,0.484015978,49,4,Eastern Islands,51.78362556,44.50051775
No,50.59395762,0,14786,0.515921832,36,2,Eastern Islands,56.67001521,51.61395762
No,59.97393065,0,11432,0.546819301,68,1,West,57.62969961,60.99393065
No,55.07013551,0,10353,0.483156022,35,1,Northern Rim,62.20687726,56.09013551
No,41.80566104,0,12573,0.537743625,68,3,Northern Rim,44.31325942,42.82566104
No,57.5362649,0,8399,0.498594483,58,6,West,48.14682912,58.5562649
No,50.19799268,0,11195,0.509769553,68,3,Northern Rim,58.90927442,51.21799268
No,44.59586816,1,7926,0.49736361,70,5,Northern Rim,60.64254734,45.61586816
No,56.15474117,0,6754,0.474823557,47,2,West,66.95505228,57.17474117
No,56.30216671,0,12427,0.509789397,46,3,Northern Rim,52.68834598,57.32216671
No,44.99063507,0,7332,0.492444447,48,5,Eastern Islands,60.23951835,46.01063507
No,43.4389233,0,3653,0.518723718,40,4,West,68.9003201,44.4589233
No,54.97689047,0,10941,0.511340902,39,1,Eastern Islands,73.52046268,55.99689047
No,48.91596657,0,10551,0.49584488,62,4,West,49.90639851,49.93596657
No,54.17767585,0,20299,0.484028324,42,3,Eastern Islands,63.27075889,55.19767585
No,54.34220375,0,14602,0.499344024,52,4,Northern Rim,52.87402926,55.36220375
No,44.54477875,0,4537,0.538326978,62,3,Eastern Islands,60.56235615,45.56477875
No,43.87870477,0,14117,0.509843498,59,3,West,56.48080271,44.89870477
No,37.81573014,0,9398,0.507183454,52,5,Northern Rim,59.47844184,38.83573014
No,52.29961078,0,11471,0.514726098,44,4,Northern Rim,57.41235026,53.31961078
No,52.72292743,0,10505,0.524331741,58,6,Eastern Islands,59.85927184,53.74292743
No,42.80818712,0,5056,0.49079198,52,3,Northern Rim,61.8901629,43.82818712
No,49.59000485,0,12346,0.520462132,42,3,Eastern Islands,51.13960068,50.61000485
No,55.96903077,0,1845,0.567220113,35,2,West,57.55704203,56.98903077
No,48.8106651,0,4615,0.461484781,52,4,Northern Rim,48.89911998,49.8306651
No,51.01765195,0,11665,0.499420292,54,5,Northern Rim,57.72906597,52.03765195
No,52.28333722,0,10238,0.495176325,33,4,Northern Rim,62.76407693,53.30333722
No,56.34385242,1,9048,0.529978081,33,4,Northern Rim,65.89062626,57.36385242
No,55.02295866,0,5406,0.512121677,60,3,Northern Rim,46.77610093,56.04295866
No,40.69991933,0,16388,0.497756929,39,2,Eastern Islands,44.05613065,41.71991933
No,48.58466068,0,6710,0.509020856,62,3,Eastern Islands,63.54188671,49.60466068
No,50.1381941,0,14019,0.488680489,49,3,West,60.14202308,51.1581941
No,59.21453055,0,12433,0.554928515,35,3,West,53.4044109,60.23453055
No,56.47427506,0,14735,0.535609042,43,4,Eastern Islands,56.68401461,57.49427506
No,51.10052752,1,10130,0.492223278,46,3,West,48.51707134,52.12052752
No,44.25613005,0,10622,0.465962004,51,3,West,56.98341415,45.27613005
No,61.10428128,0,14652,0.493222017,32,4,Eastern Islands,58.97208431,62.12428128
No,52.73120956,0,12329,0.521882737,61,2,West,54.50724473,53.75120956
No,45.19583166,1,4519,0.506818561,32,5,Northern Rim,53.29007917,46.21583166
No,52.12002639,0,11103,0.51507586,18,5,Northern Rim,58.36312982,53.14002639
No,38.2482832,0,11985,0.495074311,18,4,Northern Rim,59.69138012,39.2682832
No,56.31149226,0,10032,0.50010915,52,2,Eastern Islands,46.27753259,57.33149226
No,44.09009033,0,12386,0.488264683,45,4,Northern Rim,71.37683356,45.11009033
No,54.60475972,0,12181,0.480918114,57,2,Eastern Islands,53.98367816,55.62475972
No,43.30898743,0,16026,0.519278738,37,3,Eastern Islands,62.08065787,44.32898743
No,38.68359631,0,12127,0.484778066,48,2,West,57.92740234,39.70359631
No,46.27015028,0,14366,0.496258139,40,1,Eastern Islands,65.27387268,47.29015028
No,66.99157619,0,3238,0.493931065,29,4,Eastern Islands,56.95456112,68.01157619
No,51.55948225,1,15702,0.52464321,48,4,Northern Rim,63.58953606,52.57948225
No,54.55361238,0,16575,0.506397337,42,4,Eastern Islands,52.4347713,55.57361238
No,54.09693368,1,13295,0.490945374,39,6,West,53.89638954,55.11693368
No,69.40284488,0,10566,0.531564608,32,3,Northern Rim,60.47871217,70.42284488
No,42.04539852,0,13271,0.523428758,57,3,Eastern Islands,60.27743623,43.06539852
No,47.35327836,1,16653,0.510444244,70,1,Eastern Islands,45.85619449,48.37327836
No,42.38966376,0,12346,0.495426141,69,4,Northern Rim,57.38673689,43.40966376
No,62.91036648,0,12948,0.548124269,43,3,West,60.88871847,63.93036648
No,54.7718831,0,9912,0.518941451,45,6,Eastern Islands,55.76340027,55.7918831
No,50.28841148,0,7593,0.479985287,30,4,Northern Rim,60.52530642,51.30841148
No,40.8405362,0,5516,0.483114511,46,4,Northern Rim,64.02026282,41.8605362
No,51.0435816,1,10542,0.528550724,52,3,Northern Rim,53.14026332,52.0635816
No,36.12739141,0,13403,0.553761123,41,2,Northern Rim,57.93383889,37.14739141
No,64.73608336,0,12038,0.507668958,43,3,West,66.41914176,65.75608336
No,56.77798377,0,4852,0.497799675,54,4,West,59.45073181,57.79798377
No,47.42878976,1,10630,0.527091955,53,3,Northern Rim,54.02067649,48.44878976
No,56.49059524,0,5642,0.518961179,50,3,Northern Rim,56.27671404,57.51059524
No,53.85914121,0,10848,0.543587289,53,2,Northern Rim,62.11529169,54.87914121
No,42.99752048,0,14814,0.501442028,37,4,Northern Rim,52.16065423,44.01752048
No,47.92033117,1,11225,0.514219135,50,2,West,66.34672173,48.94033117
No,47.12865357,0,8935,0.515862973,48,2,Eastern Islands,50.52901084,48.14865357
No,40.53793447,0,5080,0.506531721,44,2,West,58.25381705,41.55793447
No,47.74930096,0,8233,0.471980632,51,2,Eastern Islands,58.69078968,48.76930096
No,62.57046934,0,8962,0.524094276,35,3,Eastern Islands,63.1594549,63.59046934
No,56.15967192,0,10064,0.499802229,67,4,Eastern Islands,55.4563806,57.17967192
No,50.95729274,0,14446,0.50047982,20,3,West,60.2820349,51.97729274
No,42.21458493,0,9053,0.506844246,42,2,Eastern Islands,55.33506426,43.23458493
No,48.75370077,0,8796,0.498890564,42,4,Northern Rim,48.54343771,49.77370077
No,47.38395953,1,16067,0.509176384,39,3,Northern Rim,48.89071486,48.40395953
No,43.04186821,1,11088,0.505651975,53,3,West,56.25388681,44.06186821
No,57.80063168,0,16796,0.498734123,42,4,Northern Rim,54.55467518,58.82063168
No,57.8332335,1,8797,0.510051474,48,4,Northern Rim,53.69026476,58.8532335
No,56.696903,0,4893,0.513121172,59,5,Northern Rim,51.00754218,57.716903
No,43.4118495,0,10350,0.482108588,44,4,West,55.28163709,44.4318495
No,40.72883825,0,7651,0.489763103,37,6,Eastern Islands,62.06369561,41.74883825
No,55.79680241,0,15889,0.513531533,53,1,Eastern Islands,49.23312707,56.81680241
No,52.96495017,0,11247,0.544754322,57,3,Eastern Islands,57.4803666,53.98495017
No,55.43557946,0,4611,0.504459945,23,3,Northern Rim,53.6696926,56.45557946
No,50.04401145,0,11907,0.505550048,65,4,Eastern Islands,56.52064896,51.06401145
No,39.13027392,0,11357,0.472226075,40,2,West,56.24367533,40.15027392
No,58.42849002,0,8588,0.522056299,30,3,Northern Rim,53.16725479,59.44849002
No,69.62499938,0,4036,0.501336443,47,5,Northern Rim,51.94295556,70.64499938
No,51.34170227,0,14141,0.477986083,55,2,Eastern Islands,58.98579607,52.36170227
No,46.38069196,0,7883,0.492930929,77,6,Eastern Islands,46.7603885,47.40069196
No,34.94517443,0,7575,0.519119748,57,6,West,56.0944632,35.96517443
No,63.41243089,0,3408,0.54402037,31,4,Northern Rim,54.93936529,64.43243089
No,41.99437208,0,8524,0.471105755,40,4,Northern Rim,67.84289321,43.01437208
No,58.45091791,0,3183,0.52210614,63,2,Eastern Islands,50.53997456,59.47091791
No,49.46475619,0,10602,0.526086165,22,3,Eastern Islands,57.7598962,50.48475619
No,54.55163126,0,16954,0.54427887,45,3,Northern Rim,57.11693129,55.57163126
No,51.84938934,0,11462,0.493358463,55,3,Northern Rim,51.56791,52.86938934
No,55.30681715,1,13208,0.515733704,18,3,Eastern Islands,48.29676358,56.32681715
No,50.87701209,0,17846,0.462326076,32,3,West,53.68424107,51.89701209
No,58.75389911,1,2081,0.505321503,40,3,Eastern Islands,73.93973515,59.77389911
No,47.71325161,0,4625,0.518875091,32,4,Eastern Islands,59.9214053,48.73325161
No,54.73992696,0,13488,0.518199197,48,4,Northern Rim,55.49414604,55.75992696
No,64.02648702,0,13874,0.528125165,27,2,Eastern Islands,58.35306026,65.04648702
No,58.87730833,0,3412,0.521784978,28,2,West,55.52514775,59.89730833
No,49.94820964,0,11610,0.487494268,63,5,Northern Rim,54.95939826,50.96820964
No,32.18316798,0,6289,0.502317324,34,5,Northern Rim,44.76083119,33.20316798
No,47.62598347,0,7462,0.497108727,42,3,Eastern Islands,60.3893679,48.64598347
No,58.13525091,0,7964,0.472754936,62,2,Eastern Islands,56.06109611,59.15525091
No,68.0490079,0,11001,0.536605567,57,4,West,59.4180943,69.0690079
No,53.20560244,0,3686,0.512930318,38,3,Northern Rim,46.65358915,54.22560244
No,47.4824785,0,8911,0.514480788,39,3,Eastern Islands,56.68248714,48.5024785
No,35.63927294,0,4921,0.487107337,56,2,West,61.77172206,36.65927294
No,53.99671515,0,9408,0.53952842,56,3,Northern Rim,52.43775955,55.01671515
No,52.05241268,0,368,0.507789506,55,4,West,69.125524,53.07241268
No,55.81511254,0,9700,0.522798653,73,4,West,57.5713913,56.83511254
No,59.38696487,0,8145,0.522426773,50,7,Northern Rim,49.48899368,60.40696487
No,52.37862063,1,5352,0.534046729,64,4,Eastern Islands,43.57840389,53.39862063
No,51.37076311,0,15495,0.520599676,21,3,West,62.57959013,52.39076311
No,49.22134805,0,15866,0.503724422,36,3,Eastern Islands,57.41180163,50.24134805
No,52.60161981,0,11029,0.51404109,38,4,Eastern Islands,56.40282821,53.62161981
No,48.40441038,0,13310,0.550575956,48,5,Northern Rim,52.51809115,49.42441038
No,47.92049773,0,13288,0.521486877,76,3,Northern Rim,52.01459321,48.94049773
No,45.47324736,0,8397,0.531922069,50,4,Northern Rim,58.47659086,46.49324736
No,62.23760942,0,11782,0.514756083,65,3,Northern Rim,59.91706177,63.25760942
No,55.24930825,0,9199,0.507237814,62,3,Northern Rim,58.25929554,56.26930825
No,62.71904325,0,7861,0.486732774,18,3,Eastern Islands,50.57377441,63.73904325
No,51.2638165,0,5261,0.501111438,63,3,West,62.98976284,52.2838165
No,49.66129836,0,12348,0.518789281,18,1,West,53.06379069,50.68129836
No,42.34847417,0,8823,0.507479087,35,4,Eastern Islands,47.41551733,43.36847417
No,38.88830794,0,4956,0.510336928,36,3,Eastern Islands,47.87882765,39.90830794
No,51.35459421,0,6149,0.511100098,34,5,West,48.12710197,52.37459421
No,56.75988987,0,10336,0.554517849,60,1,Northern Rim,53.0548926,57.77988987
No,55.21505817,0,9144,0.517073319,35,4,West,51.03614532,56.23505817
No,48.00094667,0,14274,0.51309967,44,2,West,70.14304739,49.02094667
No,75.99204661,0,14668,0.499631111,50,3,Northern Rim,62.9019774,77.01204661
No,59.91462585,0,10369,0.494460732,38,3,Eastern Islands,44.56600958,60.93462585
No,48.70560336,1,5989,0.487909915,67,3,Eastern Islands,56.56905063,49.72560336
No,45.02639936,0,8516,0.504755114,34,3,West,50.62035461,46.04639936
No,56.32841478,0,11084,0.503604364,36,3,West,58.89414813,57.34841478
No,54.17748847,1,11264,0.508194852,39,5,West,43.58093779,55.19748847
No,64.75468122,0,3470,0.505647834,42,4,Northern Rim,48.05630636,65.77468122
No,46.20231082,0,15396,0.511141542,38,3,Northern Rim,53.35574903,47.22231082
No,40.37664694,0,10790,0.503125857,44,3,Northern Rim,61.32591725,41.39664694
No,57.60220353,0,7355,0.487176197,47,3,Northern Rim,45.33483895,58.62220353
No,44.4792815,1,11879,0.504975244,29,3,Eastern Islands,56.37385065,45.4992815
No,50.30261663,0,1526,0.483386902,48,4,Eastern Islands,50.31683981,51.32261663
No,54.56150543,0,14126,0.552903266,37,2,Northern Rim,61.67516481,55.58150543
No,63.33759975,0,1599,0.537774451,46,4,West,59.50400579,64.35759975
No,56.35955672,0,3977,0.502890834,27,5,West,47.09697222,57.37955672
No,58.7988588,1,9933,0.507588709,57,5,West,54.63632547,59.8188588
No,47.03945603,0,5274,0.499355589,32,5,Northern Rim,56.30322206,48.05945603
No,57.39281331,0,9888,0.510799187,19,4,West,61.98423111,58.41281331
No,43.07582061,0,13096,0.476393161,24,3,Northern Rim,44.89412338,44.09582061
No,44.73848752,0,11268,0.507259949,49,3,West,56.50944276,45.75848752
No,53.18217604,0,11848,0.509551441,22,5,West,64.25682664,54.20217604
No,48.59693211,0,9492,0.517785204,55,3,Eastern Islands,52.94269239,49.61693211
No,49.3085755,0,10237,0.482372668,18,2,Northern Rim,59.11855013,50.3285755
No,47.71257655,0,12579,0.487414571,18,6,Eastern Islands,61.01105503,48.73257655
No,47.32714375,0,11629,0.514848228,18,3,Northern Rim,55.26299126,48.34714375
No,43.22006895,0,17051,0.537464744,48,5,Northern Rim,72.92849868,44.24006895
No,45.81760301,0,16745,0.530321984,28,4,West,58.17614705,46.83760301
No,44.06635212,0,8884,0.488058795,55,5,Eastern Islands,58.01819096,45.08635212
No,55.9978453,0,6756,0.518059443,18,4,West,82.0143866,57.0178453
No,36.35091224,0,12113,0.53209733,64,3,Eastern Islands,64.43621963,37.37091224
No,58.01034627,0,10067,0.504220132,52,2,Northern Rim,56.71660932,59.03034627
No,42.91714684,0,17061,0.524594135,43,4,Eastern Islands,64.46331758,43.93714684
No,50.1163833,0,9406,0.493230493,71,5,Northern Rim,57.24674262,51.1363833
No,52.55101209,0,13589,0.516763907,24,3,West,50.53213487,53.57101209
No,47.39640097,0,12178,0.487497694,35,1,Northern Rim,65.84942284,48.41640097
No,56.96465761,0,4503,0.474174928,23,1,Northern Rim,60.35114392,57.98465761
No,51.79208285,0,4388,0.50366744,33,4,Eastern Islands,63.8176856,52.81208285
No,42.39378611,0,5327,0.512794064,66,3,Northern Rim,67.19545865,43.41378611
No,52.91497592,0,17947,0.499044416,41,3,Eastern Islands,69.73293581,53.93497592
No,52.48832613,0,11727,0.516593669,30,2,Northern Rim,58.04456575,53.50832613
No,53.94060151,0,11108,0.515405457,36,4,Eastern Islands,63.8941364,54.96060151
No,61.07167691,0,10720,0.511341971,44,3,West,59.49409296,62.09167691
No,65.23844891,0,7020,0.489819559,40,4,Northern Rim,44.46817343,66.25844891
No,61.93924719,0,7355,0.488280214,34,5,Eastern Islands,62.54109172,62.95924719
No,53.08825711,0,5373,0.492119918,36,4,Northern Rim,55.82221637,54.10825711
No,56.03494446,0,8462,0.500201709,18,2,Eastern Islands,53.1228149,57.05494446
No,64.42178166,0,6855,0.499531208,43,3,Northern Rim,56.35678433,65.44178166
No,49.47003869,0,13023,0.474614589,48,3,Eastern Islands,61.46112454,50.49003869
No,50.35747713,0,11516,0.479822922,46,4,West,50.2639274,51.37747713
No,60.49977893,0,9923,0.52110433,62,4,Northern Rim,60.40301038,61.51977893
No,44.11712832,1,13281,0.486878861,76,4,Eastern Islands,61.53911644,45.13712832
No,64.59701146,0,13424,0.504828406,63,3,West,52.95987282,65.61701146
No,44.02496909,0,16152,0.492198952,41,6,West,55.08050426,45.04496909
No,67.82920193,0,6069,0.543238504,26,2,Eastern Islands,54.35547036,68.84920193
No,51.37889217,1,15294,0.515849624,18,5,Eastern Islands,64.27136554,52.39889217
No,61.79074178,0,12062,0.512343573,61,2,Eastern Islands,58.96980145,62.81074178
No,63.40722334,0,11834,0.51627677,45,1,Northern Rim,52.80128459,64.42722334
No,44.23434838,1,13313,0.497529823,61,3,Eastern Islands,54.23270189,45.25434838
No,60.01263483,0,10031,0.511905223,28,3,Northern Rim,55.77961372,61.03263483
No,33.45435941,0,13243,0.493031802,43,5,West,54.71804374,34.47435941
No,38.16138894,0,5001,0.490970263,54,2,West,57.73986578,39.18138894
No,57.25875451,0,10381,0.516727242,61,3,Eastern Islands,56.87278892,58.27875451
No,45.7094169,0,8458,0.530355107,39,4,Northern Rim,50.45242519,46.7294169
No,51.36828981,0,7143,0.493570999,57,5,Northern Rim,58.21050492,52.38828981
No,41.84113277,0,2462,0.502836767,58,3,Northern Rim,50.0009099,42.86113277
No,58.13663295,0,17559,0.479662826,62,4,Eastern Islands,48.7805091,59.15663295
No,43.52995654,0,7469,0.505670918,38,4,West,66.51134045,44.54995654
No,38.70831117,0,16224,0.517404936,30,3,Eastern Islands,54.20280164,39.72831117
No,41.84992936,0,13723,0.518119913,27,3,West,58.02444313,42.86992936
No,43.1592184,0,4917,0.472876219,41,3,Northern Rim,53.32755036,44.1792184
No,60.28415171,0,17396,0.497800314,18,3,Eastern Islands,54.70221692,61.30415171
No,51.35048838,0,7247,0.452423008,43,2,Northern Rim,55.19031159,52.37048838
No,49.41386285,0,7114,0.515527836,44,4,West,55.50617572,50.43386285
No,49.48359766,0,9124,0.51830506,20,4,Eastern Islands,43.83566298,50.50359766
No,45.90286875,1,10478,0.528798186,36,4,Eastern Islands,52.20445386,46.92286875
No,63.69857375,0,8524,0.497246177,39,3,West,64.58009775,64.71857375
No,47.88748827,0,10868,0.505855397,43,4,West,56.78561246,48.90748827
No,45.91632709,0,14692,0.502562503,53,4,Northern Rim,58.53322598,46.93632709
No,53.59209561,0,11034,0.532222252,39,5,Northern Rim,59.2649313,54.61209561
No,53.28985187,0,13623,0.494070695,38,3,Eastern Islands,57.27460126,54.30985187
No,54.62210026,0,8193,0.517214177,56,3,Northern Rim,53.34068756,55.64210026
No,47.98523977,1,5487,0.524369677,25,3,Northern Rim,65.04844732,49.00523977
No,47.48785732,1,5827,0.511680288,44,4,West,54.00679391,48.50785732
No,50.58423617,0,14651,0.50774176,51,5,Eastern Islands,53.31142541,51.60423617
No,63.01524891,0,9221,0.511226058,44,4,Eastern Islands,65.83132331,64.03524891
No,49.56024187,0,12925,0.518231567,42,4,West,49.74756624,50.58024187
No,44.64252532,0,9488,0.471441087,28,4,West,63.31566491,45.66252532
No,60.46914242,0,8579,0.500939095,58,4,Northern Rim,49.78163404,61.48914242
No,47.42583948,0,12897,0.511841758,57,4,Northern Rim,59.10081638,48.44583948
No,60.71738246,0,11960,0.500917767,28,5,Eastern Islands,66.18012336,61.73738246
No,43.13566543,0,14553,0.549872111,34,2,West,52.4828489,44.15566543
No,58.03976282,0,8853,0.487607592,42,3,West,57.95107903,59.05976282
No,39.5164984,0,15898,0.48989535,33,3,Northern Rim,64.58662032,40.5364984
No,46.19258374,0,6668,0.522568433,18,4,Northern Rim,50.91965321,47.21258374
No,42.4988245,1,15289,0.50935469,44,4,Northern Rim,57.831039,43.5188245
No,41.73274575,0,5452,0.497461283,29,4,Eastern Islands,50.57079447,42.75274575
No,53.01628131,0,11895,0.484480754,34,5,West,48.43970602,54.03628131
No,50.07692842,0,13972,0.485019746,47,4,Northern Rim,53.96008512,51.09692842
No,54.28356735,0,8089,0.512698117,70,3,West,65.40464265,55.30356735
No,46.61165795,0,8800,0.498066877,44,7,West,56.06739728,47.63165795
No,59.0726631,1,13913,0.537768484,39,3,West,64.59639415,60.0926631
No,53.89697048,0,9073,0.479998291,35,2,Eastern Islands,53.90518512,54.91697048
No,39.91227334,0,9740,0.515735729,77,3,West,49.20830851,40.93227334
No,53.09329834,0,8201,0.458153503,62,4,Northern Rim,52.63884168,54.11329834
No,54.30544886,0,6834,0.500430935,35,4,Northern Rim,65.70301526,55.32544886
No,55.34791259,0,100,0.522178224,45,2,Northern Rim,59.52172698,56.36791259
No,50.22670023,0,21421,0.507983144,38,4,Eastern Islands,56.29072678,51.24670023
No,50.85911915,0,9729,0.529423609,46,3,Northern Rim,55.48913254,51.87911915
No,42.98414044,0,9712,0.515305954,42,3,West,61.01722994,44.00414044
No,53.62702929,0,10649,0.527853791,34,5,Northern Rim,70.20548167,54.64702929
No,34.80127905,0,3326,0.497073013,56,5,Northern Rim,57.98607059,35.82127905
No,51.36953426,0,9779,0.541686034,62,3,West,59.85846846,52.38953426
No,32.57105437,0,6574,0.512649527,53,5,West,67.83969654,33.59105437
No,51.66712941,0,13008,0.516122342,29,4,Northern Rim,49.07285175,52.68712941
No,30.56455264,0,9237,0.508589679,41,4,Eastern Islands,61.57365285,31.58455264
No,62.50836508,0,16085,0.492124017,18,4,Eastern Islands,62.15280361,63.52836508
No,51.33435116,1,9901,0.549669077,39,3,Eastern Islands,56.36464937,52.35435116
No,49.73759553,0,10271,0.481064615,67,4,Eastern Islands,55.52831021,50.75759553
No,47.77585698,0,5093,0.489152112,42,5,Northern Rim,55.60757028,48.79585698
No,52.9513612,0,6005,0.501824509,35,5,Eastern Islands,74.39091908,53.9713612
No,33.12787727,0,9271,0.502757789,52,3,Northern Rim,44.57940105,34.14787727
No,47.34369304,0,16648,0.544310912,54,4,West,61.29544362,48.36369304
No,48.28916693,0,8287,0.505885094,46,2,Eastern Islands,62.45836372,49.30916693
No,48.84145227,1,10491,0.515310847,48,4,Eastern Islands,62.60211364,49.86145227
No,40.68851947,0,16605,0.514524738,55,2,West,43.956805,41.70851947
No,48.77581729,0,5358,0.504162005,51,6,Eastern Islands,60.03774952,49.79581729
No,50.89426778,0,16023,0.501377342,51,1,West,66.5903244,51.91426778
No,54.39984279,0,8814,0.530726301,62,3,Northern Rim,57.93657479,55.41984279
No,48.0446305,0,12030,0.512443926,53,4,West,65.78055012,49.0646305
No,51.35045438,0,933,0.525033659,44,4,West,65.42989503,52.37045438
No,48.38315304,0,12154,0.498575185,66,2,Northern Rim,58.46500432,49.40315304
No,40.61939567,0,8004,0.526325675,29,3,West,54.72568781,41.63939567
No,53.64933244,0,14289,0.515608408,22,3,West,59.41974628,54.66933244
No,45.85018744,1,11363,0.476767892,39,4,Eastern Islands,49.48550973,46.87018744
No,49.2522628,0,10420,0.515670171,29,3,West,66.7037732,50.2722628
No,54.5297874,0,5084,0.502514053,22,5,Northern Rim,62.50220001,55.5497874
No,47.47157753,0,9049,0.497710505,44,3,Eastern Islands,49.95867386,48.49157753
No,50.32132848,0,7766,0.484965994,33,4,West,39.42260512,51.34132848
No,57.06433805,0,1276,0.485616537,32,2,West,50.56608626,58.08433805
No,30.47062267,0,13544,0.500640344,28,3,Eastern Islands,48.08417264,31.49062267
No,57.8007274,0,7966,0.524338232,51,4,Northern Rim,57.1036613,58.8207274
No,53.42947885,0,14945,0.526133468,47,2,Eastern Islands,62.37338604,54.44947885
No,44.63169751,0,8809,0.509228341,37,3,Northern Rim,57.99775433,45.65169751
No,46.55436057,0,18184,0.526334617,50,3,Northern Rim,56.94745238,47.57436057
No,42.9474491,1,6269,0.512672501,32,3,Eastern Islands,68.05275173,43.9674491
No,58.94014881,0,19531,0.523812716,60,3,Eastern Islands,46.59229044,59.96014881
No,50.63348582,0,14990,0.50423402,43,4,West,66.84880449,51.65348582
No,43.94285937,0,8351,0.485852895,33,3,Eastern Islands,58.92216297,44.96285937
No,58.74884335,0,8081,0.538420265,18,3,West,63.34626848,59.76884335
No,43.64469172,0,3373,0.526755595,35,3,Eastern Islands,45.11027305,44.66469172
No,64.82489214,0,18836,0.522860177,30,4,Eastern Islands,55.36112738,65.84489214
No,58.38537136,0,12993,0.550142797,42,2,Eastern Islands,46.94754425,59.40537136
No,50.95643375,0,11388,0.504233318,43,3,Eastern Islands,75.11937714,51.97643375
No,54.08880408,0,3765,0.524596427,47,2,Northern Rim,59.69831638,55.10880408
No,55.86012576,0,12077,0.542949734,34,2,Northern Rim,52.27154709,56.88012576
No,39.73453176,0,8071,0.509850964,28,3,Northern Rim,70.86577737,40.75453176
No,41.26644064,0,616,0.519820683,61,3,Eastern Islands,61.20170826,42.28644064
No,50.85312572,0,12022,0.499662268,43,5,Eastern Islands,37.36378445,51.87312572
No,44.84706006,0,7345,0.496877859,51,4,West,50.92133673,45.86706006
No,40.16610072,0,10651,0.585130718,36,4,West,59.13080388,41.18610072
No,49.9878313,1,11587,0.504091638,33,3,West,62.92635597,51.0078313
No,42.98109914,0,18042,0.506871152,27,2,Northern Rim,61.1248691,44.00109914
No,58.99284635,0,9153,0.518722752,33,3,Northern Rim,59.23887816,60.01284635
No,50.99629529,0,12093,0.508947123,39,3,West,62.49909342,52.01629529
No,66.05392327,0,10624,0.497875087,27,4,Northern Rim,65.69767552,67.07392327
No,55.12484632,0,3833,0.536995725,18,4,Northern Rim,55.0624542,56.14484632
No,58.88372864,0,2364,0.510276005,51,2,Northern Rim,55.82290941,59.90372864
No,49.95313821,0,15919,0.521721825,28,3,Eastern Islands,56.54615652,50.97313821
No,59.79014072,1,14558,0.479845248,49,4,Eastern Islands,45.97718156,60.81014072
No,65.64865,0,8031,0.512885621,44,2,Northern Rim,66.51131913,66.66865
No,50.12319214,0,10540,0.504053775,43,4,Northern Rim,70.52130989,51.14319214
No,58.31206662,0,13556,0.514253939,46,4,Eastern Islands,68.06546094,59.33206662
No,60.84908112,0,11197,0.51570951,50,5,West,58.49724069,61.86908112
No,50.76499529,0,11340,0.497688065,44,2,Northern Rim,50.28445377,51.78499529
No,51.02621101,0,7826,0.485469351,64,3,Northern Rim,57.41697832,52.04621101
No,50.2846553,0,14270,0.492080344,27,5,Northern Rim,56.21977997,51.3046553
No,47.41065564,0,7150,0.530467685,27,2,Eastern Islands,60.07995311,48.43065564
No,52.58449868,0,10140,0.481128109,75,3,Northern Rim,51.11412964,53.60449868
No,46.72670869,0,8750,0.493890323,28,3,West,63.05886503,47.74670869
No,37.56685357,0,13415,0.511465343,70,4,West,63.17694639,38.58685357
No,57.84993102,1,4113,0.508682362,41,6,Eastern Islands,65.52384364,58.86993102
No,50.64398718,0,10293,0.500788254,56,5,Eastern Islands,48.60181073,51.66398718
No,46.84733606,0,7078,0.508646612,59,3,Eastern Islands,51.89173062,47.86733606
No,32.29861272,0,8975,0.52069356,22,4,Eastern Islands,67.16794932,33.31861272
No,38.47431145,0,8899,0.498366802,62,2,Eastern Islands,56.6202139,39.49431145
No,66.30227383,0,6403,0.488571022,42,3,West,63.00010103,67.32227383
No,52.16822944,0,6845,0.51347212,47,3,Eastern Islands,55.84185623,53.18822944
No,32.15510557,1,14185,0.530470727,51,4,Northern Rim,66.13691105,33.17510557
No,26.02591607,0,6544,0.497618441,33,5,Northern Rim,75.5192419,27.04591607
No,53.74281947,1,9898,0.510322775,39,4,Northern Rim,49.42217111,54.76281947
No,63.23974989,0,10620,0.489103145,41,3,West,65.21683808,64.25974989
No,56.90988201,0,15604,0.512932923,33,3,Northern Rim,58.70840473,57.92988201
No,47.36602338,0,11341,0.497467095,18,4,Eastern Islands,55.58783063,48.38602338
No,51.58617195,0,15168,0.479619666,26,3,Northern Rim,57.96291687,52.60617195
No,53.77446895,0,20276,0.514148795,31,4,Northern Rim,64.0343169,54.79446895
No,49.193822,0,16478,0.489953514,47,3,West,60.50647829,50.213822
No,43.40394496,0,11936,0.53736399,30,3,West,65.90951643,44.42394496
No,37.29521959,0,12313,0.536025678,46,1,West,52.06487979,38.31521959
No,56.47166341,0,2932,0.507430115,53,5,Eastern Islands,51.04868521,57.49166341
No,44.13707829,0,19050,0.539028133,51,5,Northern Rim,63.14504769,45.15707829
No,60.92386415,0,13781,0.503334648,23,4,West,59.90849069,61.94386415
No,53.93028612,0,15023,0.547641141,40,2,Eastern Islands,49.71311842,54.95028612
No,47.91670803,1,8553,0.503487596,43,4,Eastern Islands,64.41727559,48.93670803
No,57.07159156,0,7344,0.479049868,19,3,Eastern Islands,62.49820813,58.09159156
No,46.23083233,0,13224,0.532634538,36,5,Eastern Islands,61.23271696,47.25083233
No,47.5712073,0,19278,0.502169075,43,4,Northern Rim,53.44070705,48.5912073
No,58.20967889,0,8908,0.510622053,19,3,Eastern Islands,53.38688898,59.22967889
No,32.96961128,0,13742,0.488475141,58,4,Northern Rim,68.84071585,33.98961128
No,45.51951939,0,9513,0.513100848,56,4,Northern Rim,65.7745236,46.53951939
No,39.11664288,0,12486,0.516263657,48,2,West,66.19139882,40.13664288
No,44.56226911,0,8614,0.485103666,69,3,West,71.43504699,45.58226911
No,64.29272716,0,7664,0.517694574,52,3,Eastern Islands,56.23417525,65.31272716
No,60.63450736,0,14022,0.497802927,37,4,West,58.93068518,61.65450736
No,55.13260406,0,3024,0.506792569,71,3,West,57.61156445,56.15260406
No,38.14946413,0,7849,0.511344091,53,4,Northern Rim,62.49175898,39.16946413
No,41.14798624,0,12384,0.476244628,55,5,Eastern Islands,49.24263555,42.16798624
No,42.28822308,0,10344,0.550800107,32,4,Northern Rim,63.19067039,43.30822308
No,35.02611036,0,11560,0.515137346,40,4,Eastern Islands,68.96200441,36.04611036
No,54.08153002,0,8479,0.515146758,42,4,Northern Rim,62.23109238,55.10153002
No,59.02246576,1,5883,0.484139932,40,5,Eastern Islands,55.39574141,60.04246576
No,52.47411119,0,12241,0.517123375,24,1,Eastern Islands,52.02108771,53.49411119
No,37.04750569,0,5157,0.498412945,48,4,Eastern Islands,48.49045545,38.06750569
No,51.72485023,0,10206,0.508881533,40,3,Northern Rim,69.12754079,52.74485023
No,41.36007601,0,7251,0.536490181,72,5,Northern Rim,47.76101567,42.38007601
No,49.01133911,0,9973,0.487792756,32,5,Eastern Islands,56.26535168,50.03133911
No,51.05122089,0,5051,0.520016053,40,3,Northern Rim,67.07512891,52.07122089
No,56.7062962,0,11002,0.499973764,18,4,West,63.96611563,57.7262962
No,55.00706409,0,10655,0.480091879,47,4,West,51.91171041,56.02706409
No,60.75758765,0,11293,0.510258269,46,4,Northern Rim,69.73958767,61.77758765
No,47.80315081,0,14031,0.486124733,41,3,Eastern Islands,58.72726774,48.82315081
No,43.43422214,1,17608,0.534082054,37,3,West,45.72362839,44.45422214
No,59.3558531,0,1222,0.510798451,49,3,West,64.89118758,60.3758531
No,55.01799397,0,5024,0.533046323,50,2,Eastern Islands,67.62189517,56.03799397
No,48.75208447,0,11456,0.51663276,36,2,Northern Rim,44.51266042,49.77208447
No,51.51796174,0,13862,0.491413595,48,4,Northern Rim,62.9223386,52.53796174
No,48.66792668,0,18515,0.501788118,21,4,Northern Rim,67.07628303,49.68792668
No,54.69369435,0,13013,0.479882941,47,4,Eastern Islands,62.47624055,55.71369435
No,53.65035495,0,3201,0.46318065,42,4,Eastern Islands,50.08144088,54.67035495
No,43.1283363,1,13345,0.481377419,18,5,Eastern Islands,53.9545749,44.1483363
No,48.3005081,1,12346,0.499607003,35,4,West,50.87135412,49.3205081
No,51.78114244,0,7735,0.489102895,39,5,Northern Rim,63.42463225,52.80114244
No,58.92390084,0,16335,0.539195476,49,2,Eastern Islands,54.27001107,59.94390084
No,55.49705314,0,6559,0.521220603,31,4,Northern Rim,50.13024418,56.51705314
No,50.79699846,0,13836,0.479416175,64,3,West,60.95195931,51.81699846
No,58.83529916,1,12358,0.538780886,32,4,West,50.7516028,59.85529916
No,48.46990548,0,2769,0.515925536,61,3,West,59.34907813,49.48990548
No,35.02721411,0,12500,0.512779069,51,3,West,30.75750496,36.04721411
No,44.99609986,0,15620,0.511813439,31,3,West,56.14670556,46.01609986
No,56.36907578,0,12509,0.511987856,47,3,Northern Rim,66.67441945,57.38907578
No,64.36228081,0,11846,0.542279956,36,2,Northern Rim,66.79299924,65.38228081
No,49.65377957,0,10109,0.551449444,45,2,Northern Rim,66.92053724,50.67377957
No,50.43183561,0,5468,0.536085401,67,4,Eastern Islands,57.2345517,51.45183561
No,47.14487466,0,7373,0.575012264,27,2,Eastern Islands,50.41492398,48.16487466
No,57.48933089,0,8695,0.537293869,36,2,West,59.20177664,58.50933089
No,49.61768375,0,9898,0.506694193,38,4,West,52.16460594,50.63768375
No,47.60258339,0,12799,0.48913859,58,1,West,63.90756678,48.62258339
No,44.33797124,0,9267,0.536782662,44,3,Northern Rim,62.48049234,45.35797124
No,50.26477745,0,8294,0.523950482,63,3,Northern Rim,56.87822023,51.28477745
No,38.2638279,0,12872,0.499301058,30,3,Northern Rim,57.05071046,39.2838279
No,48.8450864,0,13226,0.481642412,33,4,Eastern Islands,46.99203452,49.8650864
No,53.1561229,0,7982,0.54027172,21,4,West,65.14517941,54.1761229
No,45.67873572,1,13372,0.511847179,52,5,West,65.53067349,46.69873572
No,54.55524194,0,7697,0.519839161,46,3,West,50.05584959,55.57524194
No,52.97103946,0,9757,0.525478026,65,3,Northern Rim,58.31959532,53.99103946
No,61.94764155,0,13789,0.499134637,45,3,West,62.66005925,62.96764155
No,29.96946482,0,3963,0.507857257,57,3,West,56.47256911,30.98946482
No,51.94344581,0,12438,0.529671776,25,5,West,59.58425436,52.96344581
No,47.6053786,0,16859,0.470978992,54,6,West,60.78939507,48.6253786
No,61.37422395,0,5979,0.503122703,45,2,Eastern Islands,58.74054723,62.39422395
No,55.43178882,0,13576,0.500167539,18,4,West,68.58347207,56.45178882
No,58.30896549,0,7916,0.501074234,64,4,Northern Rim,57.58948983,59.32896549
No,58.58006765,0,6995,0.517672682,46,3,West,52.81919385,59.60006765
No,57.82401652,0,11669,0.510634072,45,4,Northern Rim,42.98021203,58.84401652
No,53.40052641,0,8356,0.499736646,49,3,West,63.63389359,54.42052641
No,35.99258922,0,10002,0.518404089,53,4,West,58.69723276,37.01258922
No,56.10721527,0,9348,0.507685351,44,4,Eastern Islands,60.72023927,57.12721527
No,43.23305961,0,11643,0.521118762,22,3,West,49.04796985,44.25305961
No,52.53891783,0,13621,0.51352907,46,2,Northern Rim,53.6424786,53.55891783
No,52.01819146,0,6532,0.510638732,40,4,Eastern Islands,51.86492479,53.03819146
No,59.75193234,0,15920,0.504950557,42,4,Northern Rim,63.93667271,60.77193234
No,38.84435264,0,12401,0.509320289,50,2,Eastern Islands,52.47477459,39.86435264
No,43.56619879,0,7803,0.518823548,18,4,Northern Rim,68.25855964,44.58619879
No,51.08191946,0,14049,0.517945894,40,4,Eastern Islands,70.74138618,52.10191946
No,61.46179822,0,10345,0.476641136,41,5,Northern Rim,64.67759475,62.48179822
No,50.50732422,0,4693,0.490070444,27,5,Northern Rim,60.28571115,51.52732422
No,52.34375663,0,9097,0.47700715,45,2,Eastern Islands,57.06142211,53.36375663
No,44.43862996,0,4490,0.481310367,59,5,West,68.67149405,45.45862996
No,40.64767286,0,5966,0.494704342,47,2,West,61.74546485,41.66767286
No,67.62334239,0,9167,0.535908241,36,5,Eastern Islands,60.92818064,68.64334239
No,57.25548279,0,15063,0.496161273,27,4,Northern Rim,52.72724765,58.27548279
No,44.81096303,0,11882,0.513551516,48,2,Northern Rim,62.19615645,45.83096303
No,52.08908277,0,2185,0.487802961,39,3,Eastern Islands,51.32625131,53.10908277
No,57.92480483,0,6382,0.489333429,22,4,Eastern Islands,52.26219239,58.94480483
No,44.08644644,0,10134,0.537451035,47,3,West,62.7961652,45.10644644
No,47.16390159,0,9867,0.518096705,29,4,Northern Rim,66.47359428,48.18390159
No,50.68976671,0,7217,0.507236419,65,3,West,42.91900684,51.70976671
No,37.38373215,0,3114,0.499426918,33,5,West,47.19503101,38.40373215
No,62.09263076,0,10218,0.489370465,45,4,Eastern Islands,64.85512974,63.11263076
No,42.64811332,0,5243,0.506493936,59,3,Northern Rim,59.49416203,43.66811332
No,64.49819597,0,10393,0.513636832,43,4,West,51.38029345,65.51819597
No,54.65893179,0,13521,0.519391321,50,5,West,55.2459354,55.67893179
No,44.61559869,1,7376,0.475631893,61,3,West,49.96693641,45.63559869
No,49.15183298,0,8221,0.51567717,40,5,Northern Rim,53.59437488,50.17183298
No,49.4651779,0,11398,0.502273937,60,5,West,54.35190737,50.4851779
No,52.55727031,0,5273,0.512564608,43,3,Eastern Islands,62.48425336,53.57727031
No,45.20645175,0,14329,0.508945941,30,4,West,59.00513478,46.22645175
No,46.94467015,0,8736,0.498520238,43,3,Northern Rim,52.35335616,47.96467015
No,63.93595789,0,3419,0.531374567,48,5,West,51.06126781,64.95595789
No,49.19259855,0,3467,0.525410125,29,2,Eastern Islands,58.73992098,50.21259855
No,56.64741612,0,6068,0.510459772,21,3,West,61.47540232,57.66741612
No,41.95774623,0,8392,0.529987688,31,5,West,52.00127495,42.97774623
No,45.56882599,0,2759,0.521593665,36,2,West,65.60933532,46.58882599
No,55.39328009,0,12018,0.518116994,29,4,Northern Rim,70.13336853,56.41328009
No,40.13884207,0,16620,0.52528213,31,3,Northern Rim,61.35620323,41.15884207
No,46.89410039,0,11766,0.497830284,56,4,Northern Rim,74.77246551,47.91410039
No,50.17887977,0,5883,0.497514783,48,5,Northern Rim,67.87105311,51.19887977
No,47.28888388,0,13852,0.523703437,53,3,Eastern Islands,52.18686523,48.30888388
No,72.22006471,0,19285,0.521185482,54,4,West,51.23220544,73.24006471
No,66.34005598,0,6742,0.519763066,51,4,Northern Rim,56.95283377,67.36005598
No,56.45797804,0,7146,0.50530918,66,3,West,57.43678264,57.47797804
No,50.98759743,0,8848,0.488027857,34,4,West,68.87146096,52.00759743
No,41.24543707,0,12565,0.496711373,55,2,West,57.71425908,42.26543707
No,47.19592604,0,13979,0.511127917,40,6,Eastern Islands,44.27253217,48.21592604
No,58.90066949,0,10996,0.4825679,46,2,Eastern Islands,55.86393592,59.92066949
No,48.11091507,0,7987,0.473798623,36,1,West,59.57912184,49.13091507
No,42.55009611,0,8553,0.504707934,29,3,Northern Rim,53.95939464,43.57009611
No,41.8863764,0,8545,0.502268182,34,4,Eastern Islands,53.25639833,42.9063764
No,58.78030319,0,6681,0.519284763,55,1,West,59.5284665,59.80030319
No,44.28108403,0,6730,0.513300881,25,2,Northern Rim,59.00543471,45.30108403
No,51.61294316,0,5487,0.518650388,32,6,West,56.07182274,52.63294316
No,46.26819666,0,6997,0.507935597,29,5,Northern Rim,59.9871934,47.28819666
No,53.81077294,0,4879,0.514656808,52,3,Eastern Islands,54.43670204,54.83077294
No,46.66727735,0,11935,0.509714162,41,2,Eastern Islands,49.43803773,47.68727735
No,48.10311954,0,7595,0.526207022,45,4,Northern Rim,46.66151856,49.12311954
No,54.95720718,0,7623,0.484680554,18,3,Eastern Islands,76.04441429,55.97720718
No,44.55332331,0,14194,0.541944858,44,2,Eastern Islands,72.70541114,45.57332331
No,45.3951517,0,15166,0.504891462,46,4,Northern Rim,51.09665027,46.4151517
No,54.58397076,0,4870,0.498130284,61,5,West,65.59577735,55.60397076
No,49.64385602,0,16614,0.534720797,36,3,West,56.45804135,50.66385602
No,43.64639362,0,5564,0.511638204,61,3,West,53.73094642,44.66639362
No,54.65323027,0,8187,0.527716826,39,4,Eastern Islands,66.224213,55.67323027
No,61.80657169,1,8458,0.50467444,32,4,Eastern Islands,55.24989559,62.82657169
No,31.84143274,0,10743,0.542540473,55,4,Northern Rim,55.4908091,32.86143274
No,43.74115301,0,4752,0.500236192,44,4,Northern Rim,55.02747727,44.76115301
No,48.0857697,0,14193,0.530975584,62,3,Northern Rim,46.39153362,49.1057697
No,45.23605346,0,13929,0.489412097,30,4,Eastern Islands,45.59399715,46.25605346
No,52.47832506,0,10830,0.514814209,62,5,Eastern Islands,57.41100612,53.49832506
No,37.32283242,0,6374,0.499237765,29,2,West,45.37075878,38.34283242
No,47.41826255,0,7592,0.537843743,38,4,Eastern Islands,59.24984622,48.43826255
No,56.67791894,0,12079,0.456925203,24,2,Northern Rim,62.31828015,57.69791894
No,58.82789399,0,4983,0.511517605,59,3,Eastern Islands,48.59567792,59.84789399
No,58.94039472,0,16172,0.501168764,31,3,Eastern Islands,66.28855234,59.96039472
No,56.67953129,0,12600,0.50614446,18,4,West,57.82444143,57.69953129
No,46.41699418,0,13848,0.463737192,76,4,West,40.7657388,47.43699418
No,59.98371606,1,5994,0.518992093,33,4,Northern Rim,60.46595568,61.00371606
No,67.95851022,0,7164,0.485804092,42,4,Eastern Islands,69.09705343,68.97851022
No,40.47216657,0,18724,0.501451898,39,2,Eastern Islands,57.8331635,41.49216657
No,53.93792473,0,5881,0.517113136,39,3,Eastern Islands,65.30549108,54.95792473
No,41.23321673,0,10993,0.524638754,34,3,Eastern Islands,49.77149037,42.25321673
No,46.20094893,0,100,0.534245288,55,3,Eastern Islands,44.80301165,47.22094893
No,53.75603727,0,12275,0.502246629,48,4,Eastern Islands,48.86437853,54.77603727
No,49.45856701,0,10718,0.558571171,26,5,Northern Rim,49.94979286,50.47856701
No,44.37045596,0,9364,0.543577198,41,2,West,43.72081298,45.39045596
No,53.56163567,0,13714,0.503618869,42,4,Eastern Islands,45.961115,54.58163567
No,58.14006653,0,11130,0.504527434,52,3,Eastern Islands,67.86370757,59.16006653
No,66.31329432,0,6937,0.488865254,52,4,Eastern Islands,62.16503052,67.33329432
No,41.28040295,0,6488,0.527048428,40,3,West,55.0454888,42.30040295
No,48.90471452,0,6922,0.545031768,73,4,West,66.02376726,49.92471452
No,55.80482407,0,7366,0.503280153,42,4,Eastern Islands,45.09303735,56.82482407
No,40.97969614,0,12419,0.506169205,41,4,Eastern Islands,66.92594555,41.99969614
No,38.81524248,0,12179,0.497677549,59,5,West,47.13152411,39.83524248
No,55.95192568,0,7811,0.505840203,26,4,West,66.84078564,56.97192568
No,36.55406862,0,5166,0.499218661,30,4,Eastern Islands,46.45239713,37.57406862
No,64.48870543,0,14431,0.51749847,41,4,Eastern Islands,58.00290438,65.50870543
No,51.76564762,0,5831,0.510089605,42,3,Northern Rim,49.06196705,52.78564762
No,48.04178635,0,8152,0.543654609,33,5,Eastern Islands,57.06437344,49.06178635
No,49.87175688,0,13046,0.496088854,62,4,Eastern Islands,52.82863419,50.89175688
No,56.99380535,0,7864,0.507336514,32,3,West,60.8718749,58.01380535
No,65.83568229,0,15216,0.52241496,64,4,Eastern Islands,62.21738844,66.85568229
No,66.56325546,1,8750,0.53733906,52,2,West,66.87478339,67.58325546
No,44.78737617,0,9049,0.515196315,32,3,Eastern Islands,52.92158824,45.80737617
No,47.78790177,0,7713,0.515790087,42,4,Eastern Islands,60.17494235,48.80790177
No,57.8795101,0,12272,0.470799329,26,3,West,52.87132836,58.8995101
No,49.29183654,0,8165,0.495809607,59,4,Eastern Islands,53.8239896,50.31183654
No,56.27669732,1,5321,0.5166202,51,3,West,63.53189673,57.29669732
No,49.86596931,0,10952,0.52773588,26,4,Eastern Islands,51.79636283,50.88596931
No,44.50170654,0,10651,0.544428879,39,3,Eastern Islands,50.07983421,45.52170654
No,47.82955183,0,11481,0.510462836,43,4,West,57.27994502,48.84955183
No,33.70521217,0,7399,0.531585061,68,2,West,51.20666004,34.72521217
No,59.91467867,0,7263,0.511640018,25,3,Eastern Islands,53.05257899,60.93467867
No,45.93196616,0,8342,0.545867814,57,2,West,57.93910904,46.95196616
No,50.45244626,0,9106,0.503056984,41,3,Northern Rim,62.59050805,51.47244626
No,43.84639977,0,15396,0.497994466,36,3,West,50.24621408,44.86639977
No,61.03065473,0,7744,0.520090591,35,5,Eastern Islands,55.70568615,62.05065473
No,59.22736312,0,13001,0.509230054,35,6,West,58.60547132,60.24736312
No,53.34291642,0,1159,0.526918084,49,4,West,56.92690736,54.36291642
No,62.9933894,0,12301,0.488698382,52,5,West,49.27513514,64.0133894
No,56.24618797,0,12857,0.487830789,44,3,Eastern Islands,46.40487613,57.26618797
No,42.64794798,0,16488,0.46605595,39,4,West,53.33125363,43.66794798
No,44.76532675,0,13027,0.515019064,65,3,Northern Rim,68.53176954,45.78532675
No,60.73723251,0,12694,0.502306421,53,4,West,69.10005742,61.75723251
No,49.49117311,0,12595,0.543311312,43,3,West,41.85458563,50.51117311
No,49.23127718,0,8128,0.510389992,43,3,West,55.01360558,50.25127718
No,48.77334144,0,7388,0.492980248,41,3,West,58.44948708,49.79334144
No,49.69267398,0,10125,0.522172747,18,3,Northern Rim,60.7485606,50.71267398
No,48.4527109,0,16399,0.503914431,35,3,Eastern Islands,54.98923834,49.4727109
No,56.75837488,0,10018,0.503285016,35,3,West,54.04396663,57.77837488
No,63.49546771,0,9357,0.458440712,45,2,Northern Rim,46.77797983,64.51546771
No,35.41000139,0,7888,0.497338686,39,3,Northern Rim,54.23440469,36.43000139
No,57.71842343,0,11622,0.516589263,26,3,West,46.82372211,58.73842343
No,60.04434135,0,9887,0.507349221,40,1,Eastern Islands,37.50387303,61.06434135
No,38.98154613,0,17961,0.509821716,20,4,Eastern Islands,46.69690929,40.00154613
No,54.167595,1,10222,0.543062224,34,3,West,64.05339764,55.187595
No,46.15816435,0,11800,0.519159339,53,5,Northern Rim,54.3595519,47.17816435
No,32.91695743,0,9080,0.474558178,31,4,West,66.15747965,33.93695743
No,51.0359311,0,15256,0.510577149,42,3,West,68.51190436,52.0559311
No,55.36770521,0,8426,0.514563952,33,4,Eastern Islands,58.92678487,56.38770521
No,67.60020927,0,7266,0.509157207,67,4,Northern Rim,58.42834207,68.62020927
No,73.93378904,0,8958,0.51740629,45,3,West,48.93175296,74.95378904
No,55.63458695,0,9111,0.482500141,18,3,Northern Rim,61.55687841,56.65458695
No,49.14402134,0,9840,0.537525204,35,3,Northern Rim,47.17502529,50.16402134
No,53.36838818,0,11724,0.517708373,71,2,Northern Rim,53.35486934,54.38838818
No,45.26488092,0,6862,0.524980151,32,4,Eastern Islands,63.97601091,46.28488092
No,59.97048417,0,13085,0.532022442,30,1,Northern Rim,63.06482655,60.99048417
No,53.36813984,1,5821,0.493687283,30,4,Northern Rim,59.62402711,54.38813984
No,57.18115142,0,10698,0.48116914,49,4,Northern Rim,59.96186423,58.20115142
No,33.30803131,0,15108,0.511978414,44,4,Eastern Islands,54.96842757,34.32803131
No,56.87460563,0,9232,0.517968648,53,3,West,50.73373089,57.89460563
No,56.61469744,0,7848,0.525913641,18,3,Eastern Islands,55.33254662,57.63469744
No,54.74033672,0,100,0.48236362,18,4,Eastern Islands,58.85181398,55.76033672
No,56.58230368,0,13155,0.520897522,61,2,West,60.03986995,57.60230368
No,49.62991993,0,12272,0.512486385,60,4,Eastern Islands,43.74435463,50.64991993
No,58.52061594,1,4888,0.503650577,59,4,Eastern Islands,66.02890073,59.54061594
No,45.49438383,0,100,0.508215842,18,4,Eastern Islands,52.44791541,46.51438383
No,62.56325844,0,3024,0.535611878,50,3,Northern Rim,63.48846319,63.58325844
No,46.91931821,0,9379,0.519260798,49,3,Eastern Islands,59.30988506,47.93931821
No,48.74788214,0,6535,0.523883305,46,4,West,50.34594978,49.76788214
No,54.77989804,0,1071,0.520816712,21,2,Northern Rim,46.32634899,55.79989804
No,41.3690789,0,9392,0.508953091,43,3,Eastern Islands,60.18159496,42.3890789
No,44.84756577,0,8612,0.506382076,37,3,Eastern Islands,62.58793524,45.86756577
No,50.64855921,0,13785,0.496765696,26,4,West,63.57936903,51.66855921
No,50.25062223,0,11975,0.481607849,63,3,Eastern Islands,64.53410179,51.27062223
No,62.91551302,0,14960,0.494885178,44,1,Northern Rim,62.17136892,63.93551302
No,41.75495318,0,20800,0.503427912,62,3,West,64.81868763,42.77495318
No,47.75823012,0,6916,0.543699377,29,4,Eastern Islands,54.74965758,48.77823012
No,54.29632056,0,6347,0.514690022,20,4,West,61.63425479,55.31632056
No,44.24580518,0,5586,0.516153318,56,4,West,62.79312772,45.26580518
No,51.87250866,0,1631,0.501634273,37,3,Eastern Islands,63.96229669,52.89250866
No,34.56850222,0,10680,0.507745787,31,4,West,63.11145122,35.58850222
No,44.85609411,0,12661,0.547417658,18,5,Eastern Islands,53.59782454,45.87609411
No,59.35246841,0,12885,0.522442848,47,5,Northern Rim,46.84718231,60.37246841
No,59.98785804,1,10985,0.537692347,55,4,West,61.55950234,61.00785804
No,41.84953882,1,9250,0.525665436,70,3,Eastern Islands,60.03055119,42.86953882
No,53.48862414,0,9980,0.494877472,35,3,Eastern Islands,54.24689911,54.50862414
No,51.78663052,0,15800,0.504428387,29,1,West,66.05875235,52.80663052
No,56.42810592,0,6437,0.554315773,19,4,Eastern Islands,43.63470152,57.44810592
No,57.40086212,0,13005,0.50379773,56,3,West,55.78923849,58.42086212
No,41.40653803,0,9973,0.517935154,48,4,West,60.74258271,42.42653803
No,59.59118232,0,14085,0.486439558,53,4,Northern Rim,61.93466188,60.61118232
No,35.96399594,0,7052,0.495815462,18,4,Northern Rim,60.28024909,36.98399594
No,42.22557052,0,11745,0.516587972,60,4,Northern Rim,59.6884819,43.24557052
No,51.45901452,0,11369,0.504278891,45,2,Northern Rim,52.82629652,52.47901452
No,47.92752201,0,8380,0.521354355,40,3,Eastern Islands,61.64174681,48.94752201
No,36.33937804,0,10620,0.508582894,63,2,Northern Rim,66.42653278,37.35937804
No,35.68055566,0,10482,0.500384318,43,1,Eastern Islands,53.7703229,36.70055566
No,46.10388853,1,6913,0.512288395,57,2,Eastern Islands,53.13486725,47.12388853
No,33.77071771,0,4411,0.549824385,52,6,Eastern Islands,51.59884436,34.79071771
No,59.26544496,0,13095,0.502617728,29,2,Northern Rim,57.61067624,60.28544496
No,47.67656335,0,6230,0.523125294,18,5,West,63.24790388,48.69656335
No,53.13737954,0,7374,0.481491973,35,5,Eastern Islands,56.00426995,54.15737954
No,57.96506851,0,5198,0.512341515,42,4,Eastern Islands,51.93523644,58.98506851
No,50.23946205,0,3099,0.496423267,37,4,Eastern Islands,50.87157507,51.25946205
No,57.62044637,0,15969,0.529443029,31,4,Eastern Islands,58.06269067,58.64044637
No,60.04620627,1,14089,0.519690346,55,3,Northern Rim,51.83501679,61.06620627
No,38.61880875,1,11105,0.516667274,54,2,Northern Rim,51.87717158,39.63880875
No,53.01174328,0,11159,0.507218439,27,3,Eastern Islands,41.40219863,54.03174328
No,51.80307959,1,12517,0.473584328,31,2,Northern Rim,63.5181341,52.82307959
No,54.6334868,0,16281,0.512191962,21,4,Northern Rim,69.78284906,55.6534868
No,66.63444545,0,10605,0.502068857,23,3,Eastern Islands,63.60068922,67.65444545
No,57.40503427,0,14320,0.491801836,34,4,Northern Rim,47.72280061,58.42503427
No,55.14188267,0,9080,0.509590195,18,4,Eastern Islands,50.78683014,56.16188267
No,45.79717244,0,6865,0.470846455,47,5,Northern Rim,57.51275417,46.81717244
No,48.40197445,0,12548,0.551372567,46,6,Eastern Islands,50.71306599,49.42197445
No,53.34259493,0,13090,0.536596318,43,4,West,51.62713373,54.36259493
No,45.13181117,0,1844,0.50414138,20,4,Northern Rim,57.50861781,46.15181117
No,60.36002905,0,6783,0.516537553,44,2,West,54.1036808,61.38002905
No,49.36935765,0,3707,0.495465915,52,3,Eastern Islands,65.22819881,50.38935765
No,45.51049963,0,9200,0.505780047,45,2,Northern Rim,43.38478046,46.53049963
No,42.97481745,0,6046,0.508824403,68,3,West,52.81841414,43.99481745
No,57.12611651,0,10931,0.502912376,18,5,West,64.3594243,58.14611651
No,52.5970713,0,7538,0.550056803,64,4,Eastern Islands,66.49501255,53.6170713
No,47.24249899,0,15129,0.505055279,62,5,Northern Rim,64.61146778,48.26249899
No,46.91588931,1,8159,0.491607292,56,3,Eastern Islands,42.96055338,47.93588931
No,55.40893721,0,11941,0.527480649,18,4,Eastern Islands,63.70736891,56.42893721
No,40.48955891,0,14884,0.522306307,49,4,West,60.64997325,41.50955891
No,43.04673015,0,6956,0.513757262,60,4,West,54.65976166,44.06673015
No,50.15484704,0,7486,0.504102263,36,4,West,64.531824,51.17484704
No,51.30074251,0,11514,0.540385795,54,4,West,48.96064503,52.32074251
No,48.02939107,0,6983,0.501028276,67,4,Eastern Islands,51.21632886,49.04939107
No,36.43184093,0,4865,0.492115257,47,3,Northern Rim,52.1621786,37.45184093
No,45.43304183,0,8118,0.501941366,57,3,Northern Rim,60.78174352,46.45304183
No,39.565658,0,10585,0.510090003,28,3,West,62.2379776,40.585658
No,47.65453747,0,5206,0.507539817,19,3,Northern Rim,51.6952709,48.67453747
No,60.15535377,0,6472,0.517761517,41,3,West,49.92676645,61.17535377
No,58.59793878,0,10424,0.506684363,49,5,West,68.01026272,59.61793878
No,53.60209577,0,14550,0.516391509,38,3,Northern Rim,63.44442215,54.62209577
No,46.20199244,0,14459,0.541840658,38,3,Northern Rim,53.99675069,47.22199244
No,62.18924031,0,1692,0.510087204,43,2,Northern Rim,61.83531911,63.20924031
No,55.86117645,0,15101,0.456167146,50,4,West,56.24930446,56.88117645
No,48.31820032,0,11660,0.484455427,18,1,West,61.75380927,49.33820032
No,62.5396544,0,3546,0.511338468,35,3,West,54.06513873,63.5596544
No,57.15848524,0,7536,0.494443038,18,3,West,63.48727817,58.17848524
No,60.57182412,0,14646,0.511143455,38,3,West,48.68792602,61.59182412
No,52.4020327,0,8204,0.550108986,40,5,Eastern Islands,53.98887957,53.4220327
No,61.09806701,1,8602,0.523251785,22,2,Eastern Islands,60.77204806,62.11806701
No,39.12858943,0,11453,0.504556297,41,3,West,56.95219765,40.14858943
No,48.06119874,0,4951,0.541973906,18,3,Eastern Islands,54.18621986,49.08119874
No,52.30515355,0,12305,0.526623837,45,4,West,66.94030227,53.32515355
No,48.71531333,0,6176,0.468281104,23,3,Eastern Islands,62.63213744,49.73531333
No,61.80887807,0,15156,0.520360431,18,2,Northern Rim,56.30369968,62.82887807
No,61.2624697,0,8848,0.497987422,43,5,Northern Rim,57.06706706,62.2824697
No,46.33200121,1,15983,0.525190041,18,4,Eastern Islands,58.2332613,47.35200121
No,49.36032026,0,3576,0.526529429,65,4,West,50.8370568,50.38032026
No,41.45622014,0,2841,0.537556977,28,3,West,60.7662133,42.47622014
No,54.80169043,0,13034,0.470075014,38,5,West,61.49618271,55.82169043
No,57.40572901,0,8358,0.502860144,40,4,Eastern Islands,60.63705441,58.42572901
No,30.66236252,0,11226,0.526687628,55,2,Eastern Islands,46.79471477,31.68236252
No,48.06914553,0,4285,0.505628982,47,3,Northern Rim,46.57965909,49.08914553
No,50.3423029,0,10724,0.488422984,53,4,Eastern Islands,41.45732068,51.3623029
No,56.38510424,0,13013,0.511238769,49,4,Northern Rim,56.29950864,57.40510424
No,32.03061505,0,7733,0.495425218,44,3,Northern Rim,55.00171878,33.05061505
No,48.4341902,0,5863,0.501779111,37,2,Eastern Islands,56.14004976,49.4541902
No,38.37183294,0,3190,0.540595776,63,3,West,67.91587663,39.39183294
No,57.87737262,0,13462,0.51632949,35,3,Northern Rim,67.36346406,58.89737262
No,52.68881035,0,20010,0.523470527,29,3,West,46.40253333,53.70881035
No,54.89594196,1,13425,0.518359981,34,4,Northern Rim,60.27137322,55.91594196
No,39.68220925,0,5799,0.506703209,44,2,Northern Rim,68.00294355,40.70220925
No,41.80558872,1,10545,0.532748322,36,4,Northern Rim,45.71984675,42.82558872
No,36.41038563,0,12542,0.515533115,47,4,West,50.44477984,37.43038563
No,44.38117389,0,8554,0.492384295,44,4,Northern Rim,58.74165635,45.40117389
No,67.51768583,1,13211,0.514875781,46,4,Northern Rim,49.69347372,68.53768583
No,45.53814823,0,9371,0.495370492,66,4,Northern Rim,42.63476252,46.55814823
No,52.58489869,0,13325,0.541557058,18,4,West,60.97805623,53.60489869
No,42.19433993,0,100,0.52213399,39,5,Northern Rim,66.21839944,43.21433993
No,49.64229782,0,15597,0.51658091,57,4,Eastern Islands,60.5222877,50.66229782
No,57.67134961,0,14428,0.54415972,76,4,Northern Rim,53.77606112,58.69134961
No,44.10545704,0,3967,0.52609955,19,4,Eastern Islands,65.4096468,45.12545704
No,40.22399443,0,10347,0.507438508,66,4,Northern Rim,70.03650079,41.24399443
No,34.09452178,0,14117,0.506331087,32,4,Northern Rim,51.83644416,35.11452178
No,46.15196795,0,9509,0.540960779,44,2,Northern Rim,52.25708283,47.17196795
No,53.40820165,0,20864,0.49034909,30,3,Eastern Islands,59.7727446,54.42820165
No,53.84490689,0,6484,0.523470723,40,3,Eastern Islands,58.35000165,54.86490689
No,36.39439761,0,9765,0.510730795,43,5,West,45.10580525,37.41439761
No,46.347556,0,9127,0.511555292,46,1,West,47.97226807,47.367556
No,50.36373555,0,8494,0.504163853,18,3,Eastern Islands,57.37911362,51.38373555
No,43.58429882,0,11253,0.471329796,30,4,Northern Rim,51.82944371,44.60429882
No,71.24508436,0,9072,0.4969857,39,4,Northern Rim,56.7115599,72.26508436
No,38.19406194,0,4335,0.510219995,42,3,Eastern Islands,50.80084109,39.21406194
No,55.01562215,0,5013,0.533866469,29,4,West,48.46456001,56.03562215
No,43.07563809,0,16166,0.49549253,46,5,Northern Rim,57.08762771,44.09563809
No,45.2232489,0,13237,0.508703353,51,3,West,56.60037617,46.2432489
No,48.25823806,0,4432,0.51731872,71,4,Northern Rim,66.12704097,49.27823806
No,44.68100141,0,6398,0.52415239,32,4,Eastern Islands,50.2983904,45.70100141
No,40.70775924,0,5656,0.526843019,54,3,Northern Rim,54.13569674,41.72775924
No,48.68109538,0,4446,0.515765693,51,3,Northern Rim,53.017899,49.70109538
No,43.83008393,0,8359,0.492204582,40,4,West,57.15634745,44.85008393
No,50.96851162,0,9354,0.489106964,56,3,Northern Rim,42.59856046,51.98851162
No,49.41884363,0,7044,0.494517528,37,4,West,60.65690767,50.43884363
No,56.66303579,0,4448,0.528959312,51,2,Northern Rim,61.24626306,57.68303579
No,55.06801832,1,12204,0.515451185,38,4,Eastern Islands,57.64755566,56.08801832
No,53.02097766,1,16002,0.490551431,30,4,West,67.88590551,54.04097766
No,63.05281337,0,10041,0.515637762,53,3,West,55.60608811,64.07281337
No,49.12618984,0,11832,0.504886138,54,3,Northern Rim,58.924754,50.14618984
No,58.73802238,0,8200,0.48851561,32,4,West,48.85690886,59.75802238
No,55.71985091,0,12781,0.531320211,64,3,Northern Rim,64.58925501,56.73985091
No,55.18849057,0,18979,0.486204265,18,5,Eastern Islands,51.57371166,56.20849057
No,53.9019899,0,8391,0.512494555,42,4,Northern Rim,57.41214945,54.9219899
No,51.91046729,0,7131,0.480736408,51,3,Northern Rim,60.28005218,52.93046729
No,55.89698524,0,10962,0.533445303,30,3,Eastern Islands,56.09388875,56.91698524
No,42.14853887,0,8446,0.523145029,68,2,West,57.23394673,43.16853887
No,47.01934216,0,13193,0.510773266,50,4,Eastern Islands,57.22677377,48.03934216
No,53.98598252,0,14182,0.494670049,18,4,Eastern Islands,61.7243155,55.00598252
No,67.6983285,0,11008,0.548340864,74,3,Northern Rim,62.12319775,68.7183285
No,48.14352448,1,11071,0.472675205,18,3,Eastern Islands,60.01311948,49.16352448
No,63.94344251,0,9301,0.521978912,40,4,Eastern Islands,52.45613278,64.96344251
No,45.92873692,0,14285,0.490930783,78,4,Eastern Islands,63.33501457,46.94873692
No,50.91086984,0,4411,0.513577809,45,3,West,60.77261759,51.93086984
No,48.97820829,0,13112,0.482008891,37,4,West,52.88010531,49.99820829
No,48.17828997,0,9774,0.564977716,58,2,Eastern Islands,58.92495481,49.19828997
No,36.20248411,0,9087,0.500348259,38,4,Northern Rim,56.18044901,37.22248411
No,51.68864869,0,9754,0.51815439,27,4,Eastern Islands,59.3838757,52.70864869
No,47.81352566,0,5474,0.505723178,40,3,Northern Rim,55.2272601,48.83352566
No,47.66470088,0,8423,0.514144269,18,4,Eastern Islands,65.54673082,48.68470088
No,53.87715901,0,14677,0.517068338,18,5,Eastern Islands,53.74418129,54.89715901
No,53.83329259,0,10828,0.501879555,48,5,West,52.04340459,54.85329259
No,51.92107471,0,14364,0.505189751,31,3,West,53.85051001,52.94107471
No,41.26472017,0,12106,0.496897739,31,3,Northern Rim,63.86166993,42.28472017
No,58.3053448,0,12818,0.526227297,45,3,Northern Rim,43.49268817,59.3253448
No,55.76507716,0,9629,0.526717582,53,2,Northern Rim,45.1057371,56.78507716
No,56.63746988,0,9903,0.509498781,66,4,West,49.93356351,57.65746988
No,44.87489738,0,15030,0.514534287,47,4,Eastern Islands,69.37726077,45.89489738
No,50.91810095,0,16590,0.544350109,24,4,Eastern Islands,51.33677819,51.93810095
No,47.04028874,0,14773,0.481230991,51,3,Eastern Islands,57.98735946,48.06028874
No,50.6778194,0,14813,0.492630033,40,6,West,63.32765536,51.6978194
No,50.48673188,0,11278,0.482999316,41,4,Northern Rim,57.85570778,51.50673188
No,52.8853671,0,14976,0.538949953,36,3,West,57.37507464,53.9053671
No,58.22844341,0,8250,0.484074399,47,6,West,52.62852053,59.24844341
No,69.9160958,0,10902,0.518429541,39,3,West,64.93762221,70.9360958
No,65.58350659,0,15323,0.480806447,60,1,Northern Rim,57.36023077,66.60350659
No,61.4784233,0,15776,0.472758936,45,3,West,55.82119564,62.4984233
No,51.35715626,1,11079,0.525848357,58,3,West,59.7159118,52.37715626
No,43.45347011,0,8718,0.537202109,70,4,Eastern Islands,52.07523716,44.47347011
No,49.65904897,0,15361,0.490862402,18,3,Eastern Islands,59.60539447,50.67904897
No,52.41018361,1,12390,0.501648752,45,3,Eastern Islands,66.45094005,53.43018361
No,46.19496032,0,9488,0.481007948,53,4,Eastern Islands,55.89944686,47.21496032
No,42.38627584,0,11400,0.503315963,54,6,Northern Rim,55.17076775,43.40627584
No,68.65557387,0,7840,0.505067825,35,5,West,53.85692921,69.67557387
No,53.69108063,0,5674,0.505482961,47,3,West,46.70169755,54.71108063
No,44.57270798,0,10437,0.512598963,52,3,Eastern Islands,58.73232482,45.59270798
No,57.21152246,0,8309,0.46957685,43,4,Eastern Islands,54.35706124,58.23152246
No,46.62701448,0,6188,0.51512953,30,2,Northern Rim,49.56615296,47.64701448
No,55.20613961,0,3011,0.523908958,25,4,Eastern Islands,66.98560857,56.22613961
No,49.16259435,0,18099,0.506150553,38,4,West,56.59552659,50.18259435
No,46.01498821,0,12997,0.534492306,35,4,West,60.91389709,47.03498821
No,42.15509279,1,6846,0.539997711,18,2,Eastern Islands,54.05417023,43.17509279
No,46.45692232,0,7365,0.541277457,62,3,Northern Rim,61.27146721,47.47692232
No,44.46102807,0,16707,0.525702696,62,5,West,63.47911893,45.48102807
No,54.3686738,0,9157,0.520180965,66,2,West,54.32887116,55.3886738
No,53.01253171,0,7699,0.511855992,58,4,West,54.01790637,54.03253171
No,54.48630356,0,11084,0.491087942,33,3,Eastern Islands,55.72998529,55.50630356
No,43.89847929,0,9166,0.523026798,35,4,Northern Rim,63.82942255,44.91847929
No,53.20415539,0,10128,0.53921541,69,3,Northern Rim,48.39226734,54.22415539
No,53.92430369,0,5749,0.490255337,40,6,Eastern Islands,60.92431766,54.94430369
No,50.55283082,0,12533,0.510291958,36,3,Northern Rim,65.91041598,51.57283082
No,52.07804367,0,6044,0.5211034,45,4,West,59.21145777,53.09804367
No,56.27255563,1,7608,0.541914188,56,5,West,59.66231719,57.29255563
No,45.95566666,0,16915,0.494432595,40,3,Northern Rim,62.38876248,46.97566666
No,63.43010595,0,6877,0.517998928,40,3,West,59.85151681,64.45010595
No,38.89506239,1,10422,0.480807339,49,4,West,60.77477742,39.91506239
No,54.28919979,0,11720,0.468109879,53,3,Eastern Islands,51.92416743,55.30919979
No,66.43161947,1,12184,0.495192942,43,5,Northern Rim,61.15378612,67.45161947
No,50.23244847,0,15105,0.525184138,19,4,Northern Rim,54.52591315,51.25244847
No,45.21278108,0,6318,0.486309292,36,5,Eastern Islands,59.61662978,46.23278108
No,57.84465988,0,14369,0.492443193,65,5,West,61.67249465,58.86465988
No,53.79156026,1,14012,0.522557476,47,4,Northern Rim,57.33978057,54.81156026
No,52.87512531,0,15875,0.498572878,44,3,Eastern Islands,58.46540971,53.89512531
No,62.57425287,0,15208,0.500296695,60,4,West,62.13668239,63.59425287
No,60.58603679,0,14760,0.504315168,54,5,West,49.28293555,61.60603679
No,58.72072979,0,8241,0.532449197,65,4,Eastern Islands,45.40090037,59.74072979
No,60.68213131,0,11625,0.535142924,61,3,Eastern Islands,52.29068173,61.70213131
No,44.63767537,0,5491,0.505284306,71,2,West,61.95534963,45.65767537
No,40.17333474,0,14748,0.508016204,52,3,West,51.46006161,41.19333474
No,58.32862477,0,10229,0.502739046,71,5,West,62.76274237,59.34862477
No,51.6227236,1,17377,0.501147848,41,4,Northern Rim,61.76155751,52.6427236
No,61.15675301,0,11443,0.492347511,40,1,Northern Rim,65.8002833,62.17675301
No,52.84797609,0,5971,0.488080932,19,3,Eastern Islands,59.93667037,53.86797609
No,51.28557683,0,9595,0.539617974,48,4,West,62.40959674,52.30557683
No,53.79178768,0,11449,0.500245404,40,5,West,54.01172646,54.81178768
No,39.07061858,0,12962,0.483320631,45,3,Northern Rim,60.16112798,40.09061858
No,37.04086408,0,7255,0.542320148,51,4,West,49.89332449,38.06086408
No,43.62097353,0,13232,0.495111571,34,4,West,65.05089489,44.64097353
No,53.51108261,1,209,0.475764751,27,4,West,56.05697366,54.53108261
No,43.81084308,0,7308,0.528117408,48,4,West,46.92886426,44.83084308
No,48.43656511,0,17461,0.495900005,24,3,Northern Rim,59.6205712,49.45656511
No,63.30905133,0,12940,0.498556886,40,4,Eastern Islands,54.06175528,64.32905133
No,58.82584743,1,11361,0.504982322,42,3,Eastern Islands,62.91078288,59.84584743
No,49.99115772,0,17774,0.483241042,35,4,Eastern Islands,56.34613623,51.01115772
No,45.48185273,0,13829,0.493240772,42,4,West,61.70530538,46.50185273
No,57.53336601,0,8621,0.521410255,38,3,Eastern Islands,62.06782486,58.55336601
No,45.18951399,0,10162,0.480405747,31,5,Eastern Islands,63.80570901,46.20951399
No,43.05305867,0,6353,0.487260188,55,3,Northern Rim,63.94079304,44.07305867
No,53.6570563,1,12899,0.536381916,35,2,West,54.86527675,54.6770563
No,50.29608973,0,5250,0.502421883,50,4,West,60.64524775,51.31608973
No,48.20410856,0,4545,0.486965162,21,2,Eastern Islands,68.84873993,49.22410856
No,47.63017193,0,13588,0.512813197,26,3,Northern Rim,59.42240426,48.65017193
No,53.81069097,0,13205,0.489705503,64,4,Northern Rim,49.94089059,54.83069097
No,49.81196098,0,11033,0.48077665,43,5,West,63.89811722,50.83196098
No,65.76572591,0,17410,0.518425797,51,2,West,65.34870138,66.78572591
No,46.92082074,0,11428,0.520869201,52,4,West,51.2005647,47.94082074
No,59.56336365,0,10693,0.50763419,39,2,Eastern Islands,66.07461607,60.58336365
No,41.23579325,0,16728,0.505867432,34,2,Eastern Islands,67.94836575,42.25579325
No,45.07792072,1,6629,0.48139925,37,4,West,54.5762607,46.09792072
No,53.04166019,0,2880,0.482549568,43,2,West,56.58373387,54.06166019
No,49.70574057,0,15672,0.461323478,75,4,Northern Rim,61.01307792,50.72574057
No,58.75090068,0,13687,0.52327423,55,3,Eastern Islands,47.82544912,59.77090068
No,61.90722136,0,14455,0.496012204,49,5,Northern Rim,58.38068543,62.92722136
No,48.8575936,0,5369,0.515408639,65,4,West,65.7000975,49.8775936
No,59.41855092,0,10702,0.546723629,52,3,West,80.59817177,60.43855092
No,68.13321649,0,11382,0.498929233,57,5,Eastern Islands,65.10886037,69.15321649
No,46.4389726,0,7982,0.508352363,56,3,Eastern Islands,55.45542647,47.4589726
No,60.50647136,0,8693,0.497456867,18,4,Eastern Islands,59.56839961,61.52647136
No,53.02737774,0,7519,0.514353431,47,2,Eastern Islands,66.72668275,54.04737774
No,56.10189592,0,12747,0.524515337,29,2,Northern Rim,65.2744252,57.12189592
No,48.0368634,0,14998,0.51106912,37,4,Eastern Islands,52.13697408,49.0568634
No,61.08424461,0,18342,0.491863986,24,4,Northern Rim,52.79667027,62.10424461
No,37.99159153,0,5788,0.509833092,22,3,Eastern Islands,57.50052053,39.01159153
No,48.78468771,0,13505,0.523994546,40,5,Eastern Islands,57.46592891,49.80468771
No,51.87146974,0,4882,0.50604416,23,4,West,60.1295373,52.89146974
No,42.44944444,0,12316,0.537209879,54,5,Eastern Islands,46.30002616,43.46944444
No,60.05500658,0,10023,0.493064624,42,3,West,62.96420883,61.07500658
No,59.11204895,0,10130,0.531631456,41,5,West,40.15136897,60.13204895
No,39.51690134,0,4403,0.516005633,65,3,Northern Rim,61.55843422,40.53690134
No,50.60943979,0,7507,0.514476822,53,3,Eastern Islands,63.58020004,51.62943979
No,52.55415507,0,19259,0.535183451,18,4,West,62.03637982,53.57415507
No,52.01780711,0,8960,0.507740938,60,2,Northern Rim,60.4297674,53.03780711
No,63.00320474,0,14125,0.50842563,28,3,Eastern Islands,50.41431058,64.02320474
No,49.75454163,0,9403,0.496481414,52,2,West,63.75718779,50.77454163
No,43.78436619,0,16249,0.497760594,38,2,West,56.78698555,44.80436619
No,58.56116633,0,10809,0.499762646,65,3,Northern Rim,66.17018048,59.58116633
No,55.78298456,0,15541,0.478509392,23,4,West,62.03114614,56.80298456
No,61.62246518,0,8567,0.499614764,51,4,Eastern Islands,70.54163829,62.64246518
No,64.47280334,0,9334,0.471920759,18,2,Northern Rim,56.83590824,65.49280334
No,47.50386258,0,10305,0.54777373,58,2,Eastern Islands,63.60960705,48.52386258
No,49.10606115,0,8291,0.548013218,34,4,Eastern Islands,54.89006612,50.12606115
No,63.70323573,0,11985,0.525124274,46,7,Eastern Islands,55.83554683,64.72323573
No,54.75085935,0,9035,0.495824634,18,4,Northern Rim,57.46476874,55.77085935
No,55.74947704,0,12734,0.52305492,35,3,West,58.0320779,56.76947704
No,60.83475265,0,12320,0.501142447,57,4,West,66.32506753,61.85475265
No,45.25948865,0,5604,0.491580371,37,2,Northern Rim,62.423715,46.27948865
No,43.98740647,0,12493,0.51748396,86,4,Northern Rim,53.21821651,45.00740647
No,60.44618654,0,8295,0.538816407,43,3,Northern Rim,57.81069315,61.46618654
No,45.27388962,0,11961,0.551641976,18,3,West,56.92520836,46.29388962
No,58.1999094,0,15760,0.51473973,44,2,Eastern Islands,62.20395016,59.2199094
No,62.31904762,0,5336,0.466491887,57,6,Northern Rim,64.43776578,63.33904762
No,35.2524233,0,9922,0.472908228,24,2,Eastern Islands,59.91928967,36.2724233
No,55.09608599,0,9226,0.50417439,60,3,West,44.20583222,56.11608599
No,62.93544376,0,3654,0.492923675,31,4,Northern Rim,46.72831212,63.95544376
No,48.24019778,0,7597,0.492730656,42,5,West,70.01457783,49.26019778
No,50.07779024,0,13972,0.472955547,35,4,Eastern Islands,65.00277483,51.09779024
No,44.08688342,0,7125,0.52671389,64,3,Northern Rim,54.21836274,45.10688342
No,53.47567585,0,4800,0.492553147,18,3,West,59.56960323,54.49567585
No,47.36500442,0,12514,0.533832547,53,3,Northern Rim,55.84696358,48.38500442
No,63.35309241,1,6876,0.521739911,40,3,Northern Rim,73.66514331,64.37309241
No,55.62739468,0,14631,0.4970469,49,3,Northern Rim,39.70587866,56.64739468
No,36.47370658,0,8986,0.505649291,56,4,West,75.83688291,37.49370658
No,17.25695521,1,10256,0.526980778,45,5,West,56.05557171,18.27695521
No,49.65603272,0,13189,0.531509487,18,2,Eastern Islands,47.38263941,50.67603272
No,45.73318213,0,7835,0.561517433,39,3,Northern Rim,73.01994,46.75318213
No,35.69560973,0,12619,0.529320503,58,3,Northern Rim,63.2378673,36.71560973
No,54.75735119,0,5269,0.499851832,26,5,Northern Rim,55.68380364,55.77735119
No,54.80225934,0,10347,0.514031824,56,4,Eastern Islands,61.62539469,55.82225934
No,53.979017,0,8783,0.52498138,39,5,West,57.71954626,54.999017
No,49.56965135,0,5930,0.533018892,50,3,Eastern Islands,52.02515205,50.58965135
No,56.38844427,0,6847,0.48069686,24,4,Northern Rim,49.05483452,57.40844427
No,57.61817853,0,11397,0.50589841,42,4,West,61.58426082,58.63817853
No,41.7025881,0,9165,0.525994751,51,4,Northern Rim,71.7451193,42.7225881
No,51.51300603,1,10634,0.506628842,26,3,Eastern Islands,63.99467926,52.53300603
No,40.95782187,0,6252,0.535413991,18,2,West,62.55499153,41.97782187
No,62.72293016,0,6684,0.549739447,33,5,West,46.67978643,63.74293016
No,48.66256617,0,6351,0.53192791,52,3,Northern Rim,55.12235264,49.68256617
No,47.76349229,0,1843,0.536940354,31,5,Eastern Islands,51.25079135,48.78349229
No,46.51916542,0,3632,0.506379598,30,5,West,55.78069785,47.53916542
No,36.39862125,0,5115,0.506109492,18,2,Eastern Islands,50.17481859,37.41862125
No,46.7511623,0,7552,0.504924517,27,2,Northern Rim,57.44647267,47.7711623
No,42.5114537,0,14890,0.533548225,27,4,Eastern Islands,48.76347546,43.5314537
No,53.34948899,0,188,0.525747948,54,3,West,59.3351109,54.36948899
No,44.77122696,0,20441,0.515818719,53,4,Northern Rim,61.6294189,45.79122696
No,55.52875308,0,3978,0.468001002,41,5,West,42.79493338,56.54875308
No,56.04106242,0,8750,0.506101074,33,4,Northern Rim,72.6900187,57.06106242
No,59.64226337,0,6751,0.494274549,23,3,West,64.68416233,60.66226337
No,32.68020871,0,9495,0.510268219,58,3,Eastern Islands,71.74340867,33.70020871
No,46.5009967,0,18526,0.512579878,18,3,West,67.20068553,47.5209967
No,46.5837434,0,10002,0.517438773,58,3,Northern Rim,57.40981963,47.6037434
No,55.73930128,0,7135,0.505007379,36,2,Northern Rim,58.17244919,56.75930128
No,44.12289277,1,5874,0.541041954,57,4,Eastern Islands,39.20004052,45.14289277
No,42.32194146,0,11911,0.52177564,19,2,West,66.4570114,43.34194146
No,44.0397133,0,7638,0.499198692,45,3,Northern Rim,51.52390879,45.0597133
No,42.72385159,0,4867,0.520858393,50,3,West,49.90771159,43.74385159
No,50.86054268,0,13300,0.521959128,40,4,Eastern Islands,67.85229379,51.88054268
No,56.97887387,0,7475,0.521631263,56,3,West,47.39053413,57.99887387
No,54.60147315,0,8181,0.538800877,21,1,Eastern Islands,69.58059712,55.62147315
No,56.99932113,0,11627,0.499197639,21,4,Northern Rim,70.16769985,58.01932113
No,52.72682513,0,9737,0.488185407,66,3,Northern Rim,60.0326336,53.74682513
No,46.67038942,0,5091,0.532077527,51,4,Northern Rim,51.12854052,47.69038942
No,60.01236178,0,9827,0.540680418,50,3,Northern Rim,55.57179604,61.03236178
No,58.65090032,0,6834,0.530836986,63,5,Northern Rim,56.53079877,59.67090032
No,58.61169594,0,10058,0.501476262,56,3,Northern Rim,57.57113649,59.63169594
No,47.16963626,0,10837,0.512285702,37,2,Eastern Islands,68.19886611,48.18963626
No,49.5553262,0,11078,0.51464378,41,1,Northern Rim,50.8428556,50.5753262
No,45.6196281,0,13103,0.523712052,19,4,Northern Rim,59.87740375,46.6396281
No,51.24454852,0,10106,0.529641737,59,4,Northern Rim,78.36303247,52.26454852
No,47.07163548,1,12668,0.505149499,18,5,Eastern Islands,51.78703484,48.09163548
No,41.03960049,0,12971,0.546528503,53,5,Eastern Islands,55.34211719,42.05960049
No,59.81437631,0,15638,0.514247354,50,3,Eastern Islands,53.06085172,60.83437631
No,49.51178431,0,6394,0.485287887,53,5,Northern Rim,52.33470289,50.53178431
No,48.02819752,0,17996,0.525405849,18,4,Eastern Islands,63.90681936,49.04819752
No,34.85025006,0,16224,0.509184665,35,4,West,46.79414621,35.87025006
No,55.63335356,0,9646,0.517530291,40,5,Northern Rim,65.19328227,56.65335356
No,34.66813762,0,10891,0.523919075,56,4,Eastern Islands,56.07666854,35.68813762
No,44.24336761,0,10023,0.522254449,37,2,Eastern Islands,54.82867709,45.26336761
No,57.09626605,1,18183,0.514257887,47,4,West,51.24992885,58.11626605
No,48.07707557,0,9550,0.504536206,32,5,Northern Rim,62.30777527,49.09707557
No,43.7051433,0,8959,0.529143995,25,4,West,47.36187049,44.7251433
No,56.74388241,0,8510,0.560685324,18,3,West,60.17105493,57.76388241
No,53.07487706,0,8658,0.525705474,32,3,Northern Rim,58.15930168,54.09487706
No,38.81193714,0,5771,0.510773162,49,4,Eastern Islands,55.04924413,39.83193714
No,43.41451109,0,8764,0.529878954,41,5,Eastern Islands,55.17187703,44.43451109
No,49.12644046,0,9161,0.506426159,64,3,West,51.11520633,50.14644046
No,61.00006448,0,6535,0.491200182,41,3,West,47.97177803,62.02006448
No,42.97161991,0,14447,0.512944825,44,4,West,60.43704069,43.99161991
No,41.55262112,0,10878,0.50374511,51,4,Eastern Islands,43.26556831,42.57262112
No,59.29676059,0,11637,0.515478684,59,4,Eastern Islands,56.26963804,60.31676059
No,48.22089645,0,10746,0.537563592,27,3,West,71.58035478,49.24089645
No,53.36130966,0,5979,0.526857995,52,3,West,71.55411988,54.38130966
No,62.85450016,0,7171,0.540636496,54,2,West,62.79291463,63.87450016
No,53.26903892,0,2448,0.502040003,33,4,Northern Rim,50.89352118,54.28903892
No,38.23373351,0,9597,0.5106546,46,3,West,43.58343779,39.25373351
No,55.97239763,0,12422,0.501416789,30,4,Eastern Islands,64.06842238,56.99239763
No,42.19824236,0,5885,0.509974489,37,4,Eastern Islands,42.97677602,43.21824236
No,56.14456367,0,13122,0.510967974,65,4,Northern Rim,52.83571836,57.16456367
No,47.53474312,1,17462,0.476367005,29,3,Eastern Islands,57.53173658,48.55474312
No,40.97578362,0,6647,0.512473321,41,3,West,54.69481327,41.99578362
No,46.82049764,0,4616,0.513420201,34,5,Northern Rim,53.43228966,47.84049764
No,56.17922308,0,4030,0.481156839,38,3,Eastern Islands,63.96173884,57.19922308
No,52.91218038,0,5483,0.496534319,47,4,Northern Rim,57.52118112,53.93218038
No,50.00925463,0,7894,0.507279404,47,3,Northern Rim,58.57082669,51.02925463
No,36.90247915,0,7238,0.498669795,37,4,Northern Rim,45.38562988,37.92247915
No,40.49923221,0,9040,0.481823954,33,3,West,53.87276953,41.51923221
No,53.63862454,0,1882,0.476706019,18,3,Eastern Islands,62.55308907,54.65862454
No,45.90811618,0,14765,0.487896709,29,3,West,52.61194586,46.92811618
No,39.37472006,0,11281,0.528568494,32,2,Eastern Islands,52.16107367,40.39472006
No,55.0469843,0,13177,0.495574657,18,3,Northern Rim,58.49730593,56.0669843
No,44.46582374,0,12288,0.504410154,35,4,Eastern Islands,62.19673573,45.48582374
No,42.99518264,0,7521,0.491488493,51,3,Northern Rim,48.97601389,44.01518264
No,64.76436684,0,12331,0.529239448,61,4,Northern Rim,62.0099431,65.78436684
No,53.15245663,1,10346,0.492608364,22,5,Northern Rim,61.91328048,54.17245663
No,47.56305904,1,16207,0.53043032,45,3,Northern Rim,68.04785663,48.58305904
No,53.15775044,0,8125,0.505886205,45,2,Eastern Islands,59.75626963,54.17775044
No,40.29711737,0,8192,0.527891398,43,1,Eastern Islands,53.85401255,41.31711737
No,40.1971925,0,12741,0.505412971,57,3,Eastern Islands,60.9854467,41.2171925
No,52.32318061,0,11516,0.516903962,78,5,Northern Rim,57.41887709,53.34318061
No,50.36810918,0,4046,0.527477382,60,3,West,48.38012115,51.38810918
No,58.68055072,0,7175,0.532077334,18,4,Eastern Islands,46.76833838,59.70055072
No,37.76965186,0,8642,0.521919843,40,4,Northern Rim,46.87328648,38.78965186
No,47.23833349,0,14108,0.51669275,49,3,Northern Rim,61.60045683,48.25833349
No,61.81290288,0,15507,0.514163951,43,2,Northern Rim,57.58861086,62.83290288
No,42.18393893,0,5122,0.512749788,29,4,Eastern Islands,68.2002013,43.20393893
No,62.63379594,0,18961,0.513946302,52,3,Eastern Islands,60.78784545,63.65379594
No,51.07111497,0,15228,0.495892243,26,4,Eastern Islands,66.18619379,52.09111497
No,51.18549179,0,12632,0.471712203,35,3,West,57.92600662,52.20549179
No,50.05049808,1,8286,0.538950832,37,2,West,54.59024367,51.07049808
No,63.55345045,0,7131,0.47069814,56,4,Northern Rim,69.18639837,64.57345045
No,51.01017273,0,11844,0.527403013,37,3,Eastern Islands,57.47565716,52.03017273
No,65.08414323,0,10006,0.511609599,41,4,Eastern Islands,63.82692839,66.10414323
No,61.78638521,0,10899,0.514947947,44,3,West,60.71163837,62.80638521
No,60.52612756,0,13827,0.509561381,33,5,Eastern Islands,52.78300448,61.54612756
No,53.14248792,0,7505,0.518345883,97,3,West,51.35533896,54.16248792
No,60.25043481,0,13471,0.525143199,41,2,West,55.01868636,61.27043481
No,46.89376824,0,6415,0.562154412,67,5,Northern Rim,49.82549246,47.91376824
No,63.98862572,0,7673,0.489916918,55,4,Eastern Islands,60.77793624,65.00862572
No,55.54469536,0,14713,0.525632787,18,3,Eastern Islands,56.5824375,56.56469536
No,47.41233499,0,6516,0.508856809,40,4,Northern Rim,64.33662012,48.43233499
No,48.1994711,1,14758,0.49613326,72,4,Northern Rim,57.393543,49.2194711
No,54.09162347,0,11173,0.481606729,74,4,Northern Rim,53.53068712,55.11162347
No,46.03843013,0,6524,0.508346665,46,4,West,66.80131408,47.05843013
No,63.91665682,0,9692,0.537468572,59,3,Eastern Islands,51.08373129,64.93665682
No,46.69704411,0,11770,0.492528581,18,5,Eastern Islands,56.8073354,47.71704411
No,50.15946857,0,7324,0.550314885,39,3,Northern Rim,48.17408938,51.17946857
No,47.68936756,0,6278,0.577232895,46,3,Northern Rim,60.07604951,48.70936756
No,30.98948717,1,10648,0.497529938,18,4,West,61.95383131,32.00948717
No,55.10159661,0,12563,0.519042949,37,3,West,50.50808566,56.12159661
No,42.93644345,0,7291,0.49161564,20,2,West,53.00191293,43.95644345
No,52.27071048,0,12572,0.496491031,40,4,Northern Rim,59.58421376,53.29071048
No,57.98164273,0,14352,0.528080981,26,2,Northern Rim,58.22437409,59.00164273
No,37.00222612,1,3503,0.500155348,53,3,Eastern Islands,61.91946181,38.02222612
No,44.39366111,0,6557,0.499938615,58,3,Eastern Islands,49.78312834,45.41366111
No,29.94981844,0,13070,0.523743342,46,4,Northern Rim,52.2079592,30.96981844
No,43.36420717,0,12879,0.502841125,48,4,Northern Rim,64.42136948,44.38420717
No,45.88738511,0,13838,0.49590348,37,4,Northern Rim,62.41462292,46.90738511
No,52.16445209,0,12251,0.480630735,37,3,Northern Rim,59.90592703,53.18445209
No,44.8670195,0,10974,0.512565195,48,2,Eastern Islands,67.54247816,45.8870195
No,44.32230588,0,7465,0.498853525,28,4,Northern Rim,48.42623172,45.34230588
No,43.96160602,0,14555,0.535848745,47,4,Northern Rim,52.19098957,44.98160602
No,46.67514847,0,6335,0.552337633,42,3,Northern Rim,71.55921624,47.69514847
No,56.18796957,0,10855,0.509062726,40,3,Northern Rim,53.45628414,57.20796957
No,40.51945282,0,9620,0.485187696,64,5,West,58.52846932,41.53945282
No,60.22433931,0,7544,0.509641144,55,5,West,53.31346449,61.24433931
No,54.74542,0,9845,0.519772021,35,3,Eastern Islands,59.00539923,55.76542
No,52.0167944,0,10647,0.525707249,32,1,West,55.46583856,53.0367944
No,61.36155103,0,5277,0.499840374,27,4,West,62.64327301,62.38155103
No,49.01266383,0,8800,0.47410503,58,5,West,57.92536657,50.03266383
No,45.88076133,0,14040,0.482509538,59,3,West,43.09197219,46.90076133
No,52.5860913,0,11567,0.490646413,37,3,West,62.72413836,53.6060913
No,53.44167047,0,13894,0.502322343,33,1,Eastern Islands,52.12155247,54.46167047
No,58.70045628,0,7576,0.497143893,43,5,Northern Rim,63.22786426,59.72045628
No,49.51610875,0,16075,0.492060805,40,5,Eastern Islands,60.28082089,50.53610875
No,45.81475025,0,6524,0.515421408,61,5,Northern Rim,62.54890214,46.83475025
No,46.44013866,0,12627,0.5067748,40,2,Eastern Islands,58.68606055,47.46013866
No,52.30533958,0,13528,0.499989381,21,3,West,55.01788233,53.32533958
No,46.81773639,0,6458,0.530162543,42,3,Eastern Islands,46.48886427,47.83773639
No,50.94685677,0,8941,0.499259912,31,5,Northern Rim,54.04620358,51.96685677
No,48.96748615,1,6589,0.508165494,58,3,Eastern Islands,54.98231704,49.98748615
No,46.64777859,0,3292,0.523746035,29,4,West,70.61922146,47.66777859
No,35.88182628,0,13267,0.512689635,38,3,Eastern Islands,68.11091,36.90182628
No,44.83237459,0,5685,0.514143074,45,4,West,48.67898568,45.85237459
No,43.71118941,0,9724,0.508697418,29,3,Eastern Islands,74.09374034,44.73118941
No,59.11151251,0,7408,0.512816595,63,4,Northern Rim,66.8247303,60.13151251
No,61.47096825,0,7654,0.500719558,39,5,Eastern Islands,52.94615053,62.49096825
No,62.51170423,0,9979,0.507352901,52,1,Northern Rim,57.26765641,63.53170423
No,61.29196605,0,8585,0.496458739,44,4,Northern Rim,73.44175158,62.31196605
No,30.56390829,0,10403,0.528706231,43,3,West,53.25403435,31.58390829
No,37.44348498,0,9436,0.517896618,36,2,West,44.80094078,38.46348498
No,58.03753807,0,11543,0.524407905,43,5,Eastern Islands,74.17885498,59.05753807
No,55.49847516,1,7496,0.511146189,39,2,Northern Rim,61.8038483,56.51847516
No,22.07808301,0,10699,0.497366603,34,2,Eastern Islands,51.72705209,23.09808301
No,56.25843214,0,10042,0.544726901,63,3,West,60.02547613,57.27843214
No,45.58437704,0,4141,0.533427877,38,5,West,41.67940618,46.60437704
No,46.42688064,0,5109,0.517528808,42,3,Northern Rim,53.56321969,47.44688064
No,67.78579381,0,11709,0.490630285,18,1,Eastern Islands,61.02415975,68.80579381
No,59.25495651,0,18756,0.481144727,25,4,Northern Rim,60.48211273,60.27495651
No,49.96568811,0,14497,0.506235747,34,4,Northern Rim,67.14512017,50.98568811
No,44.21425842,0,7981,0.512284912,52,4,Eastern Islands,49.89768824,45.23425842
No,56.72996696,0,15952,0.496533391,72,3,West,56.56988231,57.74996696
No,43.97817229,0,8737,0.496595361,69,4,West,58.67074859,44.99817229
No,51.9523543,0,11834,0.503033488,54,3,Northern Rim,60.46194832,52.9723543
No,68.44630593,0,8071,0.52057699,18,4,West,61.09766946,69.46630593
No,69.08064663,0,13299,0.527330609,20,6,Eastern Islands,59.72914904,70.10064663
No,56.14319935,1,14953,0.506633706,61,2,Northern Rim,44.99139244,57.16319935
No,48.85659682,0,4284,0.521054056,62,4,West,58.31750805,49.87659682
No,40.24899942,0,11268,0.554720597,26,3,Eastern Islands,50.99634252,41.26899942
No,48.56712103,0,14755,0.493146715,25,3,West,60.53952355,49.58712103
No,52.27957034,1,10940,0.51783328,62,5,West,62.16754083,53.29957034
No,44.72319302,0,12044,0.491974474,28,4,Northern Rim,60.86164089,45.74319302
No,54.1382408,0,7829,0.537159676,43,3,Eastern Islands,63.88424674,55.1582408
No,58.06069829,0,8307,0.506509449,20,3,Northern Rim,61.30591339,59.08069829
No,51.5229102,0,13463,0.538996365,44,3,West,61.97439569,52.5429102
No,54.12546137,0,9856,0.523545204,22,3,Northern Rim,56.82260953,55.14546137
No,51.17946935,0,15289,0.545634791,40,4,West,64.43436134,52.19946935
No,39.66210289,0,14036,0.549256518,40,3,Northern Rim,53.77284064,40.68210289
No,42.7518066,0,11719,0.535531472,71,3,Eastern Islands,53.70800862,43.7718066
No,43.58597403,0,19130,0.514202765,57,4,West,63.90708576,44.60597403
No,61.33205332,0,9286,0.532414331,57,4,Eastern Islands,54.38003174,62.35205332
No,48.70296705,1,14272,0.533038964,49,1,West,54.11039882,49.72296705
No,58.5887683,0,7879,0.515506412,22,4,Northern Rim,61.66704249,59.6087683
No,49.06722256,0,13910,0.483813178,57,2,Northern Rim,51.35850766,50.08722256
No,34.71169524,0,11650,0.495663369,37,5,Eastern Islands,58.77945306,35.73169524
No,47.13863415,0,17308,0.503650729,40,3,West,56.13172477,48.15863415
No,49.07995672,0,12129,0.519203641,51,3,West,71.91451371,50.09995672
No,49.53916938,0,15941,0.503227785,31,2,Northern Rim,49.67674872,50.55916938
No,47.20594562,0,12296,0.514221946,38,3,Northern Rim,58.07483237,48.22594562
No,63.38464273,0,7325,0.467730211,27,2,Northern Rim,54.10002532,64.40464273
No,47.87455317,0,9210,0.581677229,46,3,Eastern Islands,51.14799479,48.89455317
No,54.37812506,0,4771,0.526935261,61,5,Northern Rim,64.21009773,55.39812506
No,58.76728449,0,8036,0.540907611,42,4,Eastern Islands,62.86967151,59.78728449
No,43.05601332,0,7756,0.547093072,50,3,Eastern Islands,61.20486218,44.07601332
No,38.08740771,1,5067,0.550985219,46,4,West,53.57390469,39.10740771
No,52.64522428,0,4230,0.493995946,33,3,Northern Rim,46.84614479,53.66522428
No,53.23211185,0,16776,0.512868239,51,3,Eastern Islands,61.8204633,54.25211185
No,46.41596382,0,6864,0.478505356,45,3,Northern Rim,55.76185594,47.43596382
No,42.26780359,0,18051,0.494334029,58,3,Eastern Islands,62.04409154,43.28780359
No,51.57697068,0,6493,0.47548676,68,3,West,56.43533102,52.59697068
No,48.07833209,0,9234,0.561121356,74,3,Northern Rim,49.83754965,49.09833209
No,46.07154856,0,2332,0.474347562,61,3,Eastern Islands,49.91806111,47.09154856
No,63.15433123,0,6846,0.480781139,42,4,Northern Rim,68.3656086,64.17433123
No,58.97811737,0,10810,0.502213385,54,4,West,53.73620344,59.99811737
No,48.3988264,0,8683,0.510777666,34,3,Northern Rim,62.43571529,49.4188264
No,51.56501193,0,10736,0.512625513,54,2,Eastern Islands,66.06648254,52.58501193
No,76.10855254,0,11532,0.52326475,19,4,West,62.14698941,77.12855254
No,47.06121607,0,6893,0.499683578,51,3,West,54.87762257,48.08121607
No,66.67001205,1,3999,0.515289813,65,4,Northern Rim,60.45190612,67.69001205
No,60.43924451,0,8199,0.505743422,45,4,Northern Rim,59.93535067,61.45924451
No,45.14890489,0,2776,0.536063711,49,5,Eastern Islands,62.590986,46.16890489
No,58.15349221,1,15516,0.517205645,30,3,Eastern Islands,57.82982802,59.17349221
No,59.54549989,0,8817,0.511196114,38,2,Northern Rim,60.45220253,60.56549989
No,35.64015506,0,6346,0.508396139,36,3,Northern Rim,65.52311535,36.66015506
No,66.53206612,1,9169,0.494698494,71,3,Northern Rim,49.40769819,67.55206612
No,47.1382468,0,14050,0.517022636,55,4,Northern Rim,51.52037675,48.1582468
No,51.02536501,0,6872,0.507509373,75,3,West,66.98325817,52.04536501
No,55.25537924,0,4464,0.503061948,49,2,West,57.94478898,56.27537924
No,57.98024084,0,13940,0.485288246,34,4,Northern Rim,73.43879701,59.00024084
No,49.174393,0,9032,0.501351955,36,4,Eastern Islands,46.50401781,50.194393
No,44.37668633,1,6944,0.492707633,36,3,Northern Rim,41.1734325,45.39668633
No,48.93946671,0,10153,0.496951377,46,3,Northern Rim,70.32941351,49.95946671
No,77.36810486,1,5059,0.52719985,46,3,Eastern Islands,63.20260327,78.38810486
No,58.73795248,1,5732,0.510841012,33,3,West,70.5429396,59.75795248
No,51.86959704,0,12672,0.483100195,38,3,Eastern Islands,48.6937502,52.88959704
No,57.43024929,0,12790,0.496129769,33,2,Northern Rim,56.22251111,58.45024929
No,39.01840848,0,8549,0.491982362,29,4,Northern Rim,54.89519967,40.03840848
No,50.43127513,0,4960,0.511494627,51,4,Northern Rim,52.22300917,51.45127513
No,48.45448715,0,149,0.482013768,36,5,Northern Rim,52.02872333,49.47448715
No,44.11778402,0,4754,0.540719552,35,4,Eastern Islands,55.32718035,45.13778402
No,35.2958878,0,12483,0.520005492,42,6,Eastern Islands,57.2511765,36.3158878
No,34.81638346,0,5945,0.506614421,55,5,Northern Rim,52.18435017,35.83638346
No,49.00585239,0,10842,0.509682035,67,2,Northern Rim,55.8657074,50.02585239
No,48.00014207,0,10204,0.500894034,36,4,Eastern Islands,49.8095605,49.02014207
No,51.61260855,0,10105,0.49758237,43,2,Northern Rim,51.61684191,52.63260855
No,48.60804608,0,12152,0.508097609,34,5,West,65.0673903,49.62804608
No,55.33269753,0,14532,0.526766362,21,4,West,47.79854211,56.35269753
No,44.1597644,0,18088,0.482003702,43,1,West,54.76316815,45.1797644
No,28.72866342,0,13117,0.49090208,43,3,Eastern Islands,64.9479935,29.74866342
No,37.42850248,0,13805,0.479631156,18,4,Eastern Islands,51.01340641,38.44850248
No,60.63346984,0,12914,0.513207656,41,3,Northern Rim,51.05475647,61.65346984
No,48.39997584,0,11991,0.484106549,49,2,Northern Rim,46.32057334,49.41997584
No,53.82751795,0,5080,0.518080618,18,3,Northern Rim,52.50332821,54.84751795
No,48.15216341,0,15100,0.521094443,41,3,Eastern Islands,46.95162625,49.17216341
No,62.00182202,0,13454,0.514994672,37,4,Eastern Islands,55.7403022,63.02182202
No,55.99853404,0,7312,0.517797896,18,4,West,55.65711372,57.01853404
No,45.03213336,0,6644,0.490859672,34,4,Northern Rim,63.33857195,46.05213336
No,39.98353439,0,17097,0.452784185,62,5,West,63.6459472,41.00353439
No,39.79063341,0,11148,0.513437178,43,4,Eastern Islands,53.17945532,40.81063341
No,60.23749262,0,13992,0.517432538,55,4,Northern Rim,63.09868433,61.25749262
No,46.08586877,0,10306,0.494293252,32,3,Eastern Islands,40.45570441,47.10586877
No,49.82149958,0,12415,0.526334484,38,3,Northern Rim,51.83377014,50.84149958
No,49.07812828,0,18342,0.520449928,56,4,West,52.69119301,50.09812828
No,45.61888656,0,15472,0.511461185,34,4,Northern Rim,59.74293318,46.63888656
No,49.65537349,0,8187,0.515089879,18,4,Eastern Islands,57.70304246,50.67537349
No,44.93872002,0,10606,0.505119294,47,3,West,70.28339745,45.95872002
No,71.65963254,0,12035,0.509389518,59,4,Northern Rim,51.58412261,72.67963254
No,50.39844719,0,6626,0.502485477,18,3,Northern Rim,48.58751013,51.41844719
No,55.31370427,0,10118,0.495382011,62,2,Northern Rim,51.27189661,56.33370427
No,54.92183054,0,11922,0.480983769,28,3,Eastern Islands,72.76326643,55.94183054
No,46.73122473,0,10203,0.548712289,35,3,West,69.93788788,47.75122473
No,52.69465772,0,12835,0.541759757,31,4,Northern Rim,36.49454187,53.71465772
No,39.69967989,0,10436,0.491492139,59,4,Northern Rim,62.30215998,40.71967989
No,60.10778386,1,10324,0.530218865,61,4,West,64.6484953,61.12778386
No,55.53882467,0,9639,0.511442323,60,1,Northern Rim,55.61989861,56.55882467
No,59.84623752,0,10108,0.512060849,36,5,West,55.14008204,60.86623752
No,57.90370534,0,14978,0.512344687,32,3,West,61.74339689,58.92370534
No,58.24373642,0,14685,0.485976962,52,3,West,50.20648271,59.26373642
No,42.12925132,0,7606,0.519261481,28,4,West,55.7746603,43.14925132
No,48.83073581,0,11453,0.524495705,49,4,West,54.56947718,49.85073581
No,48.132781,0,10307,0.47698999,64,4,Eastern Islands,70.80799698,49.152781
No,58.04818717,0,14030,0.504644826,47,4,Northern Rim,67.18923253,59.06818717
No,45.5117958,0,4672,0.515011217,41,3,Northern Rim,68.82280438,46.5317958
No,64.06453179,0,14982,0.553174122,37,2,West,45.56286705,65.08453179
No,56.48614059,0,13941,0.520484987,57,3,West,51.51762817,57.50614059
No,47.93817422,1,13842,0.491711241,28,5,Eastern Islands,51.44585677,48.95817422
No,64.75104837,0,11198,0.492586881,36,3,West,72.54266058,65.77104837
No,55.17901438,0,11495,0.510134128,33,4,West,60.7665524,56.19901438
No,53.17652168,0,9315,0.493510051,30,5,Eastern Islands,60.98726746,54.19652168
No,57.825807,0,9442,0.528368276,41,3,West,59.08850027,58.845807
No,49.19500972,1,7862,0.478839806,30,2,Eastern Islands,48.74944162,50.21500972
No,52.4396999,0,11197,0.500402722,66,3,Northern Rim,51.16498425,53.4596999
No,38.16888075,0,9762,0.483419509,42,2,West,47.47605339,39.18888075
No,45.51210837,0,9365,0.480906063,44,5,Northern Rim,55.96471103,46.53210837
No,50.83306229,0,100,0.516548991,62,4,Northern Rim,51.79262929,51.85306229
No,61.12738477,1,15138,0.520895837,31,3,Northern Rim,61.57095693,62.14738477
No,61.41830013,0,7697,0.506912959,74,2,West,48.01688095,62.43830013
No,51.11590075,0,12609,0.502717529,54,3,West,66.13999476,52.13590075
No,44.12588313,0,10162,0.509257672,27,2,Northern Rim,67.23056231,45.14588313
No,49.74442031,0,7674,0.478639519,18,4,Northern Rim,57.08010439,50.76442031
No,69.53124198,0,8419,0.521105087,38,4,Northern Rim,60.02582502,70.55124198
No,45.36915582,0,9494,0.512915122,32,4,West,64.98320353,46.38915582
No,52.61258044,0,19639,0.546696388,37,2,Eastern Islands,59.13573344,53.63258044
No,50.45672781,1,12364,0.513429785,48,3,West,49.15614724,51.47672781
No,46.1022168,0,11313,0.520796281,18,4,West,46.12566517,47.1222168
No,30.91184891,0,13566,0.509275489,60,4,Eastern Islands,71.96545398,31.93184891
No,58.1206992,0,5321,0.494404778,36,3,Northern Rim,49.9998685,59.1406992
No,51.8326522,1,13554,0.512607217,49,4,Northern Rim,71.05133067,52.8526522
No,55.45756055,0,10519,0.52771213,79,4,West,58.65736826,56.47756055
No,66.74805021,0,3331,0.521422603,37,2,Eastern Islands,61.61304816,67.76805021
No,58.56708381,0,12182,0.532839444,18,5,West,62.69740882,59.58708381
No,54.37277516,0,10847,0.498567121,29,3,West,57.76486557,55.39277516
No,56.66132982,0,16278,0.474575627,80,2,Eastern Islands,59.27087361,57.68132982
No,45.55523212,0,11937,0.508950992,38,5,West,56.92587137,46.57523212
No,53.47281386,0,7722,0.510292698,49,4,Northern Rim,50.40759017,54.49281386
No,58.19755912,0,3848,0.50457571,30,4,Northern Rim,50.55410297,59.21755912
No,53.12919974,0,6806,0.510027828,21,3,Northern Rim,57.43504752,54.14919974
No,59.63791064,0,8196,0.529822037,33,4,West,63.79185954,60.65791064
No,58.24886032,0,10982,0.515349415,31,5,Northern Rim,51.72673254,59.26886032
No,51.58621511,0,3469,0.49187119,62,4,West,59.86352201,52.60621511
No,46.82512455,0,5752,0.516988386,50,4,West,58.91883768,47.84512455
No,47.33536388,0,13563,0.503567394,27,3,Eastern Islands,56.06539386,48.35536388
No,52.16467916,0,10233,0.500646862,70,3,Eastern Islands,61.02202701,53.18467916
No,47.29743682,0,3856,0.505057321,53,2,West,72.82291142,48.31743682
No,60.06112393,0,6447,0.493734389,31,3,West,55.87135087,61.08112393
No,43.31836105,1,12379,0.534947458,39,4,Eastern Islands,52.74298273,44.33836105
No,49.4515609,0,9402,0.474794096,31,2,Northern Rim,57.76570156,50.4715609
No,47.5687859,0,4556,0.527712023,46,1,Northern Rim,63.92708592,48.5887859
No,47.97482671,0,9723,0.497905085,32,3,Northern Rim,51.36620825,48.99482671
No,35.16202923,0,4332,0.506960968,52,2,West,50.9745968,36.18202923
No,57.60311527,0,14452,0.530636624,73,2,Northern Rim,61.48803661,58.62311527
No,51.66445603,0,10870,0.502007785,25,3,Eastern Islands,51.0082184,52.68445603
No,36.43283209,1,17237,0.492266612,24,4,Eastern Islands,56.12459451,37.45283209
No,51.10333527,0,12082,0.522951648,18,4,West,59.07570351,52.12333527
No,54.1800289,0,10762,0.506551079,26,4,Northern Rim,60.0835184,55.2000289
No,52.30876641,0,6440,0.507389318,27,3,Eastern Islands,53.45908327,53.32876641
No,54.83897904,0,7220,0.50744839,18,3,West,65.62793601,55.85897904
No,56.41531754,1,7649,0.494287766,26,4,West,56.22321439,57.43531754
No,50.96648125,1,10251,0.489935995,66,2,Northern Rim,64.87000398,51.98648125
No,55.81631548,0,11529,0.524679206,52,4,West,61.79757285,56.83631548
No,50.83703299,0,12951,0.565495746,44,5,Northern Rim,47.90821076,51.85703299
No,61.85387811,0,9404,0.502053259,55,2,Eastern Islands,62.25184332,62.87387811
No,40.82717677,0,12663,0.514002401,22,4,Northern Rim,66.22739991,41.84717677
No,59.44296947,0,4556,0.510249843,36,4,Eastern Islands,41.72224502,60.46296947
No,57.52025958,0,8965,0.509088617,43,2,Northern Rim,62.09193047,58.54025958
No,44.51462367,1,10599,0.487474964,37,4,Eastern Islands,44.66979767,45.53462367
No,52.49876977,0,8693,0.507687925,46,3,Eastern Islands,52.78277581,53.51876977
No,38.19816476,0,11031,0.511105764,23,5,West,62.9799774,39.21816476
No,51.46522968,0,13474,0.51140432,48,3,Eastern Islands,56.45862003,52.48522968
No,48.42977091,0,9740,0.537245478,43,3,West,52.65181446,49.44977091
No,55.52549344,0,6997,0.458540954,41,3,Northern Rim,57.97868457,56.54549344
No,48.5709332,0,7028,0.514094083,21,6,Eastern Islands,56.51049784,49.5909332
No,53.89725531,0,11016,0.55187779,50,2,West,47.05508117,54.91725531
No,49.31683086,0,6892,0.525415025,41,3,West,45.81831162,50.33683086
No,43.81288568,0,2719,0.492577186,58,2,West,58.87824157,44.83288568
No,59.56716459,0,984,0.496089812,40,5,West,55.45446614,60.58716459
No,48.04217253,0,9527,0.498268558,39,3,Northern Rim,57.81613952,49.06217253
No,66.46473741,0,10016,0.51751907,65,2,Northern Rim,61.28645159,67.48473741
No,48.37756125,0,8018,0.524788667,28,4,Northern Rim,68.37591521,49.39756125
No,55.55102174,0,3481,0.534159653,18,4,West,57.853072,56.57102174
No,54.98550308,0,14614,0.515910358,45,4,Eastern Islands,57.56821043,56.00550308
No,59.36189936,0,5286,0.540629812,41,5,West,56.48585833,60.38189936
No,61.4497082,0,18642,0.516926385,34,5,Eastern Islands,59.59995652,62.4697082
No,70.33939066,0,11556,0.515593286,48,1,Northern Rim,53.66739848,71.35939066
No,70.08394469,0,6956,0.533687234,67,2,Eastern Islands,70.90544574,71.10394469
No,39.7467367,0,6459,0.503764744,53,1,Northern Rim,48.6135338,40.7667367
No,52.13331635,0,1276,0.513580271,35,5,Eastern Islands,58.8782357,53.15331635
No,49.18915168,0,8749,0.475912189,30,2,Eastern Islands,50.34276065,50.20915168
No,46.88724712,0,13979,0.513723215,27,2,Eastern Islands,56.04523214,47.90724712
No,35.9713493,0,11260,0.483830568,20,2,Northern Rim,51.10494027,36.9913493
No,49.63557246,0,5213,0.512842904,79,4,Northern Rim,54.48449042,50.65557246
No,66.86188166,0,5582,0.50854639,46,3,Northern Rim,54.94521343,67.88188166
No,50.97956761,0,8280,0.523162757,46,4,Eastern Islands,56.31264419,51.99956761
No,56.30399782,0,10288,0.5047976,45,2,Northern Rim,50.51437006,57.32399782
No,57.52300334,0,8097,0.512585271,57,4,Northern Rim,55.14334788,58.54300334
No,32.84142275,0,13990,0.559766749,31,3,West,65.38049814,33.86142275
No,58.59233094,1,11897,0.492029263,34,4,West,64.33441655,59.61233094
No,55.8633988,0,9846,0.50445402,36,4,West,66.76500384,56.8833988
No,42.08358004,0,16094,0.507410547,54,4,Eastern Islands,56.96886853,43.10358004
No,47.65889606,0,20711,0.504255623,55,3,West,48.62049659,48.67889606
No,55.85626301,0,10455,0.510720635,53,5,West,57.07956088,56.87626301
No,55.65300695,0,7146,0.48381455,64,4,West,52.3430997,56.67300695
No,53.62679173,0,7252,0.484133733,18,4,West,59.86427519,54.64679173
No,50.94360475,0,12371,0.520115814,31,4,West,58.30801198,51.96360475
No,58.72520331,0,9127,0.52566223,33,3,West,69.08356499,59.74520331
No,50.48100164,0,9872,0.469534152,49,3,West,41.50667663,51.50100164
No,53.84770026,0,6017,0.534453387,44,4,West,56.30181137,54.86770026
No,56.08725724,0,13161,0.473603597,50,3,West,57.2043073,57.10725724
No,46.62886227,0,548,0.531860602,59,3,Northern Rim,66.31928664,47.64886227
No,51.76892137,0,12752,0.51992839,59,4,Eastern Islands,55.30400961,52.78892137
No,44.99148615,1,14461,0.481470114,23,6,West,40.56645478,46.01148615
No,52.86143456,0,9560,0.485005106,59,2,West,60.44885543,53.88143456
No,48.02145824,1,3935,0.522472599,42,5,Eastern Islands,53.00182637,49.04145824
No,66.45373508,1,18586,0.54131411,46,3,Eastern Islands,49.07128652,67.47373508
No,48.67672616,1,8524,0.497269089,55,5,Northern Rim,53.06537884,49.69672616
No,60.34418772,0,4417,0.484092099,60,3,Eastern Islands,62.95548536,61.36418772
No,50.46893745,0,11048,0.462611464,52,3,West,61.7188102,51.48893745
No,43.37111814,0,14604,0.529129148,34,5,West,57.76016947,44.39111814
No,53.07202892,0,13389,0.510471092,18,3,Northern Rim,48.60038164,54.09202892
No,51.71328579,0,17007,0.510581109,51,3,Eastern Islands,57.62346507,52.73328579
No,52.549254,0,16112,0.496680841,45,3,West,45.8500133,53.569254
No,55.42667006,0,7494,0.496263208,50,6,Northern Rim,59.01127758,56.44667006
No,62.93765834,0,4097,0.534983772,22,3,Eastern Islands,52.92191868,63.95765834
No,66.63447449,0,8347,0.544407743,44,3,Eastern Islands,63.84119749,67.65447449
No,51.72299437,0,11377,0.45026517,59,2,West,59.07682448,52.74299437
No,51.58286524,0,5490,0.532156137,41,4,Eastern Islands,52.82081939,52.60286524
No,58.2531799,1,3579,0.523617994,40,5,Northern Rim,52.35287779,59.2731799
No,42.42344002,0,18517,0.487103363,29,3,Eastern Islands,56.63966873,43.44344002
No,56.3912272,1,10297,0.512507831,41,4,West,58.90920298,57.4112272
No,55.03460335,0,6602,0.511632177,46,3,Northern Rim,46.70247109,56.05460335
No,63.30759727,0,8858,0.527126871,26,3,Eastern Islands,49.77483642,64.32759727
No,32.54392792,1,12533,0.497143726,33,3,West,44.20438345,33.56392792
No,53.7270444,0,11311,0.526770191,55,5,Northern Rim,49.62921518,54.7470444
No,62.33267745,0,11854,0.537619705,46,2,Northern Rim,63.25642224,63.35267745
No,54.35313878,1,13157,0.500286076,18,5,Eastern Islands,49.55868134,55.37313878
No,57.67283782,0,12087,0.52036228,32,4,Eastern Islands,35.86684044,58.69283782
No,48.09618824,0,11860,0.511673615,48,3,Eastern Islands,56.66207798,49.11618824
No,58.67170838,0,12670,0.521900151,35,6,Northern Rim,53.05566383,59.69170838
No,51.3307797,0,12277,0.545594576,36,2,West,40.75787174,52.3507797
No,48.58802043,0,8656,0.502385676,49,3,West,54.38646467,49.60802043
No,54.66191061,0,9700,0.531681561,48,4,West,56.01115744,55.68191061
No,56.25556846,0,11756,0.533145345,78,4,Eastern Islands,60.2305258,57.27556846
No,71.04577642,0,17209,0.535000283,42,4,West,57.54282526,72.06577642
No,39.95120976,0,8120,0.539234373,54,2,Northern Rim,46.42182263,40.97120976
No,61.3002276,0,14318,0.484066735,22,2,West,60.87589851,62.3202276
No,49.66102387,1,14829,0.517378413,28,3,Eastern Islands,52.12997737,50.68102387
No,39.60361684,0,16480,0.517662254,21,3,Northern Rim,54.40248313,40.62361684
No,62.02904721,0,8574,0.504792609,46,3,West,69.01648809,63.04904721
No,57.6791844,0,14479,0.479747373,47,4,Eastern Islands,50.22735366,58.6991844
No,56.74632162,0,5322,0.544264795,60,6,West,60.39624484,57.76632162
No,58.43713818,0,6739,0.46472706,33,4,Eastern Islands,60.40499394,59.45713818
No,42.19649322,0,10876,0.50160593,70,5,West,52.31049538,43.21649322
No,47.8911215,0,11929,0.510001722,57,4,West,48.80392027,48.9111215
No,50.84974167,1,8659,0.488531558,42,3,Northern Rim,39.94399562,51.86974167
No,39.31971545,0,9241,0.511166516,48,2,Northern Rim,48.1540245,40.33971545
No,52.81231763,0,3158,0.511248376,38,3,Eastern Islands,62.21680573,53.83231763
No,59.86095447,0,12824,0.495815428,32,4,Northern Rim,61.43026758,60.88095447
No,49.58876924,0,5924,0.547253683,40,1,West,56.8944271,50.60876924
No,44.49668286,0,9190,0.491719874,38,4,Northern Rim,54.57993569,45.51668286
No,44.48990422,0,8710,0.530550496,28,4,Eastern Islands,55.33993912,45.50990422
No,46.67173892,0,10262,0.510772558,18,4,West,63.73939223,47.69173892
No,59.83964246,1,2009,0.515272034,32,4,West,61.55414201,60.85964246
No,51.73490171,0,6531,0.508531956,53,4,Eastern Islands,54.07907073,52.75490171
No,35.86702191,0,13771,0.460090824,55,3,West,60.44540915,36.88702191
No,49.85499122,0,7211,0.472626042,18,3,Eastern Islands,56.19157079,50.87499122
No,45.09700157,0,7012,0.546993216,32,3,Eastern Islands,42.7746023,46.11700157
No,42.08825724,0,2310,0.490256842,43,4,Eastern Islands,49.6095974,43.10825724
No,55.97453589,0,12288,0.512296083,61,6,Eastern Islands,55.38649501,56.99453589
No,51.57990173,0,3014,0.521455775,42,4,Northern Rim,53.26467683,52.59990173
No,52.40424363,0,6649,0.485441191,38,3,Northern Rim,50.93947263,53.42424363
No,54.98122459,0,8210,0.525807098,49,2,Northern Rim,69.39913602,56.00122459
No,38.12362915,0,4176,0.499939757,42,4,Eastern Islands,71.54905743,39.14362915
No,47.04555767,0,3094,0.521762467,64,3,West,56.1474579,48.06555767
No,57.57475033,0,7145,0.52895631,66,3,Northern Rim,51.69829578,58.59475033
No,63.92624949,1,15155,0.512032193,28,3,Northern Rim,62.04319887,64.94624949
No,61.60822608,0,11079,0.530452498,56,3,Northern Rim,54.29115643,62.62822608
No,71.28916496,0,8659,0.51282438,25,4,Eastern Islands,61.9471917,72.30916496
No,59.33753742,0,9088,0.486431194,60,5,Eastern Islands,51.31641873,60.35753742
No,57.22024462,0,5916,0.494567273,25,4,Northern Rim,56.60293391,58.24024462
No,64.66557367,1,10837,0.480756083,53,3,West,59.49579646,65.68557367
No,65.65689405,0,13212,0.511489952,52,3,Northern Rim,48.45344619,66.67689405
No,51.98325687,0,11918,0.504834691,53,4,West,56.39009916,53.00325687
No,52.36488312,0,15018,0.509426456,56,4,West,44.53692813,53.38488312
No,60.68529746,0,1979,0.519355218,48,5,Eastern Islands,62.92857649,61.70529746
No,43.87552279,1,10929,0.536564994,45,3,West,68.33849546,44.89552279
No,25.4449115,0,13789,0.493894395,49,3,Northern Rim,52.36870377,26.4649115
No,62.39014183,0,14266,0.515458906,58,5,Northern Rim,57.38150854,63.41014183
No,53.93220532,0,12387,0.541496345,18,2,West,59.27988032,54.95220532
No,59.65578661,0,6853,0.483021434,21,3,Northern Rim,59.86955566,60.67578661
No,44.08384362,0,11813,0.533337866,58,2,West,67.21710282,45.10384362
No,60.97461825,0,7354,0.54098383,33,2,Eastern Islands,61.92578315,61.99461825
No,55.85856102,0,313,0.516016061,34,2,West,61.1117097,56.87856102
No,46.55925083,0,2635,0.508425148,52,5,Northern Rim,56.60450323,47.57925083
No,51.91491728,0,6166,0.51677469,30,4,Eastern Islands,67.96770241,52.93491728
No,57.18417459,0,11701,0.5208487,19,4,Eastern Islands,55.4769617,58.20417459
No,44.45110382,0,6504,0.501286753,31,4,West,44.97472586,45.47110382
No,56.1083458,0,5982,0.483222826,49,3,Northern Rim,63.55376566,57.1283458
No,53.51021339,0,10522,0.495795678,50,3,Northern Rim,43.5684741,54.53021339
No,52.5268806,0,1921,0.569778235,52,5,Eastern Islands,45.50578945,53.5468806
No,44.97862878,0,4727,0.53796393,22,4,West,48.97074795,45.99862878
No,55.00374966,0,13721,0.51282269,49,5,West,55.35240627,56.02374966
No,46.16005097,0,7224,0.495132544,30,2,West,59.22508388,47.18005097
No,40.54626367,0,6348,0.511340852,34,2,Eastern Islands,50.32938085,41.56626367
No,52.68208702,0,7609,0.467355944,42,4,Northern Rim,68.32790301,53.70208702
No,54.38107226,0,13050,0.510664174,42,3,West,55.14693493,55.40107226
No,36.87073008,0,12970,0.523677178,57,3,Northern Rim,44.72363462,37.89073008
No,56.47038306,0,7174,0.491930507,40,4,Eastern Islands,52.11999071,57.49038306
No,53.60990865,0,5221,0.492273656,32,2,Northern Rim,62.80200901,54.62990865
No,32.34020745,0,16696,0.517528638,52,4,Eastern Islands,61.8894506,33.36020745
No,46.63963635,0,4574,0.502933602,43,4,Northern Rim,63.63013342,47.65963635
No,65.51473542,0,6826,0.532975766,35,2,Northern Rim,49.06699873,66.53473542
No,59.4106749,0,12731,0.524028676,53,4,Northern Rim,65.51528451,60.4306749
No,53.95184042,0,12067,0.513365422,18,2,Eastern Islands,60.80041333,54.97184042
No,59.57039468,0,4328,0.476935327,53,3,Northern Rim,61.93463127,60.59039468
No,39.26003541,1,12152,0.488980235,66,6,Eastern Islands,67.83734087,40.28003541
No,66.42466565,0,17371,0.498361104,55,5,West,60.91097177,67.44466565
No,41.85574001,0,17210,0.515343863,50,4,West,68.74590059,42.87574001
No,45.76168216,0,8177,0.513300057,45,4,Eastern Islands,55.15820266,46.78168216
No,48.25125599,0,6285,0.51320916,21,4,West,61.84234381,49.27125599
No,54.73080993,0,10378,0.501211517,18,3,Eastern Islands,53.63692381,55.75080993
No,56.91890384,0,9077,0.567787798,30,5,Eastern Islands,59.83214399,57.93890384
No,52.963028,0,5258,0.511594639,30,3,West,49.49428429,53.983028
No,48.84322861,0,9831,0.475455807,28,4,Northern Rim,58.46692249,49.86322861
No,46.0476249,0,6766,0.525712188,41,3,Northern Rim,56.84009729,47.0676249
No,49.9476635,0,8248,0.489649158,48,2,Northern Rim,60.68402602,50.9676635
No,49.99587727,0,8079,0.497418904,49,4,West,61.55559069,51.01587727
No,40.73061227,0,1841,0.520066223,18,4,West,62.41622465,41.75061227
No,66.69394498,0,21085,0.494318946,47,4,Northern Rim,71.34965883,67.71394498
No,58.64925041,0,9398,0.514185963,26,4,Northern Rim,57.16956587,59.66925041
No,56.3388528,0,1739,0.529860009,43,2,West,54.08856782,57.3588528
No,51.29431266,0,7466,0.497774061,39,2,Eastern Islands,64.51193721,52.31431266
No,48.28665473,0,9467,0.493968837,30,4,West,63.63375099,49.30665473
No,47.20903663,0,10162,0.544347368,35,4,West,69.66567237,48.22903663
No,42.13500274,0,15182,0.521337762,37,4,Eastern Islands,57.6342577,43.15500274
No,51.82457135,0,8849,0.554525029,51,1,Northern Rim,61.51121473,52.84457135
No,51.62511726,0,11664,0.512055397,46,3,Eastern Islands,60.00566209,52.64511726
No,57.94318634,0,4285,0.520474812,19,3,Eastern Islands,55.18824735,58.96318634
No,52.04855686,0,14187,0.538747476,24,4,Northern Rim,50.94227572,53.06855686
No,48.09539096,0,7932,0.522825273,44,2,West,60.55767233,49.11539096
No,44.16524909,0,7415,0.505834013,51,4,Eastern Islands,62.82250262,45.18524909
No,41.89453754,0,7309,0.484646323,49,2,Northern Rim,66.08754257,42.91453754
No,38.60473703,0,9511,0.521828715,47,2,West,51.12319257,39.62473703
No,50.2648859,0,1961,0.517508152,75,3,Northern Rim,46.80929699,51.2848859
No,44.98115791,0,10438,0.521467842,28,4,Northern Rim,42.05344191,46.00115791
No,58.56292235,0,3175,0.472631316,33,2,Eastern Islands,56.31655759,59.58292235
No,45.28232899,0,8534,0.511850039,43,4,Eastern Islands,62.00072629,46.30232899
No,48.09150723,0,16510,0.503216858,56,1,West,61.56870278,49.11150723
No,50.17961484,0,7113,0.479277861,28,2,Eastern Islands,59.03626073,51.19961484
No,41.96920054,0,13927,0.556674717,50,4,Northern Rim,51.40266856,42.98920054
No,52.03923393,0,9176,0.525434593,19,2,West,56.69845602,53.05923393
No,59.95362014,0,100,0.532908412,28,4,Northern Rim,60.82953939,60.97362014
No,56.29906409,0,8883,0.477344748,24,5,West,59.89378003,57.31906409
No,58.72599847,0,13603,0.512599353,23,3,West,58.37521079,59.74599847
No,69.13774281,0,7421,0.498958082,52,6,Northern Rim,61.5640785,70.15774281
No,56.83926148,0,100,0.519728819,34,4,Northern Rim,57.17766403,57.85926148
No,45.61406775,0,8912,0.531265407,45,3,West,50.47021773,46.63406775
No,54.60650413,0,14522,0.496717396,51,3,Eastern Islands,53.93735022,55.62650413
No,46.48707789,0,12420,0.52674434,28,4,Northern Rim,57.07262921,47.50707789
No,53.61204274,0,6697,0.536810982,30,2,West,54.20290813,54.63204274
No,66.76536215,0,9969,0.52545451,50,4,West,56.29674808,67.78536215
No,58.91579549,0,14817,0.49107029,29,3,West,70.22047376,59.93579549
No,59.49573589,0,14681,0.491733449,43,5,West,56.40595795,60.51573589
No,47.69095833,0,8238,0.542531407,45,1,Eastern Islands,62.66946498,48.71095833
No,54.36454232,0,11077,0.521016456,43,3,West,63.2379915,55.38454232
No,56.90002183,0,18142,0.508053921,24,4,West,73.61944526,57.92002183
No,54.30998607,0,10026,0.492997134,33,4,Northern Rim,52.67039219,55.32998607
No,62.17586921,1,5195,0.547096587,53,2,West,63.58419944,63.19586921
No,57.60673626,0,13870,0.493218828,36,3,Eastern Islands,58.08406013,58.62673626
No,51.30903245,0,14454,0.496071083,55,2,Eastern Islands,62.14766801,52.32903245
No,36.78118579,0,8851,0.534473666,61,4,Eastern Islands,41.93543011,37.80118579
No,65.73022222,0,16967,0.484120671,18,5,Eastern Islands,51.41824719,66.75022222
No,40.37177677,1,9122,0.460279751,41,3,Northern Rim,46.6622285,41.39177677
No,39.84365705,0,11871,0.533260222,28,5,West,68.00892188,40.86365705
No,47.36885795,0,14136,0.533686552,56,2,Northern Rim,62.51495342,48.38885795
No,58.4770634,0,11210,0.5409814,18,3,Eastern Islands,52.49170509,59.4970634
No,49.00039322,0,6371,0.527969489,59,3,Northern Rim,53.4041882,50.02039322
No,54.45311537,0,15142,0.50159327,40,4,West,47.78809723,55.47311537
No,59.77691667,0,11882,0.524423156,19,2,Northern Rim,55.80135679,60.79691667
No,39.59057406,0,8037,0.541955256,31,4,West,54.76888044,40.61057406
No,53.11502544,0,7267,0.494520358,63,3,West,68.22464124,54.13502544
No,61.09048512,0,8618,0.514728541,41,4,West,50.21004683,62.11048512
No,52.26314889,0,9768,0.464854923,78,3,Northern Rim,61.0965323,53.28314889
No,60.86314138,0,15047,0.515416487,43,2,Northern Rim,64.20634736,61.88314138
No,50.78527254,0,15021,0.512543375,21,2,West,64.85334367,51.80527254
No,40.28335089,0,9355,0.518378583,48,3,Eastern Islands,54.05623213,41.30335089
No,54.55120644,0,6066,0.501470343,42,3,West,63.89900554,55.57120644
No,61.50293435,0,11292,0.508366545,49,4,Eastern Islands,56.34839754,62.52293435
No,51.75092604,0,4543,0.508097095,27,4,Eastern Islands,40.09895946,52.77092604
No,35.75024041,0,4586,0.529882209,47,3,West,62.05515005,36.77024041
No,57.46929454,0,11980,0.525904146,18,3,West,58.95832507,58.48929454
No,42.86744905,0,8464,0.489987002,24,3,Eastern Islands,77.78000961,43.88744905
No,58.48428201,0,8512,0.504799236,73,4,Eastern Islands,52.13759589,59.50428201
No,47.36475077,1,6180,0.542233257,71,1,West,69.47136568,48.38475077
No,40.10256622,1,4844,0.534793213,32,4,Eastern Islands,58.10542366,41.12256622
No,47.58440468,0,17230,0.526534274,52,4,Eastern Islands,62.46171089,48.60440468
No,48.29227509,0,12396,0.545866158,49,4,Eastern Islands,47.79927637,49.31227509
No,42.89799396,0,6725,0.50530984,46,3,Northern Rim,61.82343492,43.91799396
No,56.99746352,0,10640,0.527952522,61,3,Eastern Islands,58.56539398,58.01746352
No,58.43870765,0,14032,0.497700476,30,3,Eastern Islands,57.50913095,59.45870765
No,53.28447667,1,12660,0.483163278,27,4,Northern Rim,50.81005978,54.30447667
No,38.1201259,0,15288,0.494784693,62,5,Eastern Islands,48.68512448,39.1401259
No,57.01532788,0,6370,0.487797435,21,4,Eastern Islands,62.50155559,58.03532788
No,66.6053093,1,10176,0.540631417,26,4,Eastern Islands,50.74146685,67.6253093
No,51.06285517,1,10477,0.51060019,47,3,West,51.91412997,52.08285517
No,62.07311554,0,4595,0.495693863,53,4,Eastern Islands,47.21541574,63.09311554
No,59.63406659,0,11391,0.508777651,54,5,West,62.62027663,60.65406659
No,49.34630166,0,8370,0.519458343,22,5,Eastern Islands,50.40704752,50.36630166
No,45.12609905,0,5322,0.487368394,55,4,West,62.66659503,46.14609905
No,52.93989748,0,7696,0.513799018,43,2,Eastern Islands,47.68388237,53.95989748
No,41.73365782,0,5545,0.519897469,70,3,Eastern Islands,60.40870047,42.75365782
No,52.07013952,1,12638,0.489053709,72,2,West,41.20597127,53.09013952
No,57.06497838,0,8019,0.506702093,26,3,Northern Rim,54.32765995,58.08497838
No,39.31819084,0,12405,0.504856745,24,4,West,54.22606626,40.33819084
No,49.97105648,0,9419,0.524617941,58,3,West,52.20750469,50.99105648
No,63.27746899,0,9603,0.522392638,18,6,Northern Rim,70.54683573,64.29746899
No,41.86530573,0,7152,0.517059543,65,5,Northern Rim,51.80098971,42.88530573
No,47.09127314,0,15680,0.504996403,66,5,Eastern Islands,50.21014703,48.11127314
No,52.00678293,0,13985,0.469639205,41,5,Eastern Islands,56.06355235,53.02678293
No,49.46305764,0,11477,0.509392362,34,2,Northern Rim,62.1147373,50.48305764
No,27.89526743,0,3837,0.504415021,69,3,Northern Rim,67.38215029,28.91526743
No,55.9220801,0,6165,0.461850224,37,2,Eastern Islands,53.85897292,56.9420801
No,40.10033446,0,12656,0.514543487,31,4,Northern Rim,40.99926224,41.12033446
No,50.24547841,0,7603,0.536915684,38,3,Eastern Islands,59.33149204,51.26547841
No,51.22081842,0,15495,0.539723853,43,3,Eastern Islands,55.57230574,52.24081842
No,51.34423741,0,11287,0.485187872,23,6,Eastern Islands,53.06918718,52.36423741
No,42.39470391,0,12407,0.524644751,52,4,Eastern Islands,58.94475044,43.41470391
No,47.31287214,0,9867,0.465485043,18,4,West,60.39612423,48.33287214
No,52.04760583,1,21564,0.506037023,25,3,West,59.37634871,53.06760583
No,45.46034201,1,12382,0.523450842,18,4,Eastern Islands,62.93459566,46.48034201
No,42.88179839,0,13539,0.529626495,48,5,Northern Rim,48.70885956,43.90179839
No,48.34736071,1,11186,0.49280793,57,4,Northern Rim,53.70230302,49.36736071
No,56.1117576,0,11669,0.512702384,39,4,West,58.69771554,57.1317576
No,54.83581753,0,4828,0.493416584,48,4,Northern Rim,65.04701828,55.85581753
No,44.90822259,1,12701,0.52697317,39,3,West,59.01448158,45.92822259
No,49.85773468,1,6787,0.507949354,50,3,Eastern Islands,52.70197913,50.87773468
No,44.42210986,0,6073,0.542730347,46,5,Eastern Islands,54.14719272,45.44210986
No,59.78602649,0,6524,0.489694865,39,2,Eastern Islands,51.09008906,60.80602649
No,55.85772111,0,16032,0.511955064,52,1,Northern Rim,53.07810719,56.87772111
No,47.77031457,0,13513,0.484449399,49,1,West,53.89095401,48.79031457
No,50.29828807,1,14405,0.519843183,52,3,Northern Rim,60.57521132,51.31828807
No,36.92116885,0,10581,0.506683485,38,3,Northern Rim,69.01197271,37.94116885
No,44.91000935,0,6262,0.530842378,51,5,West,57.69575633,45.93000935
No,62.19094987,0,12835,0.500128689,46,2,Eastern Islands,65.79051533,63.21094987
No,45.0673394,0,8331,0.476532106,82,3,West,61.0269112,46.0873394
No,54.5898245,0,17122,0.524838639,47,3,West,37.10045451,55.6098245
No,45.37891043,0,10066,0.511707929,38,3,Eastern Islands,57.54967819,46.39891043
No,45.81711844,0,4956,0.481190718,58,2,Eastern Islands,61.64035151,46.83711844
No,45.83886832,0,9116,0.531873622,46,3,Northern Rim,44.30203499,46.85886832
No,47.25900525,0,12081,0.506033666,38,5,Eastern Islands,58.69182989,48.27900525
No,47.70586331,0,10817,0.505813775,37,4,West,49.58828749,48.72586331
No,45.57470771,1,12194,0.522551114,68,3,West,68.26505535,46.59470771
No,67.76939115,0,13379,0.528850536,32,4,Eastern Islands,58.49329333,68.78939115
No,52.82001807,0,5348,0.478764444,35,4,Northern Rim,47.9930819,53.84001807
No,62.00614998,0,10247,0.497044397,51,4,West,47.33424875,63.02614998
No,44.64487026,0,10834,0.512219571,57,3,Northern Rim,62.68528282,45.66487026
No,60.24926998,0,6063,0.497875545,34,3,Eastern Islands,61.97969087,61.26926998
No,53.83744171,0,5505,0.505517472,54,3,West,63.78806503,54.85744171
No,45.60913208,0,6209,0.539463084,26,4,West,49.72529295,46.62913208
No,50.49641187,0,13618,0.479461421,41,4,Northern Rim,66.44549777,51.51641187
No,46.22535136,0,3133,0.523026452,63,4,West,56.70445509,47.24535136
No,55.8669149,0,8357,0.49893956,39,4,Eastern Islands,63.44353222,56.8869149
No,47.3105571,0,12015,0.499255886,29,3,West,57.44354558,48.3305571
No,46.2022714,0,2472,0.503997926,35,4,Eastern Islands,59.67913682,47.2222714
No,39.84335727,0,7380,0.523131355,30,3,Eastern Islands,70.02077925,40.86335727
No,42.97749497,0,4256,0.482844187,38,4,West,52.26278669,43.99749497
No,57.54144836,0,13081,0.487121397,19,4,Eastern Islands,39.7386823,58.56144836
No,50.04573705,0,10402,0.554286906,47,4,West,66.28412995,51.06573705
No,42.87420881,0,8856,0.527884581,24,3,West,51.83630942,43.89420881
No,34.62225473,1,13251,0.497705067,43,2,Eastern Islands,63.88945795,35.64225473
No,39.74476494,0,14964,0.494852111,39,3,West,65.16140868,40.76476494
No,55.56017575,0,6416,0.487020594,58,4,Northern Rim,55.91909461,56.58017575
No,32.92634088,0,11608,0.491815687,41,4,West,52.28066619,33.94634088
No,60.80848474,0,5853,0.521045581,18,3,West,60.8270575,61.82848474
No,54.0903811,0,10005,0.481755243,40,2,Northern Rim,56.90917894,55.1103811
No,54.91187417,0,15082,0.521135888,37,3,West,44.54258274,55.93187417
No,54.01978988,0,10328,0.527493077,72,3,West,51.19902175,55.03978988
No,61.70783756,0,10299,0.508358066,80,4,West,52.95613425,62.72783756
No,56.95961013,0,9976,0.543729469,58,2,Eastern Islands,53.86787292,57.97961013
No,41.41331516,0,10222,0.502122142,38,2,Northern Rim,57.17133462,42.43331516
No,44.08512479,0,10283,0.513142489,53,3,West,44.70436293,45.10512479
No,42.32217596,0,12369,0.493344214,47,3,Northern Rim,53.85412007,43.34217596
No,63.90225791,0,16486,0.514802672,55,4,West,58.14673968,64.92225791
No,34.13921908,0,10335,0.489633516,55,3,Eastern Islands,62.7164129,35.15921908
No,47.3767704,0,13868,0.500951819,35,3,West,60.0439886,48.3967704
No,45.06284523,0,11448,0.506672669,60,4,Northern Rim,62.31540939,46.08284523
No,59.49588882,0,4870,0.536607581,27,1,Eastern Islands,55.09137859,60.51588882
No,42.60693414,0,4663,0.498532574,55,4,Northern Rim,45.74619011,43.62693414
No,59.74329562,0,14004,0.499788315,41,3,Northern Rim,44.17770428,60.76329562
No,59.62503741,0,10618,0.537920616,20,4,West,63.74825527,60.64503741
No,38.84279739,1,7404,0.491880981,56,3,Eastern Islands,58.81625793,39.86279739
No,47.67155875,0,7607,0.536779375,63,3,Eastern Islands,62.81489437,48.69155875
No,46.18933583,0,11993,0.521091289,18,5,West,67.46818891,47.20933583
No,62.66798452,0,11681,0.515039149,52,4,Northern Rim,53.75878507,63.68798452
No,45.7693394,0,5880,0.521662487,28,3,Northern Rim,70.22498979,46.7893394
No,42.29630761,0,11750,0.535641457,35,2,Northern Rim,56.15531229,43.31630761
No,54.97656421,0,15299,0.534339718,42,2,West,53.75125093,55.99656421
No,47.84645801,0,12856,0.514025324,44,4,West,54.18609761,48.86645801
No,51.36656296,0,11060,0.521944694,18,5,Eastern Islands,56.49396987,52.38656296
No,60.30788409,0,9363,0.463053658,61,5,West,64.80733329,61.32788409
No,51.08783578,0,2310,0.530042337,47,2,West,46.61609537,52.10783578
No,51.43033863,0,13146,0.532900424,34,5,Northern Rim,61.25636951,52.45033863
No,52.45222797,0,7494,0.489987978,48,4,Northern Rim,61.54135882,53.47222797
No,53.87095135,0,12136,0.526887147,68,3,West,51.53273828,54.89095135
No,45.28739452,0,13912,0.522073214,33,4,Northern Rim,64.21026951,46.30739452
No,54.34445546,0,9234,0.530937227,25,2,Northern Rim,56.53615524,55.36445546
No,54.1863298,0,11198,0.512897883,59,3,Eastern Islands,54.59788508,55.2063298
No,47.64347205,0,15200,0.523105657,50,3,Eastern Islands,61.93077959,48.66347205
No,36.65742888,0,13439,0.504795926,32,4,Eastern Islands,53.85938688,37.67742888
No,61.52044865,0,17918,0.531853513,41,4,Northern Rim,59.10690038,62.54044865
No,58.88947231,0,6282,0.497570685,58,4,Eastern Islands,44.62011667,59.90947231
No,60.75621853,0,16582,0.482413194,38,3,Eastern Islands,51.13696333,61.77621853
No,40.69641607,0,12457,0.49788354,25,3,Northern Rim,51.33388834,41.71641607
No,51.93192486,0,12127,0.505563194,58,5,Northern Rim,65.63108751,52.95192486
No,47.90601455,0,14014,0.528255708,68,4,Eastern Islands,43.12039369,48.92601455
No,49.68596295,0,11445,0.484626354,40,4,West,53.33291293,50.70596295
No,47.39035455,0,8727,0.484179594,28,3,Northern Rim,53.36389732,48.41035455
No,64.99142109,0,13000,0.469484064,40,5,Eastern Islands,66.2725589,66.01142109
No,48.15442006,0,8587,0.501214184,18,5,Eastern Islands,58.7970231,49.17442006
No,63.90220237,0,9701,0.504522229,54,3,Northern Rim,60.55980388,64.92220237
No,46.32462038,1,10523,0.464561174,40,4,Northern Rim,65.44835135,47.34462038
No,54.07358239,0,5292,0.543880759,53,3,Eastern Islands,53.03434011,55.09358239
No,37.76776601,0,19179,0.522137561,44,5,Northern Rim,55.72199074,38.78776601
No,34.84841868,0,8324,0.50364609,54,2,Northern Rim,59.60211778,35.86841868
No,46.95569762,0,14397,0.481531792,49,4,Northern Rim,53.57763921,47.97569762
No,57.39384652,0,1916,0.519979061,30,7,Northern Rim,59.48679032,58.41384652
No,40.36205235,0,11493,0.488328055,40,4,Eastern Islands,60.65098929,41.38205235
No,49.77278246,0,7154,0.501439154,37,4,West,47.42352033,50.79278246
No,56.56231539,0,7086,0.506308439,39,4,Eastern Islands,50.98809322,57.58231539
No,50.3787352,0,7029,0.455707443,47,2,West,56.06409165,51.3987352
No,65.01063876,0,9859,0.569275058,57,3,Eastern Islands,58.10790021,66.03063876
No,52.91179354,0,8731,0.456555506,43,4,Northern Rim,67.63104023,53.93179354
No,58.44582184,0,7368,0.524798038,24,3,West,45.97966539,59.46582184
No,49.80825354,0,12005,0.505734515,65,4,Northern Rim,57.26520406,50.82825354
No,67.05608194,0,16148,0.534801157,35,4,Northern Rim,60.55490865,68.07608194
No,47.94123415,0,16011,0.517339957,19,4,Eastern Islands,62.29506379,48.96123415
No,33.35635092,0,5006,0.50367048,52,3,Northern Rim,61.80811022,34.37635092
No,48.45299063,0,6981,0.474872522,45,3,West,58.14348353,49.47299063
No,46.98721673,0,11413,0.529003932,49,4,Northern Rim,56.00680463,48.00721673
No,52.92871342,0,5031,0.522063819,46,4,West,51.15190649,53.94871342
No,49.22954464,0,8788,0.521348001,37,4,Eastern Islands,64.94876064,50.24954464
No,64.32063651,0,17985,0.511195122,48,4,Northern Rim,55.62716448,65.34063651
No,54.88844435,0,4634,0.520708699,53,3,Northern Rim,59.22352491,55.90844435
No,61.11256961,0,16097,0.506388516,62,5,West,59.62074261,62.13256961
No,49.12634859,0,8086,0.530762202,42,6,West,58.66287975,50.14634859
No,52.02496676,0,15831,0.511113719,27,3,West,65.89151833,53.04496676
No,42.35485836,1,6614,0.543288121,45,3,Northern Rim,61.78807564,43.37485836
No,44.35251385,0,17759,0.523415912,39,3,Eastern Islands,53.65430961,45.37251385
No,54.9060989,0,3454,0.480108632,58,2,West,42.58724628,55.9260989
No,57.37616846,0,15216,0.477054354,54,4,Northern Rim,57.07615854,58.39616846
No,62.19133027,0,7803,0.495895868,48,3,Northern Rim,63.89346154,63.21133027
No,44.10357163,1,10509,0.505695193,47,4,West,57.21834261,45.12357163
No,52.57748828,0,15237,0.537023201,32,5,Eastern Islands,64.97820551,53.59748828
No,54.36579897,1,12920,0.491927543,34,3,Northern Rim,51.23993243,55.38579897
No,41.33557564,0,12004,0.520449936,18,4,Northern Rim,60.72793812,42.35557564
No,67.0647625,0,6038,0.512192996,44,2,Northern Rim,44.18102553,68.0847625
No,50.68653658,0,13869,0.502019082,43,3,Eastern Islands,54.35356086,51.70653658
No,38.31381082,0,6241,0.507206499,18,2,West,68.30274814,39.33381082
No,49.00004381,0,14471,0.524654959,65,5,Eastern Islands,47.99730051,50.02004381
No,43.59524014,0,3189,0.515899323,52,4,Northern Rim,65.33332873,44.61524014
No,68.22304825,0,11028,0.49951436,18,4,Eastern Islands,53.86454712,69.24304825
No,60.88609359,0,3003,0.499881093,47,3,West,61.21803187,61.90609359
No,47.75916451,0,13053,0.546801132,37,5,West,55.20484903,48.77916451
No,50.10216913,0,13856,0.504944391,45,3,West,58.70895081,51.12216913
No,51.51138026,0,17259,0.511021973,36,4,West,52.42784258,52.53138026
No,60.17883439,0,9482,0.520996846,68,4,West,60.41623833,61.19883439
No,50.58663675,0,13091,0.52410131,35,3,West,69.67443114,51.60663675
No,46.05645167,0,13858,0.54155189,25,4,Eastern Islands,55.74900448,47.07645167
No,52.79332806,0,12828,0.505823865,18,5,Eastern Islands,67.58552001,53.81332806
No,53.30750127,0,8271,0.497045423,35,3,Northern Rim,59.73379059,54.32750127
No,65.71918979,0,13234,0.510458026,47,4,Eastern Islands,45.89067365,66.73918979
No,51.63233859,0,16567,0.524099228,37,2,West,54.25901636,52.65233859
No,55.69807402,0,9126,0.516077421,36,3,Northern Rim,61.40539788,56.71807402
No,55.79104008,0,3584,0.512063386,68,5,Eastern Islands,57.46670621,56.81104008
No,54.05166201,0,8310,0.513560398,31,4,Eastern Islands,53.23246111,55.07166201
No,56.36308891,1,11449,0.507681698,44,3,West,55.88590693,57.38308891
No,34.52364108,0,15787,0.520382429,66,3,West,62.66968387,35.54364108
No,46.08303197,0,8755,0.513517585,47,5,West,57.70046617,47.10303197
No,48.72978998,0,11829,0.49931947,31,3,Northern Rim,60.82287762,49.74978998
No,54.19920212,0,8293,0.536903232,51,4,Northern Rim,48.9384484,55.21920212
No,53.71849502,0,14737,0.49175451,50,3,Eastern Islands,56.79938913,54.73849502
No,33.6418935,0,16013,0.502628465,44,3,Eastern Islands,45.32796878,34.6618935
No,44.02811122,0,14460,0.510437358,35,3,Northern Rim,54.46454653,45.04811122
No,55.91325786,1,7823,0.529952874,40,4,Northern Rim,51.98584625,56.93325786
No,46.16660132,0,9280,0.506993183,46,1,West,52.30891523,47.18660132
No,34.38891231,0,13425,0.560657116,38,5,West,58.39023884,35.40891231
No,56.75843095,0,11021,0.502453169,50,5,Northern Rim,55.84622881,57.77843095
No,69.15883852,1,12067,0.48527149,47,3,West,55.20202319,70.17883852
No,41.915215,0,11939,0.492511718,54,3,Northern Rim,53.76858333,42.935215
No,39.66050662,0,12220,0.525919416,65,5,Northern Rim,61.69045771,40.68050662
No,50.87991392,0,1329,0.510392649,41,4,Northern Rim,63.6469766,51.89991392
No,51.14084798,0,14863,0.505771331,44,5,Northern Rim,46.46841682,52.16084798
No,51.14116352,0,15974,0.50203726,37,3,Eastern Islands,62.91791269,52.16116352
No,48.48133495,0,5812,0.502694735,34,2,West,61.42413454,49.50133495
No,61.89111518,0,7918,0.516081187,39,2,Northern Rim,64.87083465,62.91111518
No,48.71555587,0,12610,0.500538072,46,3,Eastern Islands,52.2091336,49.73555587
No,52.45605458,0,10303,0.510717394,42,4,Northern Rim,54.13048638,53.47605458
No,43.52583989,1,9962,0.504462059,54,3,Eastern Islands,52.35823392,44.54583989
No,40.99128733,0,8101,0.493565347,48,3,Eastern Islands,50.66613361,42.01128733
No,40.80833365,0,5177,0.491545542,46,3,Northern Rim,58.82363805,41.82833365
No,45.143934,0,6978,0.541933329,36,2,Northern Rim,62.88154311,46.163934
No,55.30208963,0,7835,0.510013467,44,2,West,58.00335669,56.32208963
No,59.34375969,0,9062,0.508099826,41,2,West,63.9499656,60.36375969
No,54.86022165,0,2062,0.501884239,55,6,Eastern Islands,47.76942001,55.88022165
No,54.07756198,0,14942,0.525520137,18,3,Northern Rim,55.49452743,55.09756198
No,39.33639936,1,7141,0.504920174,58,5,West,48.46640974,40.35639936
No,51.90896111,0,9190,0.520146021,37,5,Eastern Islands,52.6402971,52.92896111
No,46.04036296,0,13717,0.498737472,36,3,Northern Rim,60.95389748,47.06036296
No,44.52440241,0,9362,0.523642351,68,4,West,47.03246447,45.54440241
No,48.49858844,0,15911,0.495664124,32,3,Northern Rim,52.35068557,49.51858844
No,48.2517241,0,18599,0.482394073,53,4,Eastern Islands,67.40222879,49.2717241
No,61.0092317,1,9997,0.503111055,38,2,West,56.39601941,62.0292317
No,52.06242146,0,16898,0.482062355,39,4,West,53.94025735,53.08242146
No,58.77748643,0,2270,0.50315704,70,3,Northern Rim,68.63917183,59.79748643
No,56.72824631,0,9513,0.491050723,51,3,West,58.93800248,57.74824631
No,59.17662976,0,3470,0.490972436,63,3,Northern Rim,49.04245384,60.19662976
No,60.48244551,0,13137,0.511999198,23,2,Northern Rim,71.11066146,61.50244551
No,48.71664945,0,452,0.54272336,46,6,Eastern Islands,53.15764523,49.73664945
No,48.5677233,0,13245,0.544123578,34,3,Eastern Islands,64.07564118,49.5877233
No,41.97876305,1,10894,0.492955128,51,4,Eastern Islands,51.62331572,42.99876305
No,58.02834844,0,10399,0.496081953,34,3,Northern Rim,54.36898332,59.04834844
No,71.20793373,0,9525,0.494930183,24,2,West,65.3499828,72.22793373
No,44.94255397,0,5943,0.487852145,47,4,Eastern Islands,52.2106396,45.96255397
No,49.67301584,1,14316,0.49159722,46,4,West,63.82393939,50.69301584
No,46.79432959,0,8282,0.556682914,33,4,West,56.18709389,47.81432959
No,44.48083297,0,8497,0.497186157,48,4,Northern Rim,56.66016991,45.50083297
No,44.67735037,1,9254,0.455805912,44,4,Northern Rim,42.63351389,45.69735037
No,70.82483774,0,3913,0.517497908,41,4,Eastern Islands,53.47004564,71.84483774
No,58.47074042,0,3026,0.534527085,38,3,Northern Rim,47.15529789,59.49074042
No,46.48680715,0,10271,0.551891096,48,3,West,61.11772184,47.50680715
No,39.22096558,1,13933,0.523087474,37,3,Eastern Islands,64.17176068,40.24096558
No,52.25467486,0,9772,0.502710377,58,4,Northern Rim,60.07331055,53.27467486
No,55.76419704,0,4577,0.487688362,29,6,West,58.45355496,56.78419704
No,41.98078886,0,14466,0.518961767,33,3,West,62.72889766,43.00078886
No,48.58893698,0,12182,0.528127404,38,4,West,46.90902267,49.60893698
No,58.93247487,0,7681,0.517792451,42,2,Northern Rim,77.10283899,59.95247487
No,41.90877048,1,14911,0.500643354,37,3,Eastern Islands,61.99784349,42.92877048
No,43.13505053,0,11117,0.496506732,38,4,Eastern Islands,55.51875898,44.15505053
No,36.50744374,0,9656,0.502563375,27,3,Northern Rim,69.21071451,37.52744374
No,61.18020126,0,13903,0.498425819,50,2,Eastern Islands,50.41686523,62.20020126
No,51.76460202,1,9328,0.492996276,34,2,Northern Rim,67.96200213,52.78460202
No,56.09429246,0,13887,0.503105084,18,3,Eastern Islands,66.51778654,57.11429246
No,58.3988959,0,14305,0.49459691,18,3,Northern Rim,59.88578732,59.4188959
No,37.54064232,0,11013,0.48233425,60,2,West,59.287727,38.56064232
No,67.64512502,0,12681,0.506673545,41,2,Eastern Islands,57.03641526,68.66512502
No,50.91528658,1,13814,0.485722184,23,4,Eastern Islands,58.51308719,51.93528658
No,51.12942122,0,10180,0.507207414,39,4,Eastern Islands,49.97482436,52.14942122
No,56.04167865,0,6499,0.490028885,18,4,West,57.19379735,57.06167865
No,53.26014033,0,8941,0.54032451,37,2,Northern Rim,54.04716437,54.28014033
No,58.56466437,0,9425,0.513780882,35,4,Eastern Islands,56.54974202,59.58466437
No,59.953607,0,7969,0.506812786,37,5,West,51.5880771,60.973607
No,59.20263806,0,10725,0.522408766,42,3,Northern Rim,68.79483523,60.22263806
No,48.93725853,1,6512,0.545083151,39,3,Northern Rim,44.79514405,49.95725853
No,48.20404395,0,100,0.551555535,83,3,West,51.22468441,49.22404395
No,49.84432147,0,19552,0.492382544,18,5,Eastern Islands,64.39044501,50.86432147
No,45.16259371,0,11029,0.516543639,18,5,Eastern Islands,60.64468969,46.18259371
No,59.8103235,0,10252,0.543865104,50,3,Eastern Islands,51.08896057,60.8303235
No,52.44272893,1,13467,0.509201228,44,5,Northern Rim,56.02982437,53.46272893
No,62.63317214,0,8200,0.510893369,36,3,Northern Rim,59.21470885,63.65317214
No,32.23892704,0,9104,0.517347028,79,3,Eastern Islands,65.72498669,33.25892704
No,58.19091565,0,11992,0.534356241,18,3,West,58.83392889,59.21091565
No,39.3721415,0,13762,0.471689201,50,5,West,50.16997021,40.3921415
No,42.84617159,0,10903,0.527525293,40,2,West,57.31440364,43.86617159
No,50.01258699,0,15605,0.507678306,41,3,Northern Rim,45.86658458,51.03258699
No,58.7470599,0,13844,0.518455459,38,3,Eastern Islands,69.26122818,59.7670599
No,53.67198874,0,7572,0.489333414,21,5,Northern Rim,57.16068975,54.69198874
No,58.66577248,0,4312,0.505860698,32,5,Eastern Islands,62.1757049,59.68577248
No,66.87135688,0,6858,0.513240783,28,3,Eastern Islands,51.2484916,67.89135688
No,42.36863528,1,15844,0.517887608,60,4,Eastern Islands,60.18734766,43.38863528
No,37.72982672,0,3603,0.530150774,38,2,West,57.58261254,38.74982672
No,59.46845216,0,8399,0.490767949,38,3,West,55.54759926,60.48845216
No,61.5305178,0,4051,0.516583411,35,4,Northern Rim,61.37898269,62.5505178
No,60.22955319,0,11177,0.529266568,30,2,Eastern Islands,46.62133524,61.24955319
No,39.70750846,0,16446,0.480192606,34,3,West,57.1675442,40.72750846
No,55.95267082,0,11217,0.528592512,45,3,Eastern Islands,47.44967096,56.97267082
No,47.64057359,0,6443,0.514405614,68,5,Eastern Islands,46.53380688,48.66057359
No,41.849633,0,6083,0.497798662,35,3,Northern Rim,61.81173673,42.869633
No,62.56171594,0,7156,0.513053164,42,5,Eastern Islands,54.91525368,63.58171594
No,46.70526259,0,10422,0.536198963,57,2,Eastern Islands,59.62702581,47.72526259
No,55.45797282,0,12032,0.509282258,48,3,Northern Rim,63.64610211,56.47797282
No,67.99455049,0,14389,0.536936637,40,3,Northern Rim,57.20409886,69.01455049
No,52.90449601,0,17675,0.47554932,49,3,West,51.69215363,53.92449601
No,46.25054308,0,5402,0.512213916,71,1,Northern Rim,48.7367732,47.27054308
No,49.71610508,0,11016,0.494133438,41,5,West,57.91532134,50.73610508
No,58.52276604,1,9525,0.491389652,36,4,Northern Rim,61.10876807,59.54276604
No,41.54584887,0,9167,0.494055729,34,4,Eastern Islands,56.20288257,42.56584887
No,59.85401779,0,7618,0.528183641,57,4,Eastern Islands,57.06743733,60.87401779
No,42.58650104,0,14305,0.550204868,46,3,Northern Rim,56.38166143,43.60650104
No,60.16691368,0,12022,0.508279487,29,4,Northern Rim,53.36505542,61.18691368
No,43.62536679,0,11381,0.538663487,39,6,Eastern Islands,51.13155116,44.64536679
No,56.77336855,0,6527,0.530592283,31,3,Eastern Islands,61.08982692,57.79336855
No,58.16489312,0,12559,0.545458,45,3,West,54.80309775,59.18489312
No,57.76911301,0,9614,0.51424582,47,2,Eastern Islands,57.77158492,58.78911301
No,49.66071576,0,14883,0.503576159,35,4,West,54.64118602,50.68071576
No,49.76151771,0,3913,0.52014327,37,2,Northern Rim,56.42158562,50.78151771
No,54.34322984,1,14036,0.519364398,32,5,West,54.28414257,55.36322984
No,63.41545039,0,11755,0.493362727,62,3,West,56.00575296,64.43545039
No,40.20090294,0,8341,0.524318491,45,4,Eastern Islands,56.44137785,41.22090294
No,61.52431815,0,8908,0.499110473,44,4,West,64.59471199,62.54431815
No,51.21271115,0,12853,0.482524082,65,4,West,66.15975619,52.23271115
No,50.44069698,0,16755,0.515229559,45,3,West,65.45276385,51.46069698
No,48.03840889,0,4739,0.539553103,58,3,Eastern Islands,41.34839146,49.05840889
No,44.09436365,0,8477,0.520192951,51,3,Eastern Islands,55.40787462,45.11436365
No,59.78512113,0,9317,0.495653113,50,2,West,66.68495478,60.80512113
No,57.13493666,0,9714,0.474605575,31,3,Eastern Islands,55.25327567,58.15493666
No,54.99064974,0,10856,0.493437994,36,1,West,62.96282487,56.01064974
No,54.84345012,0,7291,0.511635825,40,4,Northern Rim,62.63643504,55.86345012
No,44.04423014,0,14415,0.49008301,40,4,Eastern Islands,53.12003672,45.06423014
No,46.66350063,0,9510,0.528659431,47,4,West,52.95056723,47.68350063
No,47.01804913,0,8066,0.508018046,62,4,Eastern Islands,52.80194338,48.03804913
No,38.4632665,1,10966,0.515423779,37,3,Northern Rim,57.3579351,39.4832665
No,53.28517513,0,11836,0.533566259,55,4,West,71.04927728,54.30517513
No,41.16321024,0,16777,0.510649616,44,5,West,62.42339057,42.18321024
No,56.82092343,0,7395,0.51885956,32,3,Eastern Islands,61.52826116,57.84092343
No,60.31931168,0,7959,0.510085827,30,4,Northern Rim,63.2901572,61.33931168
No,45.89753101,0,10793,0.497547859,51,2,Northern Rim,61.4936423,46.91753101
No,35.78382584,0,6227,0.522640716,40,5,Eastern Islands,52.60522788,36.80382584
No,49.22602825,0,15654,0.515297341,37,3,Northern Rim,50.32848783,50.24602825
No,33.78575196,0,10751,0.499565206,18,4,Eastern Islands,58.55577363,34.80575196
No,48.91847315,0,4328,0.488529378,24,3,Northern Rim,54.02434341,49.93847315
No,43.01724,0,4974,0.52064803,60,3,West,63.827051,44.03724
No,44.78939594,0,100,0.495217697,57,3,Northern Rim,62.09006344,45.80939594
No,52.14003558,0,9613,0.510946284,26,3,West,51.8256238,53.16003558
No,60.25055875,0,17931,0.483752356,33,3,Northern Rim,58.35873971,61.27055875
No,56.76531284,0,7268,0.537046963,35,3,Northern Rim,54.25836128,57.78531284
No,52.75800365,1,1601,0.492916044,37,3,Northern Rim,60.05002293,53.77800365
No,56.5430478,0,16401,0.531545359,49,4,West,48.40936308,57.5630478
No,61.69822153,0,14021,0.526548429,50,4,Eastern Islands,47.56710641,62.71822153
No,54.31656776,0,7339,0.530872745,68,4,Northern Rim,51.1329008,55.33656776
No,48.22810923,1,11271,0.503509492,52,2,Eastern Islands,55.59257328,49.24810923
No,46.8603301,0,5909,0.500243047,64,4,Northern Rim,55.66400009,47.8803301
No,30.82983502,0,9573,0.492026022,41,3,Northern Rim,52.28758304,31.84983502
No,55.75964581,0,9374,0.53164406,35,5,Eastern Islands,51.64888251,56.77964581
No,43.8837118,0,13687,0.530226858,81,3,Eastern Islands,60.66280745,44.9037118
No,42.97762869,0,9363,0.563601296,34,4,West,51.08982764,43.99762869
No,55.67693034,0,12483,0.497324704,32,4,Northern Rim,58.13534987,56.69693034
No,61.51033618,0,17015,0.530603469,39,3,Eastern Islands,55.86687891,62.53033618
No,47.97442409,0,6666,0.554599908,59,3,Eastern Islands,50.83964669,48.99442409
No,45.7007248,0,15990,0.490930821,63,4,Eastern Islands,53.00662491,46.7207248
No,43.56397959,0,13656,0.471155806,37,2,West,68.51320813,44.58397959
No,58.58419707,0,4470,0.510372245,18,3,West,59.44214022,59.60419707
No,49.07641436,0,11475,0.548335418,35,2,West,54.98667864,50.09641436
No,66.12496042,0,16444,0.487463576,53,3,Eastern Islands,68.16769536,67.14496042
No,34.71255828,0,13832,0.509711522,25,4,West,47.85416999,35.73255828
No,58.09854694,0,10546,0.545854055,38,5,Eastern Islands,55.5396078,59.11854694
No,53.2174625,0,11900,0.498169424,44,4,Eastern Islands,52.66701748,54.2374625
No,62.96498233,0,13239,0.513349467,58,6,Eastern Islands,60.65954445,63.98498233
No,55.28675311,0,10366,0.496399525,22,2,West,63.31182932,56.30675311
No,44.5752111,0,10595,0.496952173,61,4,Northern Rim,61.84253234,45.5952111
No,62.23644378,0,6213,0.47130591,58,4,West,57.91285806,63.25644378
No,58.61515655,0,15747,0.491329658,24,3,Northern Rim,51.13088457,59.63515655
No,59.54862515,0,11335,0.539527649,62,2,West,57.42587977,60.56862515
No,56.13189238,0,10853,0.524564667,47,3,Northern Rim,62.56116066,57.15189238
No,40.58029717,0,15281,0.52049467,49,3,Northern Rim,63.90615223,41.60029717
No,40.26755646,0,12525,0.502334779,48,2,Eastern Islands,52.69470842,41.28755646
No,51.71010852,0,11540,0.493764668,48,3,Eastern Islands,53.58342218,52.73010852
No,50.95983398,0,10552,0.509322695,19,2,West,48.83197193,51.97983398
No,49.18744337,0,16534,0.514483962,41,2,Northern Rim,62.81020831,50.20744337
No,44.22401,0,14716,0.517962687,44,4,Northern Rim,63.28910967,45.24401
No,64.24583302,0,1734,0.502951096,35,4,Northern Rim,53.40969956,65.26583302
No,45.96234709,0,13722,0.494770722,45,3,Eastern Islands,53.88307765,46.98234709
No,44.28397617,0,10252,0.514012656,44,5,Eastern Islands,41.51568448,45.30397617
No,49.50507186,0,7281,0.506349777,51,6,Northern Rim,62.06499635,50.52507186
No,44.60458088,0,10824,0.528796679,79,4,West,53.1772915,45.62458088
No,52.70101431,0,11445,0.497676297,41,6,Eastern Islands,40.20241832,53.72101431
No,56.00853759,0,10591,0.529832924,78,2,Eastern Islands,48.58841272,57.02853759
No,56.21546206,0,14786,0.488151927,18,3,Northern Rim,59.30036502,57.23546206
No,56.5001097,0,14105,0.504934506,51,3,Northern Rim,64.94365184,57.5201097
No,62.06327823,0,10623,0.508568374,50,3,Northern Rim,62.40003408,63.08327823
No,69.3471655,0,10550,0.510748538,66,3,West,55.91236862,70.3671655
No,44.74210782,1,5574,0.517223757,49,3,Northern Rim,47.09745521,45.76210782
No,38.26555092,0,15207,0.472983097,34,7,West,72.46177392,39.28555092
No,51.26111705,0,18753,0.480679051,54,2,Eastern Islands,49.40925129,52.28111705
No,52.49481091,0,12148,0.518439865,79,3,Northern Rim,56.15484359,53.51481091
No,62.68132554,1,11924,0.502795598,59,4,West,60.29511022,63.70132554
No,56.87659108,0,15859,0.485180393,55,4,West,55.50175067,57.89659108
No,43.24132225,0,5205,0.518747675,59,5,Northern Rim,68.4376254,44.26132225
No,51.93277649,0,2368,0.514226446,35,2,Northern Rim,49.44814974,52.95277649
No,58.16004051,0,12045,0.502131021,63,5,West,59.96697783,59.18004051
No,57.57156237,0,3580,0.487876259,73,2,West,57.62254289,58.59156237
No,49.79757532,0,7057,0.505393452,44,3,Eastern Islands,59.30764097,50.81757532
No,52.78203303,0,10799,0.465447242,18,3,Northern Rim,49.00891628,53.80203303
No,48.97304105,0,10772,0.54467227,50,3,Northern Rim,58.70152052,49.99304105
No,69.42825713,0,19633,0.506216067,47,3,Northern Rim,56.21643528,70.44825713
No,45.95734829,0,14498,0.516256066,30,1,Eastern Islands,54.1390015,46.97734829
No,44.20681545,0,8092,0.49912287,53,5,West,48.90135849,45.22681545
No,45.90372358,0,8541,0.527097665,29,3,Northern Rim,53.52023178,46.92372358
No,51.39533987,0,6677,0.516278963,21,1,Eastern Islands,66.79604862,52.41533987
No,50.82006422,0,14462,0.531248112,49,5,West,64.44304657,51.84006422
No,58.0951874,0,14066,0.493675587,60,3,Northern Rim,53.32957152,59.1151874
No,49.33951108,0,15615,0.518762182,38,4,Northern Rim,56.2999345,50.35951108
No,51.37710123,0,19440,0.52392282,24,1,Eastern Islands,63.20161564,52.39710123
No,56.2685532,0,13485,0.490757589,44,2,Eastern Islands,59.44805206,57.2885532
No,53.71452417,0,856,0.503597281,40,3,West,56.73874426,54.73452417
No,49.97583396,0,3915,0.512905421,18,6,West,61.31906282,50.99583396
No,61.45369271,0,9640,0.515368528,68,4,Northern Rim,65.14098616,62.47369271
No,55.95984723,0,12719,0.524175071,50,5,Northern Rim,57.29354151,56.97984723
No,47.67999188,0,15080,0.498569727,61,3,Eastern Islands,57.78162129,48.69999188
No,46.45007897,0,7012,0.457930234,18,4,West,56.98545323,47.47007897
No,51.14693269,1,12429,0.542369903,73,4,Northern Rim,53.84092219,52.16693269
No,42.00700041,1,11595,0.513961586,44,4,Northern Rim,55.78527028,43.02700041
No,63.08876935,0,7706,0.510224608,40,4,Northern Rim,60.20279499,64.10876935
No,43.33868043,0,8432,0.526867621,46,2,Eastern Islands,44.37925209,44.35868043
No,42.90136091,0,10662,0.486748726,46,5,Eastern Islands,59.30724727,43.92136091
No,40.00439885,1,20740,0.486524051,35,3,West,64.01621383,41.02439885
No,49.54856847,0,14612,0.529941039,45,2,Eastern Islands,61.85674827,50.56856847
No,55.92714428,0,14811,0.509718525,57,3,Eastern Islands,67.40804205,56.94714428
No,49.44550973,0,8167,0.512958526,27,2,West,46.03142107,50.46550973
No,47.17080628,0,11525,0.480012281,43,4,Northern Rim,51.95407489,48.19080628
No,60.72918369,0,9089,0.510857593,50,4,Eastern Islands,59.66559999,61.74918369
No,56.3545961,0,4670,0.516203136,36,3,Eastern Islands,44.24580477,57.3745961
No,59.61852565,0,12137,0.471208048,50,4,Eastern Islands,44.44962992,60.63852565
No,41.16347812,0,8739,0.509268122,40,4,Eastern Islands,59.05439496,42.18347812
No,57.86494868,0,12604,0.473280551,77,2,West,62.95142945,58.88494868
No,65.19852471,0,9144,0.495610776,30,4,West,47.89025564,66.21852471
No,49.01731708,0,13356,0.526863075,36,4,Eastern Islands,56.85190939,50.03731708
No,43.18144959,1,11215,0.473304915,62,5,Northern Rim,57.22394529,44.20144959
No,40.45345323,0,7514,0.488217076,44,3,Northern Rim,58.41062722,41.47345323
No,66.68979275,1,12641,0.488711174,53,3,Northern Rim,61.622326,67.70979275
No,60.05038234,0,10661,0.517231951,33,4,Northern Rim,44.25422965,61.07038234
No,49.65594945,0,8213,0.539878658,42,4,Northern Rim,52.82719216,50.67594945
No,52.36153737,0,9546,0.519370589,48,4,West,65.51643467,53.38153737
No,46.38583026,0,10087,0.503779532,25,2,West,63.61021356,47.40583026
No,36.54480712,0,3756,0.512981894,48,5,Eastern Islands,51.18905917,37.56480712
No,55.81985578,0,6122,0.485917451,20,3,Eastern Islands,40.57429294,56.83985578
No,64.67994686,0,12719,0.505241549,35,3,Eastern Islands,33.6072827,65.69994686
No,55.59394337,0,8564,0.502504539,49,4,Northern Rim,54.16613101,56.61394337
No,66.30006159,0,4449,0.553938973,54,3,Eastern Islands,42.64569504,67.32006159
No,53.57419219,0,600,0.538792699,29,4,Eastern Islands,59.06183645,54.59419219
No,37.10044038,0,502,0.515425402,52,3,Northern Rim,65.54968127,38.12044038
No,56.09860323,0,14249,0.521482407,18,4,West,51.7546315,57.11860323
No,37.41767434,0,3676,0.519185582,18,3,Northern Rim,58.7298549,38.43767434
No,61.63188746,0,7769,0.49267168,34,5,Eastern Islands,46.89279786,62.65188746
No,42.02920243,1,2325,0.520946554,54,3,Eastern Islands,58.68016944,43.04920243
No,50.51091972,0,14950,0.517688243,39,2,Northern Rim,60.58836273,51.53091972
No,43.55675464,0,10681,0.527640878,56,3,Northern Rim,58.83065288,44.57675464
No,47.34923886,0,12943,0.510484237,40,3,Eastern Islands,63.26776222,48.36923886
No,38.51223575,0,9365,0.480459638,28,2,Eastern Islands,50.01051759,39.53223575
No,42.03958381,0,7518,0.519797041,44,3,Eastern Islands,51.31556481,43.05958381
No,50.67297623,0,11639,0.53145278,18,4,Northern Rim,62.0592171,51.69297623
No,49.31585822,0,2851,0.522073632,34,4,West,52.86104026,50.33585822
No,46.43298225,0,11397,0.50802253,38,3,Northern Rim,57.01465226,47.45298225
No,57.77991184,1,4195,0.494960539,43,2,West,44.6291036,58.79991184
No,45.87464833,0,8652,0.510893332,20,3,Eastern Islands,56.46917585,46.89464833
No,62.54323131,0,7069,0.4718463,18,5,Eastern Islands,64.97222835,63.56323131
No,43.53727258,1,8220,0.48375148,29,4,Eastern Islands,64.65766726,44.55727258
No,45.06029389,0,13721,0.498663628,42,4,West,59.91885613,46.08029389
No,43.97945483,0,6576,0.505278951,37,4,West,45.43395988,44.99945483
No,60.0426157,0,9121,0.532201842,31,4,West,52.1250589,61.0626157
No,56.43837128,0,12452,0.46458887,37,4,West,49.8049238,57.45837128
No,47.14273351,0,12603,0.528289216,55,4,Eastern Islands,62.50202487,48.16273351
No,61.78130343,0,13178,0.477532219,36,2,Eastern Islands,58.56915699,62.80130343
No,52.90913671,0,5731,0.491129482,60,4,Eastern Islands,60.61420528,53.92913671
No,54.22515078,0,11084,0.52641669,19,3,West,50.87883614,55.24515078
No,60.9942456,1,14120,0.511497713,18,4,West,56.24233173,62.0142456
No,45.23896109,0,10873,0.515681201,51,3,Northern Rim,58.4155573,46.25896109
No,49.5509572,0,14385,0.488601761,53,2,West,70.54658554,50.5709572
No,58.24301008,1,9853,0.496366816,61,5,West,67.22442747,59.26301008
No,39.40838659,0,11390,0.508894641,35,4,West,48.88290372,40.42838659
No,61.64094143,0,9901,0.486142487,47,3,Eastern Islands,50.08315881,62.66094143
No,45.59724216,0,1151,0.533292164,52,4,Eastern Islands,53.77699606,46.61724216
No,42.3802592,0,16424,0.493198141,46,4,Eastern Islands,64.81919473,43.4002592
No,39.4276071,0,10600,0.484284389,60,3,Northern Rim,54.03907183,40.4476071
No,69.20690153,1,8259,0.531197058,34,4,Eastern Islands,58.10305605,70.22690153
No,44.60483551,1,11834,0.490422986,44,4,West,59.68856626,45.62483551
No,68.04462386,0,6783,0.541514169,30,4,Eastern Islands,56.9109484,69.06462386
No,66.66491398,0,9181,0.484645927,53,4,Northern Rim,45.20585621,67.68491398
No,44.92767838,0,5049,0.541587185,31,2,West,52.77227015,45.94767838
No,62.72653711,0,6854,0.49216645,49,3,Eastern Islands,60.5240452,63.74653711
No,54.5858984,0,10107,0.504208498,78,4,Northern Rim,49.6819273,55.6058984
No,65.49395829,0,17965,0.496761718,45,3,Eastern Islands,76.20563495,66.51395829
No,57.4848689,0,11144,0.524043819,37,3,Northern Rim,56.11307984,58.5048689
No,48.87919137,0,14229,0.508532993,45,3,Northern Rim,48.51847674,49.89919137
No,40.25000379,0,12822,0.516698631,54,3,Northern Rim,54.66780852,41.27000379
No,63.53893113,0,4848,0.511034624,57,2,Eastern Islands,57.98577566,64.55893113
No,39.7575652,0,7365,0.477747047,62,5,Northern Rim,54.28193797,40.7775652
No,67.76215359,0,5205,0.530024477,34,4,West,62.87668433,68.78215359
No,56.16838857,0,10919,0.50769701,50,5,West,63.57929253,57.18838857
No,46.22434783,0,16911,0.520607587,48,3,Northern Rim,50.84894043,47.24434783
No,46.79314098,1,14614,0.508856356,53,3,Northern Rim,64.11341556,47.81314098
No,53.12270617,0,1127,0.51983544,33,3,West,52.14281834,54.14270617
No,58.68101019,0,9006,0.521592749,34,5,West,51.2063345,59.70101019
No,41.4131668,1,11299,0.484298494,72,4,Northern Rim,63.07230089,42.4331668
No,44.05496032,0,8343,0.499826018,51,4,Northern Rim,59.16706394,45.07496032
No,47.61093744,1,7494,0.503576022,35,4,West,45.08439825,48.63093744
No,45.06171177,0,12177,0.498977765,39,4,West,66.62771514,46.08171177
No,55.3054809,0,10842,0.535529005,20,3,Northern Rim,47.94804532,56.3254809
No,60.67510517,0,17247,0.483345986,69,4,Northern Rim,60.36374949,61.69510517
No,37.25836333,0,3891,0.505262627,20,5,West,44.40758964,38.27836333
No,59.46962246,0,10975,0.538312948,22,4,Eastern Islands,39.88537675,60.48962246
No,49.48671139,0,17527,0.510257078,31,2,Eastern Islands,59.75345516,50.50671139
No,66.51358286,0,6042,0.472565502,30,2,Northern Rim,60.29845744,67.53358286
No,61.24644488,1,14885,0.497539379,35,3,West,66.35732209,62.26644488
No,43.44456436,0,9138,0.501363264,38,3,Northern Rim,52.60275801,44.46456436
No,44.80294157,0,4022,0.502879897,53,3,Northern Rim,61.65943078,45.82294157
No,51.85265942,0,8205,0.520868963,34,3,Eastern Islands,53.50323566,52.87265942
No,51.66738386,0,6518,0.48166259,80,2,Northern Rim,72.64996628,52.68738386
No,54.42251479,0,9749,0.530628409,34,2,West,61.2523483,55.44251479
No,67.77560538,0,12234,0.49101417,54,4,Eastern Islands,68.00352315,68.79560538
No,55.81210838,0,1868,0.501335445,37,3,West,65.06941435,56.83210838
No,52.17792389,0,6850,0.507083183,62,1,Eastern Islands,69.36970247,53.19792389
No,66.33920619,0,12468,0.482853379,42,3,West,59.87683886,67.35920619
No,51.06577661,0,5999,0.515931656,42,4,Northern Rim,58.64071384,52.08577661
No,51.89024058,0,11783,0.501863685,18,3,Northern Rim,64.49767578,52.91024058
No,37.49969636,0,13471,0.482146597,40,3,Eastern Islands,51.4143448,38.51969636
No,39.46866829,0,7089,0.501067951,37,4,Eastern Islands,60.97418957,40.48866829
No,53.60641524,0,15310,0.500901796,28,3,West,59.48497488,54.62641524
No,53.93994154,0,9356,0.488440328,43,3,West,55.39427718,54.95994154
No,39.83562733,0,3819,0.49063523,47,4,Northern Rim,56.57966351,40.85562733
No,45.47345198,0,10926,0.458381694,30,3,Eastern Islands,60.73862206,46.49345198
No,51.41520957,0,11505,0.506264354,37,4,Eastern Islands,57.86641015,52.43520957
No,50.06775715,0,9626,0.544219791,18,2,Northern Rim,61.93181204,51.08775715
No,51.2393064,0,16046,0.526280655,27,1,Northern Rim,59.22386751,52.2593064
No,47.35724044,0,7502,0.506264566,63,4,Eastern Islands,59.89697452,48.37724044
No,51.43119814,1,8546,0.49863094,39,2,Northern Rim,40.99544778,52.45119814
No,46.38709392,0,15793,0.485218418,30,3,West,59.64414771,47.40709392
No,48.58347139,0,8565,0.523257449,18,3,Northern Rim,58.47497218,49.60347139
No,32.51920709,0,14002,0.501711412,46,5,Northern Rim,52.10937501,33.53920709
No,40.91561741,0,12721,0.482685126,45,3,West,59.86868862,41.93561741
No,53.02131024,0,7282,0.519083486,33,2,Eastern Islands,47.74170437,54.04131024
No,49.79049963,0,3472,0.480573807,50,3,Eastern Islands,64.31277285,50.81049963
No,60.30504843,0,7255,0.52505347,40,3,Eastern Islands,59.06209888,61.32504843
No,55.80510114,0,5088,0.504228252,18,3,Northern Rim,52.02803668,56.82510114
No,48.51248414,1,10214,0.503274407,26,4,Eastern Islands,49.89570158,49.53248414
No,54.45587721,0,4857,0.530700178,38,4,Eastern Islands,48.91212777,55.47587721
No,43.82325281,0,11136,0.506399558,30,3,Northern Rim,59.17859458,44.84325281
No,49.9956057,1,6557,0.516707576,48,3,Northern Rim,55.49665377,51.0156057
No,63.10419374,0,10990,0.528218281,18,4,Northern Rim,64.62575459,64.12419374
No,60.26091259,0,3458,0.519291395,39,3,Eastern Islands,56.6647188,61.28091259
No,62.91997818,0,13384,0.50185703,44,4,Northern Rim,47.74215391,63.93997818
No,51.46800912,0,11153,0.464577898,51,2,West,62.51743362,52.48800912
No,47.66370622,0,4518,0.471187117,64,3,West,57.8572193,48.68370622
No,50.77305687,0,15647,0.526100302,40,4,Northern Rim,53.92699546,51.79305687
No,67.82519335,0,11756,0.532892997,72,4,Eastern Islands,58.90017881,68.84519335
No,61.34072714,0,9984,0.506254299,66,4,Eastern Islands,57.56197516,62.36072714
No,56.16073135,0,11027,0.4991156,56,2,West,52.02407829,57.18073135
No,50.17413676,0,7103,0.517394184,54,3,West,42.19518986,51.19413676
No,66.10144901,0,7522,0.499883632,55,4,Eastern Islands,58.95577168,67.12144901
No,31.9332543,0,4231,0.490930716,44,2,West,58.95945226,32.9532543
No,48.6081777,1,7258,0.521974764,45,4,Eastern Islands,42.398125,49.6281777
No,56.82778787,0,6478,0.478360644,25,5,West,56.49421377,57.84778787
No,53.98969737,0,2402,0.525969447,23,4,Northern Rim,59.82871881,55.00969737
No,50.86185802,0,6598,0.495367359,27,4,Northern Rim,62.59372404,51.88185802
No,68.5056476,0,9674,0.516258498,61,4,West,57.0330327,69.5256476
No,47.63060183,0,7909,0.537577163,29,3,West,58.81317757,48.65060183
No,48.56724785,0,11783,0.514239654,26,1,Eastern Islands,69.2877261,49.58724785
No,63.07789134,0,16666,0.509987596,24,3,West,62.37618776,64.09789134
No,53.44591515,0,10029,0.502235203,48,4,West,57.31182485,54.46591515
No,68.72414667,0,9755,0.514083619,50,3,West,68.8803066,69.74414667
No,50.6464689,0,15016,0.521913042,28,4,West,53.55055124,51.6664689
No,51.68993864,1,5572,0.526688416,45,3,Northern Rim,51.12204098,52.70993864
No,45.31581478,1,8204,0.511147891,32,3,Northern Rim,55.00060215,46.33581478
No,49.29913473,0,8935,0.513943998,46,5,Northern Rim,52.20385607,50.31913473
No,37.65250839,0,6514,0.515215581,44,3,Eastern Islands,62.74454653,38.67250839
No,46.16255674,0,14159,0.466810303,43,5,Northern Rim,50.10784588,47.18255674
No,61.55202694,0,10615,0.558770184,18,2,Northern Rim,47.51402342,62.57202694
No,39.78409299,0,11717,0.526564099,23,3,Northern Rim,58.32318439,40.80409299
No,47.13477635,0,7949,0.506429828,37,5,Eastern Islands,63.04882636,48.15477635
No,56.62597516,0,5478,0.537411208,42,3,West,54.63115272,57.64597516
No,43.46451771,0,4965,0.510583723,51,4,West,69.17512556,44.48451771
No,57.27534237,0,14404,0.512564826,39,4,West,54.70301089,58.29534237
No,38.83399798,0,2074,0.468105187,33,3,Eastern Islands,52.38557906,39.85399798
No,40.98353614,0,10256,0.522275197,39,3,Eastern Islands,53.33470345,42.00353614
No,46.88714528,0,15738,0.540556909,41,4,West,64.82826656,47.90714528
No,57.35433489,0,11023,0.507351449,60,4,West,54.54962665,58.37433489
No,53.069579,0,8182,0.514359954,44,4,Northern Rim,53.99491826,54.089579
No,48.01230132,0,10467,0.498913865,48,4,Northern Rim,52.95817131,49.03230132
No,56.57184769,0,5814,0.502881471,22,4,Eastern Islands,51.55650092,57.59184769
No,55.95971943,0,8105,0.511619597,51,4,Northern Rim,52.06150409,56.97971943
No,39.86496542,0,5744,0.514945335,49,2,Northern Rim,50.88557073,40.88496542
No,51.68817004,1,15636,0.502495625,18,3,West,64.59477643,52.70817004
No,53.63041885,0,7884,0.540784685,18,5,Eastern Islands,58.41573552,54.65041885
No,48.59405296,0,11185,0.481617272,44,3,Northern Rim,46.2663488,49.61405296
No,46.56719994,0,12686,0.504200576,41,4,West,50.85084793,47.58719994
No,45.04006447,0,10913,0.48338929,28,4,West,55.03102995,46.06006447
No,30.27175507,0,12647,0.533001826,36,4,Northern Rim,56.88373342,31.29175507
No,60.44522784,1,8673,0.458331103,39,3,West,53.95878857,61.46522784
No,54.5040208,1,7800,0.519735922,57,4,Eastern Islands,62.54170684,55.5240208
No,51.38240193,0,6451,0.495735181,51,4,Northern Rim,58.44803542,52.40240193
No,58.98143565,0,11786,0.51404364,49,4,West,45.3769931,60.00143565
No,67.48938499,0,5334,0.536849161,31,4,West,56.73113603,68.50938499
No,52.31947997,0,10744,0.51777497,58,3,West,56.92167531,53.33947997
No,49.76415259,0,4788,0.512128391,67,4,Northern Rim,57.47711066,50.78415259
No,42.66961286,0,12164,0.517639491,52,4,West,47.99191086,43.68961286
No,45.96238173,0,9577,0.526297761,28,3,West,58.5973239,46.98238173
No,48.42283341,0,8987,0.48317642,33,5,Northern Rim,62.77893397,49.44283341
No,49.89948749,0,6173,0.513483641,20,3,West,63.52487114,50.91948749
No,49.54011985,0,9117,0.481727685,32,5,Northern Rim,49.36210875,50.56011985
No,47.70435119,0,3103,0.480826599,37,4,Northern Rim,62.85737048,48.72435119
No,51.53907679,0,9048,0.518206546,67,3,Northern Rim,49.68536845,52.55907679
No,56.44184975,0,12655,0.513491545,31,3,West,51.14509776,57.46184975
No,49.19195202,0,5229,0.455262004,48,4,Northern Rim,53.88314529,50.21195202
No,49.52085361,0,11115,0.51352463,33,4,Northern Rim,50.5761742,50.54085361
No,59.92416329,0,4963,0.505491736,36,4,West,54.68863766,60.94416329
No,47.1200036,0,11467,0.506105015,57,2,Eastern Islands,57.58831273,48.1400036
No,48.40980475,0,12102,0.516164408,55,3,Northern Rim,52.99804001,49.42980475
No,41.48195391,0,2920,0.480825317,52,2,Eastern Islands,50.01211167,42.50195391
No,45.71498843,0,12938,0.512278186,47,5,West,46.4236663,46.73498843
No,61.3799057,0,15154,0.492283113,32,3,West,56.18157655,62.3999057
No,36.74278749,0,8552,0.508676096,67,3,Eastern Islands,51.13455163,37.76278749
No,64.8731094,0,10755,0.49926744,33,2,Northern Rim,56.82052356,65.8931094
No,59.1336482,0,5609,0.522485621,43,4,West,60.51618551,60.1536482
No,41.41712758,0,10750,0.504946744,32,3,Eastern Islands,54.57210467,42.43712758
No,52.85482094,0,9543,0.491881402,36,4,West,55.44684186,53.87482094
No,46.20588756,1,18902,0.508195519,51,4,Northern Rim,40.46797983,47.22588756
No,56.51074512,0,10617,0.485609834,30,4,Eastern Islands,57.17384207,57.53074512
No,31.79622665,0,11085,0.506679129,30,4,Northern Rim,62.25710345,32.81622665
No,47.91562656,0,9527,0.538780675,69,4,Eastern Islands,53.22924253,48.93562656
No,47.86113624,0,11546,0.500256477,47,5,Northern Rim,56.37055483,48.88113624
No,64.47885122,0,1656,0.495221256,64,5,West,48.70739131,65.49885122
No,45.82356411,0,11049,0.49554003,62,2,West,67.73125054,46.84356411
No,52.86984091,0,9824,0.531363738,25,4,West,61.49321001,53.88984091
No,59.26067505,0,18619,0.562805395,63,5,Northern Rim,51.61512151,60.28067505
No,42.07575379,0,4612,0.489137181,81,3,Eastern Islands,63.5518472,43.09575379
No,45.7869143,0,15706,0.566204023,28,2,Eastern Islands,62.65410128,46.8069143
No,43.05858245,0,10753,0.508021858,54,1,Eastern Islands,55.07763071,44.07858245
No,50.75085098,0,4330,0.519398287,63,4,West,39.97661347,51.77085098
No,50.60637675,0,8467,0.501439591,18,5,Northern Rim,61.6335251,51.62637675
No,63.80821952,0,10388,0.497823996,49,3,Northern Rim,47.42602462,64.82821952
No,59.7417406,0,11427,0.485637654,63,3,West,49.24393038,60.7617406
No,58.78658504,0,13269,0.510804275,23,2,Northern Rim,65.67122258,59.80658504
No,64.51071443,0,10483,0.478345191,18,5,Northern Rim,56.85310397,65.53071443
No,59.34229953,0,11813,0.490435416,18,3,Northern Rim,69.07539597,60.36229953
No,39.84938736,0,8173,0.500646496,18,4,Northern Rim,66.15879205,40.86938736
No,42.09977064,0,5905,0.487799834,42,3,Eastern Islands,58.2920495,43.11977064
No,30.75679555,0,8280,0.518901949,46,1,West,57.95590614,31.77679555
No,49.49768254,0,11017,0.484700633,47,6,Eastern Islands,56.35436438,50.51768254
No,39.18522627,0,5908,0.524189806,18,3,Northern Rim,63.21687654,40.20522627
No,58.02454069,0,4879,0.539699445,36,4,Northern Rim,58.28240625,59.04454069
No,50.8971608,1,9073,0.505133112,26,3,Eastern Islands,67.84380279,51.9171608
No,51.27447893,0,4579,0.488312497,31,5,West,60.41705735,52.29447893
No,46.32985925,0,16674,0.539748864,44,2,Eastern Islands,69.41678988,47.34985925
No,57.78281269,0,15108,0.496422936,70,3,West,48.68743821,58.80281269
No,43.3241971,0,5412,0.529868659,34,2,West,51.20635051,44.3441971
No,55.48075661,1,10664,0.51374328,63,3,West,60.69471977,56.50075661
No,57.34147848,0,10892,0.508941676,45,3,Eastern Islands,56.73797445,58.36147848
No,42.86495124,0,11877,0.541660422,60,6,West,59.17646225,43.88495124
No,40.84734489,0,8872,0.52001339,57,4,Northern Rim,46.20231432,41.86734489
No,42.25400833,0,4607,0.490868062,48,3,Eastern Islands,45.06482639,43.27400833
No,66.87242063,0,15131,0.549384219,54,3,Eastern Islands,54.05489606,67.89242063
No,61.18740357,0,10156,0.521375444,46,5,Northern Rim,45.42572859,62.20740357
No,61.0585149,0,13380,0.500599508,59,5,Eastern Islands,61.32260125,62.0785149
No,51.47417624,0,10084,0.515929329,52,3,Eastern Islands,45.71584257,52.49417624
No,52.68506261,0,15356,0.495779282,18,4,Northern Rim,46.41187542,53.70506261
No,46.56981047,0,14316,0.503484373,42,3,Northern Rim,38.87731983,47.58981047
No,56.78541032,0,7233,0.52981489,50,4,West,58.21692962,57.80541032
No,50.56135752,0,5769,0.496679262,50,1,Eastern Islands,58.56780577,51.58135752
No,53.91832003,0,11170,0.49323459,74,3,Eastern Islands,53.91884382,54.93832003
No,49.6496111,1,14598,0.472731205,47,3,West,61.19978956,50.6696111
No,55.64518913,0,8541,0.486525097,44,4,Northern Rim,57.47777493,56.66518913
No,61.73536725,1,6902,0.466808826,65,3,Northern Rim,70.93571976,62.75536725
No,50.83426451,0,1574,0.500343528,29,5,West,59.18004644,51.85426451
No,61.21377764,0,6775,0.535172051,33,3,West,63.50382159,62.23377764
No,53.54976469,0,14923,0.465043495,67,3,West,57.70980198,54.56976469
No,45.18699362,0,100,0.526987155,46,5,Eastern Islands,55.99796316,46.20699362
No,48.7467145,1,9779,0.502254221,47,4,Eastern Islands,60.57403597,49.7667145
No,49.81347259,0,7607,0.487823079,69,3,Northern Rim,56.42120356,50.83347259
No,71.44832793,0,14065,0.46808999,48,3,Northern Rim,58.67462873,72.46832793
No,50.38327649,0,2798,0.530430095,44,3,Eastern Islands,40.95134637,51.40327649
No,51.31208431,0,6609,0.495716393,39,3,Northern Rim,62.691737,52.33208431
No,52.69761266,0,8259,0.497991564,42,4,West,58.1918869,53.71761266
No,54.36306173,0,9837,0.497674734,26,3,Eastern Islands,46.67103098,55.38306173
No,62.28188692,0,10433,0.492124707,58,2,Eastern Islands,66.12402037,63.30188692
No,45.42774224,0,11979,0.506374815,32,2,Eastern Islands,50.19003739,46.44774224
No,45.51844418,0,11525,0.489131472,19,5,Eastern Islands,60.76182377,46.53844418
No,50.15766515,0,7381,0.555726361,41,5,Northern Rim,47.66242557,51.17766515
No,50.8737968,0,7426,0.494784044,66,3,West,38.95355753,51.8937968
No,48.58445799,0,15488,0.533158245,30,4,Northern Rim,62.71164698,49.60445799
No,62.62567165,0,10266,0.526365349,27,4,Eastern Islands,58.70728555,63.64567165
No,47.2839043,0,16436,0.512156591,18,3,West,64.48353946,48.3039043
No,45.83659072,0,12082,0.516083128,32,5,Eastern Islands,47.3712726,46.85659072
No,53.185721,0,11137,0.516594561,23,3,West,58.70689193,54.205721
No,47.93258677,0,10831,0.503274517,38,5,West,56.6580755,48.95258677
No,44.69932188,1,7258,0.52560204,18,3,Northern Rim,63.8059943,45.71932188
No,50.57195617,0,10651,0.533818761,51,3,Northern Rim,57.04956021,51.59195617
No,56.00787452,0,8421,0.489055034,30,3,West,64.8369511,57.02787452
No,38.31976063,0,14767,0.495159344,43,3,West,46.02168105,39.33976063
No,36.66441628,0,4970,0.515205358,41,3,West,63.97423399,37.68441628
No,38.93353905,0,12543,0.513289509,25,4,West,54.97345498,39.95353905
No,59.4918158,0,16454,0.48986839,52,3,Northern Rim,56.19949339,60.5118158
No,46.78940841,0,8794,0.530302886,59,4,Northern Rim,63.27734432,47.80940841
No,62.12105101,0,10311,0.521857196,70,4,Eastern Islands,57.06247191,63.14105101
No,33.07501628,0,2117,0.511593249,48,3,Northern Rim,52.02041431,34.09501628
No,62.43788389,0,9475,0.530619474,48,2,Eastern Islands,53.46456191,63.45788389
No,44.17808867,0,7010,0.511535132,37,4,Northern Rim,66.56712578,45.19808867
No,60.4330877,0,15409,0.506720938,18,3,West,72.18260243,61.4530877
No,51.50920883,0,11373,0.533981972,23,5,Northern Rim,57.84330219,52.52920883
No,45.52101929,0,9558,0.478126427,36,3,Eastern Islands,64.07790643,46.54101929
No,43.2772068,0,100,0.499718555,59,5,Eastern Islands,76.07196234,44.2972068
No,45.9881947,0,9768,0.499347829,38,3,Northern Rim,57.94280448,47.0081947
No,48.74714952,0,11534,0.548471917,29,5,West,56.53869245,49.76714952
No,56.57807186,0,11786,0.534203182,41,5,Northern Rim,64.85937738,57.59807186
No,39.31597837,0,4982,0.487378181,39,4,Northern Rim,60.32165347,40.33597837
No,48.77329323,0,6711,0.503584915,51,6,Northern Rim,59.69041992,49.79329323
No,52.95037961,0,14611,0.525063957,57,5,West,50.46133407,53.97037961
No,53.91413702,0,12034,0.537585962,77,5,Northern Rim,55.84049577,54.93413702
No,54.99893723,0,7266,0.510686767,39,4,West,54.80810926,56.01893723
No,47.22714178,0,6635,0.486829629,40,3,Northern Rim,60.30701881,48.24714178
No,51.06984858,0,11101,0.511431405,21,2,Eastern Islands,56.43088735,52.08984858
No,57.849395,0,7691,0.544021034,50,5,West,59.1311208,58.869395
No,48.26754753,0,15586,0.467219775,50,2,West,56.05749657,49.28754753
No,49.96909063,0,9173,0.515941168,30,2,Northern Rim,51.6974796,50.98909063
No,60.2201381,0,14398,0.509077626,59,4,Northern Rim,64.44700845,61.2401381
No,46.40358406,0,14039,0.522049552,55,3,West,44.63733141,47.42358406
No,47.41000731,0,12197,0.528848446,41,3,Eastern Islands,52.31536972,48.43000731
No,46.19234664,0,6017,0.522470114,37,2,West,60.08954184,47.21234664
No,41.37585687,0,1340,0.506860368,48,2,Eastern Islands,58.15215778,42.39585687
No,57.52577224,0,7715,0.508525615,46,4,West,72.85785075,58.54577224
No,53.93784499,0,8273,0.528196176,29,3,Eastern Islands,44.83719107,54.95784499
No,57.14488535,0,7925,0.500514615,49,2,Eastern Islands,53.08574134,58.16488535
No,53.59361508,0,11543,0.518097929,36,3,Eastern Islands,54.89700144,54.61361508
No,49.41545776,0,5493,0.510479406,30,5,Northern Rim,57.226501,50.43545776
No,56.17577927,0,14095,0.504715157,57,3,West,48.47678932,57.19577927
No,46.48831431,0,6948,0.522058629,50,2,Eastern Islands,50.92907147,47.50831431
No,50.73549638,1,19455,0.488621625,34,4,Eastern Islands,54.47067398,51.75549638
No,42.45156011,1,11050,0.519918074,65,3,Northern Rim,46.15639128,43.47156011
No,62.39312864,0,13845,0.50594298,72,1,Northern Rim,59.28307268,63.41312864
No,50.79617425,0,22031,0.528899548,45,3,West,54.39827455,51.81617425
No,46.61782427,0,12057,0.515622518,50,1,West,50.26185291,47.63782427
No,50.9206703,0,16261,0.51006842,39,4,Northern Rim,55.89210641,51.9406703
No,58.26951492,0,6090,0.52604468,71,5,Northern Rim,55.63780695,59.28951492
No,45.18302354,0,10098,0.45765973,40,3,West,55.14529418,46.20302354
No,59.21780431,0,13161,0.514328942,59,2,Eastern Islands,64.51697826,60.23780431
No,51.71691445,0,14360,0.520645325,38,3,Northern Rim,48.6835675,52.73691445
No,41.90675541,0,8765,0.519068964,61,2,Eastern Islands,58.40933859,42.92675541
No,47.96474062,0,5601,0.541402522,56,3,West,51.94443707,48.98474062
No,56.83637545,0,11919,0.496091095,36,3,West,54.63671213,57.85637545
No,56.77882686,0,6801,0.496958137,35,4,Eastern Islands,62.32587682,57.79882686
No,55.28307537,0,14721,0.505172019,18,4,Eastern Islands,57.74986469,56.30307537
No,44.24701751,0,10751,0.498900305,48,4,Northern Rim,62.41857445,45.26701751
No,55.95846949,0,5312,0.501938717,33,3,Northern Rim,58.47254102,56.97846949
No,61.96786068,0,6859,0.504585547,48,5,Northern Rim,66.26226661,62.98786068
No,40.76265582,0,13429,0.51223221,53,5,West,64.32652332,41.78265582
No,38.77922975,1,12586,0.521117593,44,3,Northern Rim,71.48218996,39.79922975
No,68.38973966,0,9020,0.521572798,41,3,Eastern Islands,59.58688458,69.40973966
No,61.62182074,0,11039,0.524954011,61,2,West,57.61947954,62.64182074
No,60.16779347,0,11538,0.549104022,45,3,Eastern Islands,61.43700612,61.18779347
No,47.18238895,0,10744,0.534491986,46,3,Eastern Islands,49.97219928,48.20238895
No,52.23122628,0,12148,0.472738392,51,5,Eastern Islands,47.35335714,53.25122628
No,46.88981479,0,22256,0.484554925,37,3,Eastern Islands,53.30591542,47.90981479
No,58.89687903,0,9273,0.503251763,69,4,Northern Rim,54.81228078,59.91687903
No,45.4787878,0,11813,0.495700727,50,4,Northern Rim,51.78493317,46.4987878
No,62.97781781,0,12448,0.496639838,35,4,West,66.25599691,63.99781781
No,48.19487562,0,13580,0.542525378,52,6,West,59.52322911,49.21487562
No,48.28713682,0,9903,0.475735426,42,3,Eastern Islands,50.72965797,49.30713682
No,46.80476613,0,17216,0.51281119,42,4,West,56.01922373,47.82476613
No,39.45417239,0,9030,0.537392492,63,4,Eastern Islands,52.3812084,40.47417239
No,41.10061137,0,6318,0.506208249,20,4,Northern Rim,61.36942672,42.12061137
No,55.48508953,0,18027,0.523090567,44,3,Eastern Islands,44.22308842,56.50508953
No,49.72735026,0,9254,0.49167938,64,3,West,54.93769603,50.74735026
No,45.04719101,0,7796,0.520073558,52,4,West,49.88260147,46.06719101
No,41.72266868,0,15621,0.49606257,57,3,West,48.41563233,42.74266868
No,43.65854953,0,3202,0.532997246,24,4,Northern Rim,50.15042096,44.67854953
No,55.94878161,0,5228,0.528421086,47,3,Eastern Islands,55.46269543,56.96878161
No,41.42482406,0,12138,0.48891924,54,3,Northern Rim,48.54824111,42.44482406
No,41.77137982,0,11345,0.519050602,48,3,Eastern Islands,53.74322713,42.79137982
No,42.60097465,0,2900,0.488493199,53,4,West,59.8016036,43.62097465
No,43.51472786,0,7634,0.513406276,41,3,Northern Rim,66.25824219,44.53472786
No,55.31128209,0,6772,0.512009102,18,3,Northern Rim,58.50563094,56.33128209
No,48.84329252,0,10392,0.487878783,64,3,West,61.40773738,49.86329252
No,65.79002998,0,15268,0.519134217,18,3,Eastern Islands,62.04689827,66.81002998
No,39.47042588,0,1263,0.517466213,38,3,Eastern Islands,68.20277047,40.49042588
No,37.96439363,0,3693,0.52893861,33,3,Northern Rim,56.01892108,38.98439363
No,47.66526878,0,14004,0.509144208,44,4,West,50.18006292,48.68526878
No,59.184074,0,7889,0.491128415,73,3,West,49.96755177,60.204074
No,63.20735817,0,7176,0.498574637,62,3,Eastern Islands,59.57865735,64.22735817
No,60.66628542,0,13017,0.496850464,40,4,West,63.78211181,61.68628542
No,45.99118389,0,7313,0.52203333,30,3,Eastern Islands,55.07208428,47.01118389
No,63.34143836,0,14532,0.510702804,58,3,West,61.06189544,64.36143836
No,55.59393786,0,9504,0.491712987,35,4,Northern Rim,51.77987934,56.61393786
No,50.47491602,0,9513,0.501335908,68,5,Eastern Islands,55.41260614,51.49491602
No,50.5654156,0,5016,0.539997944,56,4,West,59.90965137,51.5854156
No,47.23357483,0,8208,0.471189167,55,4,Eastern Islands,59.5441575,48.25357483
No,45.26828494,0,3106,0.502664979,30,3,Northern Rim,48.03980611,46.28828494
No,55.03792238,0,14299,0.513932309,60,4,Northern Rim,54.59322366,56.05792238
No,41.07211968,0,8327,0.516920775,51,3,Eastern Islands,63.98491797,42.09211968
No,56.79350895,0,7125,0.498721122,29,3,Northern Rim,64.1970955,57.81350895
No,57.51172804,0,9793,0.53827925,26,2,Eastern Islands,55.67095517,58.53172804
No,41.62748294,0,9350,0.518269512,41,4,Northern Rim,48.61421529,42.64748294
No,46.78976338,0,9533,0.514401692,77,2,Eastern Islands,54.01467891,47.80976338
No,40.76790958,0,9584,0.495933351,52,4,West,52.11120195,41.78790958
No,50.31940569,0,14124,0.491447985,52,3,West,60.81674505,51.33940569
No,48.5746996,0,5131,0.523418201,42,3,Eastern Islands,47.01032472,49.5946996
No,58.41377035,0,8431,0.496466567,45,3,Eastern Islands,55.18548321,59.43377035
No,48.238505,0,14091,0.506147288,27,6,West,49.71997303,49.258505
No,57.1952778,0,9063,0.469610133,43,4,Eastern Islands,54.27949747,58.2152778
No,48.53229764,0,11082,0.498504064,33,4,West,65.98676792,49.55229764
No,52.21394083,1,11329,0.522619373,47,2,Eastern Islands,55.11355877,53.23394083
No,44.39917877,0,11555,0.539859826,26,4,Eastern Islands,51.68586306,45.41917877
No,40.62191194,0,15692,0.50857532,53,3,Eastern Islands,53.88220848,41.64191194
No,51.70513463,0,7410,0.526052655,39,3,West,52.35411505,52.72513463
No,49.43071534,0,5655,0.49012504,53,3,Northern Rim,57.792963,50.45071534
No,55.15018508,0,8088,0.515026519,24,2,Northern Rim,60.88507306,56.17018508
No,51.51515602,0,7894,0.530259142,37,5,Eastern Islands,66.10388061,52.53515602
No,54.44084033,0,11089,0.526140815,25,3,Northern Rim,55.20229865,55.46084033
No,46.76655394,0,3121,0.486910311,64,3,Northern Rim,57.99518909,47.78655394
No,55.99378407,0,11502,0.544347716,52,4,West,47.60378325,57.01378407
No,34.32911731,0,7427,0.5370177,48,4,West,50.71378109,35.34911731
No,50.94752719,0,13145,0.533859515,34,2,Eastern Islands,67.6670487,51.96752719
No,44.11394517,0,7227,0.518841542,49,3,West,48.49903488,45.13394517
No,51.03455338,0,7426,0.501476936,46,2,West,63.24470902,52.05455338
No,57.57338801,0,11992,0.501493027,45,2,Northern Rim,51.60511127,58.59338801
No,50.18046434,0,11320,0.498174836,44,5,Northern Rim,46.63220098,51.20046434
No,39.44489046,0,13454,0.482354291,19,4,Eastern Islands,53.66768824,40.46489046
No,44.76440781,0,6267,0.571023117,29,3,Eastern Islands,55.07375469,45.78440781
No,41.06506747,1,3671,0.473477143,35,3,West,41.64877164,42.08506747
No,55.19972639,0,3990,0.529678297,37,3,Northern Rim,57.83154292,56.21972639
No,49.67869861,0,11213,0.513743872,49,3,Northern Rim,56.86025881,50.69869861
No,55.41685509,0,7544,0.489021413,42,3,Northern Rim,52.03847383,56.43685509
No,49.3792179,0,10154,0.489570889,21,5,Northern Rim,75.59741101,50.3992179
No,45.70731316,0,2297,0.506558694,29,3,West,58.88432238,46.72731316
No,35.51344538,0,20297,0.504292619,58,6,Eastern Islands,47.71177037,36.53344538
No,45.59647891,0,4987,0.514702234,34,3,Eastern Islands,55.48750184,46.61647891
No,53.13657381,0,8912,0.494945883,22,3,West,40.28696488,54.15657381
No,41.93142902,0,7380,0.525197566,76,4,Eastern Islands,58.92698129,42.95142902
No,50.93451462,0,10247,0.516558923,34,4,Eastern Islands,71.58977729,51.95451462
No,62.84953886,0,8308,0.480801628,31,3,Eastern Islands,64.19146976,63.86953886
No,67.17675209,0,9340,0.519400013,35,3,West,63.98481593,68.19675209
No,46.48708629,0,9626,0.497981211,42,3,Eastern Islands,47.67120021,47.50708629
No,47.79188666,0,8822,0.496311769,47,4,Northern Rim,53.80512863,48.81188666
No,66.75675741,0,11886,0.519554179,18,3,Northern Rim,56.06120695,67.77675741
No,51.81752365,1,8147,0.482142686,48,2,Eastern Islands,56.88891845,52.83752365
No,41.54613659,0,15544,0.482906281,41,3,Eastern Islands,58.49003825,42.56613659
No,53.5759076,0,13578,0.520236011,31,5,West,44.49866902,54.5959076
No,49.06002704,1,7546,0.50715159,48,3,Eastern Islands,48.41665081,50.08002704
No,57.61814401,0,13490,0.516581555,38,3,Eastern Islands,63.01345502,58.63814401
No,52.51228944,0,8102,0.473990319,35,2,Northern Rim,64.45149347,53.53228944
No,32.16448701,0,3227,0.521843739,18,4,Northern Rim,57.41324161,33.18448701
No,58.42204224,0,8103,0.510823709,48,3,Northern Rim,51.44719378,59.44204224
No,47.75394163,0,14095,0.505064449,36,3,Eastern Islands,51.887025,48.77394163
No,50.80868109,0,10201,0.548551348,26,4,Eastern Islands,62.37990709,51.82868109
No,63.03043507,0,12449,0.507926557,53,2,West,54.54643887,64.05043507
No,47.87981778,0,8200,0.538050603,18,3,West,45.75374284,48.89981778
No,50.56038382,0,16080,0.488843569,58,4,West,65.30578795,51.58038382
No,43.47549979,0,6885,0.521788978,41,3,Northern Rim,54.40556504,44.49549979
No,60.03802224,0,10379,0.507924565,59,4,Eastern Islands,54.66450947,61.05802224
No,53.96306599,1,10487,0.526264238,19,3,West,54.39182215,54.98306599
No,55.7957197,0,13427,0.471549934,38,4,West,63.61887055,56.8157197
No,45.46572438,0,4032,0.511042955,61,1,Eastern Islands,47.24868398,46.48572438
No,67.51451029,0,9284,0.553553195,25,4,West,54.11325842,68.53451029
No,57.83593444,0,962,0.54998797,57,4,West,61.72482315,58.85593444
No,53.61303426,0,11950,0.497653584,18,4,West,51.583347,54.63303426
No,52.39561362,0,5565,0.500461955,26,6,Eastern Islands,53.96455126,53.41561362
No,45.92142068,0,10282,0.521362819,35,5,Northern Rim,50.55710006,46.94142068
No,52.58632901,1,9733,0.509141352,31,4,West,43.68764203,53.60632901
No,43.24694038,1,10461,0.500860001,26,4,Northern Rim,49.39887776,44.26694038
No,62.59555766,0,12574,0.540156254,69,5,Northern Rim,59.85815713,63.61555766
No,38.19301628,0,15767,0.475212452,26,3,Northern Rim,63.25631485,39.21301628
No,41.93578699,0,11256,0.49069155,43,3,Eastern Islands,43.32258987,42.95578699
No,50.1927095,0,10382,0.457045796,21,4,West,57.04474173,51.2127095
No,61.96526573,0,8624,0.503248584,46,4,Northern Rim,63.05092087,62.98526573
No,51.59258048,0,7728,0.503404753,37,5,West,63.93623199,52.61258048
No,42.30938785,1,12880,0.51927922,63,2,West,54.13172799,43.32938785
No,51.64124979,1,12340,0.494997287,40,4,West,68.14189405,52.66124979
No,49.9999173,0,7169,0.53217944,41,4,West,60.57676079,51.0199173
No,50.21500358,1,11869,0.501934774,31,3,West,54.71736695,51.23500358
No,54.73312442,0,14795,0.50447005,55,4,West,58.28148337,55.75312442
No,60.81261408,0,2563,0.530966184,30,5,West,56.31493804,61.83261408
No,51.03714644,0,13727,0.512380073,37,3,West,65.63999712,52.05714644
No,45.91458689,1,5867,0.539256197,32,3,Northern Rim,71.02549742,46.93458689
No,63.01524125,0,8283,0.453710931,26,5,Eastern Islands,60.24780682,64.03524125
No,46.26075756,1,11422,0.494149758,40,3,West,45.68102815,47.28075756
No,60.27874302,0,13343,0.485848792,42,4,Eastern Islands,49.49546928,61.29874302
No,52.56465319,0,11634,0.487296258,26,3,Northern Rim,61.3900765,53.58465319
No,38.65766212,0,14091,0.496022563,67,3,Eastern Islands,59.46446475,39.67766212
No,65.12668716,0,12425,0.519724339,20,4,West,65.0890612,66.14668716
No,40.155874,0,16185,0.507128464,41,2,West,58.19310366,41.175874
No,57.49996851,0,16404,0.518549617,43,4,Eastern Islands,59.98181902,58.51996851
No,51.33217641,1,15143,0.492791007,26,5,West,62.38612692,52.35217641
No,37.34575164,0,14410,0.493375089,59,2,West,50.95974582,38.36575164
No,45.27416287,0,12842,0.521907919,40,4,Northern Rim,60.14443267,46.29416287
No,49.73786612,1,22469,0.506743627,61,2,Northern Rim,56.94097738,50.75786612
No,65.10847158,0,10645,0.507847466,46,3,Eastern Islands,50.75760559,66.12847158
No,55.03926255,0,13205,0.494661914,29,2,Northern Rim,57.81138771,56.05926255
No,43.16127821,0,17023,0.525592256,46,5,Northern Rim,55.35714987,44.18127821
No,38.93856445,0,10428,0.51111268,67,2,Northern Rim,51.89994939,39.95856445
No,62.08782818,0,4654,0.485756111,36,3,West,52.83782782,63.10782818
No,39.93128773,0,7616,0.522784786,50,3,West,60.71168438,40.95128773
No,44.31733715,0,18178,0.544324849,79,4,Northern Rim,42.5183584,45.33733715
No,57.64093024,0,6742,0.512665455,41,5,Northern Rim,54.55779382,58.66093024
No,50.7015387,0,12603,0.521456503,31,3,West,53.90295216,51.7215387
No,47.1324657,0,15487,0.524987462,52,4,Northern Rim,55.55837254,48.1524657
No,46.76918065,0,9859,0.488277277,30,3,Eastern Islands,68.69771042,47.78918065
No,54.86472136,0,5712,0.4953106,43,2,West,53.19027186,55.88472136
No,47.69636195,0,4998,0.497199123,18,3,West,56.32827101,48.71636195
No,44.16649637,0,15318,0.523265671,40,3,Northern Rim,55.85473071,45.18649637
No,47.67006114,0,12349,0.487179896,56,4,Eastern Islands,52.89862694,48.69006114
No,58.88708726,0,2739,0.525996364,52,3,West,49.20209808,59.90708726
No,45.14399837,0,9459,0.545866872,48,5,Northern Rim,45.72728186,46.16399837
No,52.86074352,0,8181,0.509650274,46,4,West,46.5970591,53.88074352
No,53.89812829,0,10099,0.48116978,38,4,Eastern Islands,56.64150696,54.91812829
No,49.14916942,0,6795,0.520286437,49,3,West,60.96641409,50.16916942
No,40.96482343,1,12260,0.497528503,28,3,Northern Rim,55.4835282,41.98482343
No,58.40578398,0,5392,0.505739294,62,3,West,61.98188803,59.42578398
No,56.93439326,0,14693,0.506163202,45,3,Northern Rim,51.1728984,57.95439326
No,70.46316101,0,16352,0.507704255,18,5,West,50.26464967,71.48316101
No,36.22786061,0,11098,0.503736028,18,3,Northern Rim,45.27163145,37.24786061
No,39.48918173,1,11842,0.518847496,24,4,West,71.41614852,40.50918173
No,58.99177912,1,17212,0.506085234,53,3,West,51.77200283,60.01177912
No,55.6744805,0,10456,0.494603924,59,4,Eastern Islands,60.10922291,56.6944805
No,47.88046334,0,16420,0.501068365,44,4,Northern Rim,52.18638834,48.90046334
No,55.94229107,1,13368,0.50615111,18,3,Eastern Islands,54.92250183,56.96229107
No,54.28474837,0,12021,0.529949177,54,5,Eastern Islands,37.01677403,55.30474837
No,41.42987388,0,4311,0.521381529,38,4,Eastern Islands,70.88185465,42.44987388
No,39.60986529,0,9128,0.526166291,35,3,Eastern Islands,58.03341418,40.62986529
No,63.49782792,0,13999,0.481414481,41,2,West,55.91518665,64.51782792
No,58.98067463,0,10174,0.495167009,43,3,West,52.10991892,60.00067463
No,44.15439192,0,10345,0.52001979,24,4,Northern Rim,70.25155034,45.17439192
No,53.32131443,0,3970,0.504608346,38,3,Eastern Islands,51.72654814,54.34131443
No,60.68871487,0,3672,0.483895209,55,4,Eastern Islands,49.97357657,61.70871487
No,50.8632001,0,14161,0.475053236,36,3,Eastern Islands,56.39207299,51.8832001
No,48.76971596,1,11102,0.48889045,23,2,West,57.31483075,49.78971596
No,45.64319969,0,2353,0.517911267,58,3,Northern Rim,60.09353989,46.66319969
No,41.47303427,0,2054,0.513635794,51,3,Northern Rim,54.78102919,42.49303427
No,64.02236746,0,14967,0.465527343,44,3,Eastern Islands,57.57519098,65.04236746
No,44.7087254,0,16598,0.528011924,40,4,Northern Rim,56.28429099,45.7287254
No,49.09662242,0,12282,0.489275126,53,3,Eastern Islands,63.83502539,50.11662242
No,52.24805349,0,11839,0.516559841,19,3,Eastern Islands,55.54092032,53.26805349
No,53.9481611,0,15097,0.49412258,51,4,West,62.46256469,54.9681611
No,62.17133167,0,5873,0.494269777,63,4,West,64.33691614,63.19133167
No,49.7746657,0,16087,0.504569517,48,1,Eastern Islands,52.63381305,50.7946657
No,50.21559687,0,9728,0.491235255,19,4,Eastern Islands,44.44731487,51.23559687
No,54.02190937,0,11201,0.512041941,44,5,Eastern Islands,66.58446643,55.04190937
No,41.59142732,1,8046,0.506097772,52,3,West,54.28023219,42.61142732
No,53.33419156,0,11060,0.528575,30,3,Eastern Islands,43.24240318,54.35419156
No,37.40046691,0,7380,0.505203107,18,4,West,52.27636337,38.42046691
No,48.66097661,0,20656,0.527936505,38,5,Eastern Islands,80.25276053,49.68097661
No,46.95126598,0,6407,0.478026349,53,2,Eastern Islands,61.50089571,47.97126598
No,45.35771304,0,14304,0.561395281,53,3,West,49.44787037,46.37771304
No,52.38903884,0,6141,0.455676235,46,4,Eastern Islands,47.61462844,53.40903884
No,48.97171813,0,10764,0.484426977,49,3,West,55.98238822,49.99171813
No,57.60189893,0,7330,0.518992546,41,4,Northern Rim,76.6860412,58.62189893
No,42.24598403,0,1997,0.516558269,51,6,West,55.99334566,43.26598403
No,48.23869533,0,3324,0.494767628,59,5,Northern Rim,62.91625035,49.25869533
No,50.16419031,0,8143,0.502592384,43,4,West,53.53385462,51.18419031
No,57.15035376,0,11294,0.518443409,68,2,West,69.92283289,58.17035376
No,41.68247074,0,11418,0.5535504,19,5,Eastern Islands,56.58981133,42.70247074
No,46.94615782,0,4037,0.505066851,30,6,Northern Rim,56.49278199,47.96615782
No,61.15091536,0,8827,0.503795414,33,2,Eastern Islands,60.3972927,62.17091536
No,50.47947162,0,11257,0.493850315,37,4,Northern Rim,42.34135306,51.49947162
No,43.84938115,0,9263,0.493031663,43,3,Eastern Islands,59.50917243,44.86938115
No,34.24931693,0,10503,0.514732199,65,4,West,71.11841181,35.26931693
No,45.24335337,0,8424,0.540553053,39,4,Northern Rim,61.34417368,46.26335337
No,47.06217902,0,14230,0.535902152,82,2,Northern Rim,64.40660193,48.08217902
No,39.84373489,0,11212,0.48148717,57,3,West,54.52681465,40.86373489
No,51.21688088,1,9040,0.50416631,55,4,Eastern Islands,51.4223669,52.23688088
No,55.68356124,0,11183,0.511414329,34,3,Eastern Islands,57.74013762,56.70356124
No,57.78568523,0,16339,0.5276936,35,3,Eastern Islands,47.01685111,58.80568523
No,47.22034156,0,7477,0.524076561,50,5,Northern Rim,69.70891658,48.24034156
No,52.15064285,0,14195,0.513134771,54,3,Eastern Islands,46.84841154,53.17064285
No,44.45573849,0,15498,0.49298527,26,3,Eastern Islands,58.82157399,45.47573849
No,48.25258419,0,7253,0.477200096,63,2,Eastern Islands,57.73083975,49.27258419
No,63.15846948,0,17655,0.474535995,41,3,Eastern Islands,69.30045713,64.17846948
No,47.28993672,1,15795,0.510897717,31,3,Northern Rim,56.50042985,48.30993672
No,49.84655255,0,6326,0.476340112,39,4,Northern Rim,61.69211891,50.86655255
No,46.17485588,0,11777,0.551564209,41,4,Northern Rim,54.34072664,47.19485588
No,48.02903676,0,20676,0.499577068,32,5,Eastern Islands,54.26442694,49.04903676
No,47.02725275,0,12702,0.490615228,32,4,Northern Rim,60.93767741,48.04725275
No,37.95039191,0,6850,0.490192952,26,3,Northern Rim,50.8693245,38.97039191
No,36.19998993,0,7474,0.484516838,18,2,Eastern Islands,52.38365886,37.21998993
No,50.45128554,0,15627,0.52119283,52,3,West,52.21604741,51.47128554
No,64.95681036,0,14333,0.518923031,18,5,Northern Rim,48.82840686,65.97681036
No,48.11845571,0,11697,0.501290521,48,4,Eastern Islands,66.17224337,49.13845571
No,56.42820305,1,12982,0.535392943,56,4,Northern Rim,65.72477667,57.44820305
No,62.11445857,0,10619,0.515420476,49,3,Eastern Islands,57.76513224,63.13445857
No,50.4203652,0,9345,0.501635563,31,3,Eastern Islands,57.34241004,51.4403652
No,49.90212778,0,7448,0.532127075,27,4,Northern Rim,49.50030014,50.92212778
No,40.93460182,0,11107,0.476758032,49,5,Northern Rim,47.23663834,41.95460182
No,56.12273959,0,9023,0.512232314,50,3,Eastern Islands,55.24132923,57.14273959
No,49.74208141,0,3802,0.482431834,40,4,West,53.93369717,50.76208141
No,61.38856838,0,7827,0.513014098,29,5,Eastern Islands,52.83859131,62.40856838
No,53.37273807,0,6360,0.494017894,51,5,Northern Rim,67.71737777,54.39273807
No,45.47545149,0,12825,0.482335539,42,5,Eastern Islands,51.32972559,46.49545149
No,49.64661036,0,13425,0.503914757,18,4,West,59.10144799,50.66661036
No,49.61494964,1,10535,0.491847013,19,2,Northern Rim,51.7781348,50.63494964
No,69.4217516,0,8074,0.524911177,46,1,Eastern Islands,55.46954161,70.4417516
No,57.8337334,0,10624,0.516719474,40,4,Eastern Islands,58.43670212,58.8537334
No,44.0210275,0,16328,0.499957152,42,3,Eastern Islands,49.22349467,45.0410275
No,37.4334868,0,7791,0.54253896,59,3,Northern Rim,63.46532274,38.4534868
No,47.31039402,0,19001,0.526173309,26,3,Eastern Islands,48.8445119,48.33039402
No,54.12081243,0,11934,0.559775067,60,3,West,61.8126727,55.14081243
No,52.84448649,0,9826,0.503943717,42,3,Northern Rim,61.37967604,53.86448649
No,53.86958474,0,6185,0.518481812,49,4,Northern Rim,41.39977764,54.88958474
No,59.78569851,0,15033,0.540417208,48,2,Northern Rim,69.032442,60.80569851
No,51.64879226,0,8696,0.508969118,54,3,West,51.46067937,52.66879226
No,43.39352518,0,6510,0.500099872,57,4,West,59.23984191,44.41352518
No,57.25463781,0,5121,0.498980411,55,4,Eastern Islands,44.91302103,58.27463781
No,66.90244609,0,12835,0.489995203,18,4,West,54.87391338,67.92244609
No,53.86926769,0,8051,0.478627933,39,5,Eastern Islands,52.12071817,54.88926769
No,40.04486933,0,6647,0.507685194,46,5,Eastern Islands,66.57901536,41.06486933
No,34.97459055,0,9312,0.513276581,54,5,Northern Rim,55.66976995,35.99459055
No,44.17979448,0,7381,0.512907084,81,3,Northern Rim,54.30102886,45.19979448
No,29.60894713,0,9465,0.479858401,33,2,Northern Rim,58.4037606,30.62894713
No,54.53699809,0,8324,0.495421928,49,3,Eastern Islands,58.41611983,55.55699809
No,46.96029578,0,4203,0.516804571,22,2,West,65.7430916,47.98029578
No,48.46391447,0,8061,0.538910987,51,5,Eastern Islands,66.24990226,49.48391447
No,45.1529434,0,8727,0.497984441,54,2,Eastern Islands,63.07158772,46.1729434
No,62.78350771,0,8876,0.496330968,38,5,Eastern Islands,54.92409977,63.80350771
No,63.31001172,0,3764,0.493757406,50,3,West,61.23676556,64.33001172
No,58.91283181,0,5563,0.478714389,49,2,Northern Rim,52.78385184,59.93283181
No,41.35348258,0,13328,0.512305919,41,1,Eastern Islands,65.52182897,42.37348258
No,50.96438112,0,11032,0.510635331,43,3,Eastern Islands,47.25488094,51.98438112
No,58.70451163,0,8805,0.504814641,69,3,Northern Rim,61.63095714,59.72451163
No,59.29413316,0,11118,0.497136268,70,5,West,45.51654418,60.31413316
No,61.04038349,1,10254,0.46668175,33,4,Northern Rim,67.66210523,62.06038349
No,37.33340203,0,4925,0.52119033,54,2,Northern Rim,58.8482827,38.35340203
No,43.92341579,0,10670,0.509422031,19,3,Northern Rim,53.21242096,44.94341579
No,61.38622307,0,16518,0.510634188,30,6,Eastern Islands,65.4006581,62.40622307
No,47.48587717,0,9837,0.504716603,50,3,Eastern Islands,59.36933784,48.50587717
No,47.98984268,0,19674,0.469578885,42,3,Northern Rim,55.9090003,49.00984268
No,50.9768003,1,15754,0.523152931,47,4,Northern Rim,62.87395472,51.9968003
No,66.82720155,0,12117,0.506430627,55,3,Northern Rim,55.00440951,67.84720155
No,49.99566933,0,10302,0.518507724,46,3,Eastern Islands,69.51835371,51.01566933
No,48.63877049,0,14858,0.513002676,31,3,Northern Rim,63.44859309,49.65877049
No,58.3666428,0,13902,0.505618854,53,4,Northern Rim,61.61248556,59.3866428
No,54.4127034,0,585,0.525047429,29,5,West,54.15245091,55.4327034
No,58.30728118,0,15843,0.493364425,18,4,Eastern Islands,58.64691647,59.32728118
No,48.42151174,0,4899,0.487323532,22,3,West,54.85767876,49.44151174
No,41.9223991,0,9736,0.545796167,25,4,Eastern Islands,60.50363643,42.9423991
No,39.61704011,0,7147,0.487940114,57,2,West,58.71777788,40.63704011
No,57.24426348,0,8466,0.499730636,26,3,West,53.71829925,58.26426348
No,58.86157908,0,9791,0.512091733,38,5,Eastern Islands,61.86839493,59.88157908
No,59.60725904,0,11429,0.54325133,37,4,West,64.8483891,60.62725904
No,46.70148034,0,8357,0.461412403,38,4,Northern Rim,57.68284603,47.72148034
No,52.67487194,0,8020,0.528474382,62,3,West,61.0914182,53.69487194
No,34.22234431,0,7517,0.535765689,29,2,Northern Rim,48.52266723,35.24234431
No,46.27936561,0,7177,0.487096268,37,4,Eastern Islands,47.09814983,47.29936561
No,57.36445014,0,5669,0.548070641,61,1,Eastern Islands,49.66518574,58.38445014
No,63.66675828,0,14906,0.503140001,59,3,West,54.16393062,64.68675828
No,56.80451929,0,13100,0.520147849,44,2,Eastern Islands,53.77160242,57.82451929
No,43.19700172,0,10106,0.535664763,61,4,West,57.35420457,44.21700172
No,68.62954015,0,12434,0.455261528,34,2,West,51.79229461,69.64954015
No,47.14517075,0,182,0.525053129,58,3,Eastern Islands,48.45863422,48.16517075
No,62.51476639,0,8663,0.501157941,51,3,West,53.6377432,63.53476639
No,60.96583587,0,15543,0.498276416,42,3,West,43.77400308,61.98583587
No,36.61930054,0,13611,0.475123355,51,3,West,49.77167084,37.63930054
No,55.31629776,0,7409,0.508042973,46,4,West,60.34411099,56.33629776
No,47.45941646,0,14679,0.475623014,41,3,West,53.81755118,48.47941646
No,63.75803539,1,8216,0.473026703,32,4,West,59.97203413,64.77803539
No,54.06300376,0,8872,0.515876556,34,5,Northern Rim,53.78137697,55.08300376
No,48.11584822,0,14065,0.516319457,46,3,West,59.5799361,49.13584822
No,46.5631611,0,9528,0.525204046,54,2,Eastern Islands,59.21204583,47.5831611
No,43.27163789,0,10217,0.493240456,29,4,Northern Rim,55.50555706,44.29163789
No,58.5192711,0,6884,0.527561729,39,3,Northern Rim,52.75071893,59.5392711
No,56.92893293,0,7446,0.534500591,61,5,Eastern Islands,56.21988201,57.94893293
No,60.11766182,0,3449,0.518528061,23,5,Northern Rim,59.09521674,61.13766182
No,50.05278397,0,13639,0.509333395,39,2,Eastern Islands,63.80633025,51.07278397
No,50.30189191,0,7721,0.492448509,32,4,West,45.41468253,51.32189191
No,53.85474368,0,7185,0.471937939,47,3,Northern Rim,54.61691607,54.87474368
No,45.57851547,0,11844,0.531300646,49,4,West,67.4964935,46.59851547
No,55.53305463,0,12029,0.527134168,47,3,Northern Rim,68.2402546,56.55305463
No,43.05950397,0,15547,0.509808623,49,4,Eastern Islands,48.79893444,44.07950397
No,56.97433249,0,13884,0.509966376,34,3,Northern Rim,63.27454796,57.99433249
No,51.8585871,0,11316,0.523411747,57,4,Eastern Islands,65.95080817,52.8785871
No,38.67822436,0,7976,0.563447837,85,2,West,52.2930306,39.69822436
No,40.85980789,0,9339,0.539095485,47,2,West,60.18401872,41.87980789
No,51.27066158,0,3101,0.495966206,43,6,Northern Rim,63.89704737,52.29066158
No,45.72912196,1,6463,0.501439051,18,4,West,79.01039513,46.74912196
No,52.04068387,0,11520,0.487829549,33,3,Eastern Islands,49.96027752,53.06068387
No,44.80777544,0,10165,0.441353732,34,3,Northern Rim,47.9146218,45.82777544
No,32.09440112,0,13197,0.497221605,36,5,West,65.12744593,33.11440112
No,47.24398523,0,8477,0.526779399,44,2,West,56.10440421,48.26398523
No,59.73682152,0,7712,0.478714164,58,3,West,68.97661707,60.75682152
No,50.66344686,0,10302,0.505042138,41,4,Eastern Islands,51.59266226,51.68344686
No,53.13567132,0,9465,0.510074293,18,2,Eastern Islands,55.05107157,54.15567132
No,37.34199519,0,11653,0.495632923,42,3,West,54.56539587,38.36199519
No,65.9239304,0,11521,0.534360659,62,3,Northern Rim,43.59124811,66.9439304
No,43.50930287,0,3509,0.491830702,24,4,Northern Rim,51.42780962,44.52930287
No,53.74347253,0,8561,0.477896138,49,5,Northern Rim,65.38443047,54.76347253
No,47.61428019,0,13961,0.529349413,59,3,West,53.60886512,48.63428019
No,60.40849981,0,9823,0.528021859,64,5,West,54.05454595,61.42849981
No,44.43553565,0,14531,0.505732843,60,2,Northern Rim,71.13744992,45.45553565
No,35.91320238,0,4313,0.522097504,31,3,Eastern Islands,53.3086184,36.93320238
No,44.92057295,1,10729,0.499782158,32,4,West,47.95382344,45.94057295
No,42.64013233,1,4469,0.475190534,40,3,Northern Rim,59.27116534,43.66013233
No,69.64382288,1,7812,0.492405544,40,3,Eastern Islands,64.18261622,70.66382288
No,63.96482052,0,12904,0.478229774,25,5,West,69.40634221,64.98482052
No,43.01298037,0,7589,0.537222004,28,3,Northern Rim,53.25425541,44.03298037
No,52.6060869,0,21253,0.522498421,18,4,Northern Rim,54.33503638,53.6260869
No,47.90566374,0,15306,0.538653057,28,3,Northern Rim,54.63394327,48.92566374
No,54.64187978,0,6641,0.478960458,80,3,West,67.01262967,55.66187978
No,48.42554329,0,9792,0.519917889,39,5,West,47.95257477,49.44554329
No,39.99563716,1,10432,0.495078724,38,3,West,57.82106296,41.01563716
No,40.08730946,1,7706,0.530774884,31,3,Eastern Islands,57.75790819,41.10730946
No,62.67231945,1,16998,0.538470245,41,3,Northern Rim,59.68958178,63.69231945
No,45.02462865,0,9147,0.487165166,18,4,Northern Rim,59.83629433,46.04462865
No,51.58210949,0,9972,0.518482122,27,3,West,72.51741763,52.60210949
No,53.78492831,0,16791,0.505464898,36,7,West,57.91115717,54.80492831
No,42.82566134,0,12202,0.506015959,39,3,Eastern Islands,73.72013007,43.84566134
No,63.54635316,0,14087,0.483060277,38,4,Eastern Islands,63.5238064,64.56635316
No,62.80708164,0,8862,0.489379943,76,4,Eastern Islands,52.13465025,63.82708164
No,57.10303551,0,8330,0.507252776,34,4,Northern Rim,61.33607988,58.12303551
No,53.28157601,0,10398,0.555510031,71,4,Northern Rim,57.88807383,54.30157601
No,65.35745919,0,7811,0.520707186,65,4,Northern Rim,57.12053746,66.37745919
No,62.26881876,0,12812,0.484470449,31,5,Northern Rim,44.4316021,63.28881876
No,51.44116254,0,13682,0.486444519,52,4,Eastern Islands,59.46575909,52.46116254
No,48.41935183,0,5788,0.507474677,25,4,West,52.22603405,49.43935183
No,43.03700643,0,5629,0.54301219,34,4,West,55.50790068,44.05700643
No,55.56915426,1,8949,0.539324353,55,2,Northern Rim,62.32593865,56.58915426
No,41.85075057,1,13222,0.524559117,51,2,Northern Rim,56.57163646,42.87075057
No,60.80447267,0,15202,0.47037265,38,3,Eastern Islands,56.49737916,61.82447267
No,48.42421032,1,9860,0.53018916,61,3,Eastern Islands,53.45404526,49.44421032
No,63.55990933,0,14697,0.502363495,47,4,Northern Rim,61.69450605,64.57990933
No,52.15098649,0,10764,0.514365658,40,4,West,46.54661864,53.17098649
No,48.46258614,0,4698,0.553186895,29,3,Eastern Islands,53.92654962,49.48258614
No,37.38150651,0,20422,0.509840046,35,5,Eastern Islands,57.53223287,38.40150651
No,45.28518485,0,6149,0.508284636,51,3,West,56.79017954,46.30518485
No,48.84144029,0,11038,0.521055645,53,5,Eastern Islands,49.04569458,49.86144029
No,47.70216434,0,7049,0.493475091,40,3,West,63.85739355,48.72216434
No,38.98906559,1,12397,0.522883188,51,5,Eastern Islands,51.40186205,40.00906559
No,41.20963392,0,11058,0.481512953,39,3,West,49.16490358,42.22963392
No,47.9442278,1,12997,0.50999474,33,5,West,53.0306285,48.9642278
No,46.59241272,1,6759,0.496109049,49,3,Eastern Islands,50.39516107,47.61241272
No,43.39644471,1,10768,0.508639947,32,4,Northern Rim,49.01176726,44.41644471
No,54.67250869,1,13077,0.521913615,22,4,Northern Rim,48.84034107,55.69250869
No,55.18032125,0,11759,0.500675914,28,4,West,62.95013363,56.20032125
No,43.03750173,0,7929,0.503833047,34,3,Eastern Islands,57.64576945,44.05750173
No,48.31647901,0,17830,0.506394875,53,4,West,49.17671899,49.33647901
No,52.25690966,0,10520,0.498690006,35,2,Northern Rim,55.8117324,53.27690966
No,38.89882435,0,11528,0.50855464,34,2,Northern Rim,46.69214648,39.91882435
No,48.31368255,0,3299,0.519481571,52,3,Eastern Islands,61.01766017,49.33368255
No,63.02170849,0,12681,0.492210786,62,3,West,60.25497472,64.04170849
No,56.21530569,0,12888,0.486110236,31,2,West,47.88747916,57.23530569
No,53.20506475,0,10948,0.510874777,55,3,Northern Rim,52.56641068,54.22506475
No,55.80567977,0,8222,0.488685459,66,3,Eastern Islands,51.12282579,56.82567977
No,44.01556146,0,18929,0.483929344,27,3,Northern Rim,52.33859227,45.03556146
No,50.10047988,0,5050,0.510951735,41,4,Northern Rim,63.39710091,51.12047988
No,47.50139531,1,11722,0.498382216,22,4,Eastern Islands,48.82886151,48.52139531
No,57.87176626,0,12980,0.493536188,41,3,Eastern Islands,56.64902993,58.89176626
No,38.85727387,0,12092,0.509052019,63,3,West,70.86280913,39.87727387
No,47.68000643,0,9260,0.530585101,72,3,Northern Rim,62.64819753,48.70000643
No,41.54445937,0,8831,0.521720836,32,2,West,69.030722,42.56445937
No,48.15007784,0,8075,0.507788695,18,3,Eastern Islands,67.25844418,49.17007784
No,50.1167413,0,8736,0.480975161,18,4,Eastern Islands,59.73885544,51.1367413
No,46.18129488,1,12157,0.507918559,36,2,Northern Rim,58.80257186,47.20129488
No,60.86944697,0,11820,0.563851984,18,5,Eastern Islands,54.36261691,61.88944697
No,45.65166838,0,11783,0.495120152,40,3,Eastern Islands,51.21641939,46.67166838
No,49.73540324,0,12378,0.483486065,40,3,Eastern Islands,56.93837368,50.75540324
No,62.27663061,0,9081,0.478809799,26,4,Northern Rim,67.0092709,63.29663061
No,44.6776009,0,9837,0.486827897,42,4,West,47.06066378,45.6976009
No,46.54504787,0,14010,0.481881858,31,3,West,59.63819134,47.56504787
No,46.68811667,0,11732,0.535229463,18,3,West,60.46993097,47.70811667
No,71.22264871,0,19014,0.527422598,64,4,Eastern Islands,38.02592844,72.24264871
No,37.60539567,0,5283,0.514048105,26,3,Eastern Islands,63.10345227,38.62539567
No,51.96483839,0,15887,0.484902131,70,4,West,53.33417757,52.98483839
No,51.78475684,0,11004,0.493081365,29,4,West,73.15961616,52.80475684
No,46.12777811,0,14078,0.509341247,60,5,Eastern Islands,59.84967738,47.14777811
No,61.76567178,0,12613,0.508537198,38,1,Northern Rim,61.48097638,62.78567178
No,70.94210055,0,11399,0.541287065,48,5,Northern Rim,66.38785324,71.96210055
No,50.78515972,0,14357,0.513523234,32,6,Northern Rim,58.37645429,51.80515972
No,41.08935786,0,9151,0.515524389,43,3,Eastern Islands,57.60155565,42.10935786
No,49.75432727,0,4237,0.501540772,50,4,West,57.15811014,50.77432727
No,60.1787734,0,4436,0.521292644,37,3,Northern Rim,63.30195706,61.1987734
No,43.66450855,0,12528,0.502528659,21,4,Eastern Islands,60.51591067,44.68450855
No,49.50340454,0,7250,0.491838314,52,4,Eastern Islands,61.80668557,50.52340454
No,50.67304863,0,13580,0.539088484,41,4,West,51.46081553,51.69304863
No,55.90207193,0,9866,0.531571443,62,3,West,58.78988166,56.92207193
No,47.27261178,0,7093,0.507198935,62,4,Eastern Islands,69.27186475,48.29261178
No,55.45919275,0,4416,0.511119408,59,4,Eastern Islands,55.39589552,56.47919275
No,53.36597014,0,2524,0.508680468,44,4,West,56.96574776,54.38597014
No,42.69229701,0,17773,0.495027561,18,2,Eastern Islands,65.42312982,43.71229701
No,65.57721647,0,14071,0.48544577,25,5,Eastern Islands,63.84472461,66.59721647
No,50.43328339,1,12907,0.506414016,18,3,Eastern Islands,59.8623549,51.45328339
No,52.93087112,0,6220,0.466187585,46,4,Northern Rim,43.0417272,53.95087112
No,67.49995466,0,12374,0.514888492,54,4,West,65.13273517,68.51995466
No,57.89287363,0,24256,0.507376793,43,3,West,46.36943759,58.91287363
No,60.87261092,0,4962,0.49822257,60,2,West,54.57625285,61.89261092
No,47.7267954,0,12442,0.497219805,61,4,Northern Rim,64.05364485,48.7467954
No,45.23562685,0,15274,0.525513593,58,6,West,65.560296,46.25562685
No,46.57966113,0,7396,0.540042296,45,1,Eastern Islands,56.57314918,47.59966113
No,52.73552189,0,7335,0.499098206,32,3,Northern Rim,63.00260377,53.75552189
No,53.07005336,0,6783,0.510802805,46,5,West,59.8863791,54.09005336
No,45.69626736,0,507,0.501206003,46,3,Eastern Islands,48.01840924,46.71626736
No,40.40347543,0,16075,0.49130925,41,3,Northern Rim,53.8561885,41.42347543
No,57.13317876,0,6856,0.549338194,25,4,West,39.19888762,58.15317876
No,41.75809648,0,3770,0.496110811,54,3,West,63.56415965,42.77809648
No,56.64293567,0,12009,0.515856983,30,3,West,45.38045409,57.66293567
No,44.67438288,0,15987,0.514990683,36,4,Eastern Islands,47.39817021,45.69438288
No,50.4047199,0,9685,0.478135702,48,1,Eastern Islands,55.36998625,51.4247199
No,49.02855395,0,12833,0.512984591,18,4,Eastern Islands,68.66754272,50.04855395
No,54.95879328,0,18211,0.503125139,38,6,Eastern Islands,57.28608499,55.97879328
No,53.6683753,0,9987,0.497287233,40,5,Northern Rim,47.66110627,54.6883753
No,38.54981631,0,9466,0.520663599,50,4,West,62.90163346,39.56981631
No,53.64889714,0,12000,0.52906844,36,4,Eastern Islands,49.29402307,54.66889714
No,57.01154175,0,7987,0.506259971,26,5,Northern Rim,55.90011807,58.03154175
No,49.29602615,0,9343,0.526648151,19,4,Northern Rim,53.5983226,50.31602615
No,39.33056926,0,3216,0.524342379,45,3,Eastern Islands,46.10463498,40.35056926
No,50.93274715,0,11105,0.496390291,40,2,West,45.91942621,51.95274715
No,42.5258424,1,6904,0.527966893,29,6,Eastern Islands,66.01565078,43.5458424
No,49.98384618,0,12555,0.519137416,22,5,Northern Rim,54.76653097,51.00384618
No,51.75808056,0,9801,0.507636351,40,5,Northern Rim,55.24967978,52.77808056
No,48.38563854,0,9739,0.504243476,24,3,West,59.73661138,49.40563854
No,39.25392909,0,7420,0.487574403,33,4,Eastern Islands,59.0560105,40.27392909
No,45.33939325,0,9946,0.541684909,69,4,Northern Rim,65.37302449,46.35939325
No,43.96286616,0,10152,0.528734579,60,4,Eastern Islands,56.49968594,44.98286616
No,47.03650722,0,13145,0.514751285,38,2,West,61.10764474,48.05650722
No,62.46939102,0,10474,0.516179404,34,3,Eastern Islands,50.33618191,63.48939102
No,68.91613495,0,9738,0.52402964,28,5,Northern Rim,62.79064553,69.93613495
No,55.24879307,1,6982,0.516555049,68,3,West,49.55544295,56.26879307
No,61.81687695,0,6486,0.552143523,20,4,West,57.50223447,62.83687695
No,46.69829241,0,5329,0.51250852,40,4,Northern Rim,51.27627169,47.71829241
No,55.83614563,0,9148,0.519349644,31,3,Eastern Islands,58.15639632,56.85614563
No,36.73842501,0,8116,0.500024292,37,4,Eastern Islands,50.95826435,37.75842501
No,51.18201381,0,5948,0.496215428,28,4,Northern Rim,46.7425478,52.20201381
No,56.19801985,1,6466,0.479333214,32,4,West,48.18576694,57.21801985
No,54.7402746,0,6343,0.519651565,28,4,Northern Rim,53.0995059,55.7602746
No,57.11655727,0,10930,0.506773155,45,4,Eastern Islands,48.27380311,58.13655727
No,34.48023355,0,8295,0.50607907,18,2,West,67.73399701,35.50023355
No,62.16776709,0,7286,0.496135732,18,4,Eastern Islands,63.08371609,63.18776709
No,38.88991784,0,13778,0.51995804,35,4,West,61.84108398,39.90991784
No,50.31670187,1,6657,0.472512943,53,5,Eastern Islands,62.84152961,51.33670187
No,64.59894533,0,11167,0.525314019,18,3,West,48.75602636,65.61894533
No,47.33115698,0,10271,0.481542069,65,4,Northern Rim,51.62380657,48.35115698
No,51.33221291,0,12338,0.52315353,32,3,Eastern Islands,60.65766652,52.35221291
No,39.06977262,0,7552,0.516659546,66,2,Eastern Islands,60.93287278,40.08977262
No,44.66179763,0,12436,0.482699983,18,1,West,43.28333105,45.68179763
No,51.76785416,1,8288,0.50172359,42,5,Eastern Islands,58.6850102,52.78785416
No,53.64327653,0,12402,0.506658075,34,2,West,57.44739088,54.66327653
No,50.90080505,0,6911,0.490990759,37,5,West,59.54061301,51.92080505
No,68.04760977,0,13231,0.504671756,57,3,West,50.90874816,69.06760977
No,54.79956543,0,13158,0.499251477,26,5,West,51.65695679,55.81956543
No,45.59143469,0,11473,0.509016435,18,4,Eastern Islands,48.35578869,46.61143469
No,55.08789096,0,7196,0.525176529,58,6,Eastern Islands,44.39952455,56.10789096
No,61.09698385,0,3239,0.49127543,55,3,West,59.47972832,62.11698385
No,43.42247353,0,5555,0.50167178,56,5,Northern Rim,64.87880393,44.44247353
No,56.15046948,0,12099,0.512327453,31,4,West,59.89653262,57.17046948
No,55.44607952,0,14248,0.496362856,44,3,Northern Rim,56.80580287,56.46607952
No,60.77448128,0,6736,0.481950854,24,4,West,60.01978081,61.79448128
No,54.32592263,0,10932,0.547855515,34,2,Northern Rim,55.73730851,55.34592263
No,33.01808439,0,4753,0.470939372,18,3,West,63.28002258,34.03808439
No,53.47380644,0,9748,0.53744344,34,5,Northern Rim,45.74259264,54.49380644
No,54.93894412,0,8521,0.551450889,62,4,Eastern Islands,58.28440314,55.95894412
No,56.38784099,0,11400,0.496843798,47,6,Eastern Islands,56.14063455,57.40784099
No,58.42432755,0,15588,0.513203578,28,1,West,56.01790122,59.44432755
No,51.7605327,0,8556,0.508952465,30,3,West,54.95473805,52.7805327
No,46.88676132,0,11135,0.487326185,45,3,Northern Rim,69.78673618,47.90676132
No,60.15496757,0,9628,0.535008041,18,5,Eastern Islands,67.20345168,61.17496757
No,43.7390008,0,13352,0.487273085,34,3,West,59.92750751,44.7590008
No,58.39128646,0,12654,0.5276747,20,4,Eastern Islands,45.28302637,59.41128646
No,61.25599077,0,12110,0.471931676,37,4,Northern Rim,54.7345432,62.27599077
No,48.26768363,1,8792,0.504869761,44,3,Eastern Islands,61.18261101,49.28768363
No,43.94623095,0,13193,0.482267183,56,4,West,60.00127324,44.96623095
No,51.11544181,0,14305,0.499322273,41,5,West,70.28771423,52.13544181
No,45.54990089,0,12932,0.516822447,25,5,Eastern Islands,58.62152117,46.56990089
No,64.83689071,0,2516,0.513597244,46,4,Eastern Islands,55.37447868,65.85689071
No,56.73943823,0,4200,0.538744157,37,2,Northern Rim,66.65948027,57.75943823
No,55.1924473,0,16430,0.510600322,57,4,Eastern Islands,69.19462046,56.2124473
No,58.48324875,0,12743,0.485745806,30,4,West,63.62513256,59.50324875
No,49.43966055,0,14586,0.520314556,23,2,Northern Rim,54.37073609,50.45966055
No,33.77123932,0,12626,0.495970344,41,2,Eastern Islands,53.4044186,34.79123932
No,46.09644499,0,3266,0.513601421,54,3,West,63.38021089,47.11644499
No,56.18078554,0,6285,0.509557179,18,3,West,60.53973293,57.20078554
No,64.67225407,0,8190,0.512719719,38,4,West,53.81975733,65.69225407
No,57.42007158,1,10624,0.494063347,28,4,West,58.64658476,58.44007158
No,53.65192532,0,12358,0.478787961,37,3,Northern Rim,51.72557736,54.67192532
No,33.41730833,0,8617,0.473993513,47,5,Eastern Islands,56.94988544,34.43730833
No,45.14811189,0,6519,0.524151012,36,4,West,61.03883389,46.16811189
No,48.63615041,0,13988,0.515002291,18,3,Eastern Islands,60.3585331,49.65615041
No,44.37587649,0,8102,0.514829155,29,4,West,53.51475269,45.39587649
No,35.48202057,0,14995,0.48497106,27,4,Eastern Islands,52.92756027,36.50202057
No,47.13984252,0,11664,0.513317329,19,5,Northern Rim,70.88374403,48.15984252
No,53.81700975,0,15044,0.541210479,41,2,Eastern Islands,57.95177024,54.83700975
No,45.3313666,0,6606,0.51733817,23,3,Eastern Islands,51.21118905,46.3513666
No,48.49940711,0,12773,0.517854408,43,3,Northern Rim,49.77335583,49.51940711
No,52.35132652,0,16140,0.516659664,36,4,Northern Rim,60.4094131,53.37132652
No,56.51698821,0,7089,0.504993657,48,6,Northern Rim,58.56364129,57.53698821
No,38.58701979,0,4647,0.55369102,23,2,Eastern Islands,47.63581594,39.60701979
No,49.08548357,0,8278,0.519775794,39,4,Northern Rim,44.41214073,50.10548357
No,51.81422852,0,9343,0.50639703,44,4,Eastern Islands,63.2078725,52.83422852
No,40.72728613,0,8149,0.503165372,36,4,West,57.19925744,41.74728613
No,49.00135414,0,9784,0.501628601,31,3,Northern Rim,64.92206763,50.02135414
No,41.33181982,0,7511,0.515627384,44,4,Eastern Islands,62.9611883,42.35181982
No,52.62774311,0,14298,0.532651776,48,4,Northern Rim,65.43709161,53.64774311
No,38.08896983,0,13207,0.53614707,37,3,Northern Rim,69.56396153,39.10896983
No,52.44932111,0,11578,0.505679797,38,4,Eastern Islands,50.96274318,53.46932111
No,56.48199173,0,10407,0.498324148,18,5,Eastern Islands,45.94694586,57.50199173
No,51.04480707,0,11558,0.515181883,41,3,West,62.75482402,52.06480707
No,49.51736432,0,7776,0.492940553,51,5,West,62.10213113,50.53736432
No,64.24865977,0,9650,0.516705325,31,3,Northern Rim,66.02761486,65.26865977
No,46.13460652,0,15025,0.521761516,52,3,Northern Rim,68.54685342,47.15460652
No,43.42580812,0,12409,0.536052848,30,5,Northern Rim,56.6968174,44.44580812
No,67.47999371,0,7121,0.510777264,74,2,Northern Rim,71.20529483,68.49999371
No,49.40239292,0,9647,0.490298586,44,3,West,61.78352349,50.42239292
No,41.18969302,0,8226,0.477009519,43,2,West,50.67517481,42.20969302
No,66.76641648,0,13027,0.536224612,29,2,West,64.39582003,67.78641648
No,42.53379504,0,14225,0.492078161,18,4,Eastern Islands,64.66478749,43.55379504
No,42.89112087,0,8213,0.48475463,54,4,West,64.62481815,43.91112087
No,43.86693621,0,7236,0.489300547,41,3,West,57.39958615,44.88693621
No,51.55388056,0,10879,0.515378797,40,3,Eastern Islands,55.01087005,52.57388056
No,47.34018249,0,8639,0.470349591,41,4,West,57.98963717,48.36018249
No,47.94192916,0,9050,0.50972337,26,2,Northern Rim,61.81459574,48.96192916
No,47.21862616,0,1299,0.520304903,49,4,West,57.91852155,48.23862616
No,50.87152601,0,13966,0.511300909,36,4,Northern Rim,38.58088001,51.89152601
No,58.56929186,0,6019,0.492302296,58,3,Northern Rim,59.46468311,59.58929186
No,50.51466621,0,12438,0.509061666,55,4,Northern Rim,56.80794414,51.53466621
No,43.40238812,0,13253,0.532175996,57,4,Eastern Islands,53.66317359,44.42238812
No,53.9078489,0,4470,0.51206055,29,2,Eastern Islands,60.93548565,54.9278489
No,53.74875422,0,10748,0.518790587,32,4,West,60.3420053,54.76875422
No,52.38179452,1,9531,0.492495897,41,4,West,55.30778554,53.40179452
No,45.29723072,0,7287,0.534580716,26,2,West,60.45591197,46.31723072
No,33.19095505,0,18471,0.493558535,74,5,Northern Rim,54.39356118,34.21095505
No,39.72130645,0,2491,0.539584764,54,4,West,63.42216034,40.74130645
No,38.73663599,1,9418,0.470752099,21,3,Northern Rim,60.77862502,39.75663599
No,58.575117,0,20016,0.543755081,51,4,West,64.77879833,59.595117
No,67.88578688,0,9933,0.541453782,23,3,Eastern Islands,65.89533296,68.90578688
No,48.66554548,0,15318,0.523312945,48,5,Northern Rim,57.45520453,49.68554548
No,56.25142248,0,10830,0.549591501,64,6,West,59.91853164,57.27142248
No,51.1316649,0,12970,0.500307684,40,2,West,71.54875626,52.1516649
No,39.43933429,0,8221,0.51500067,41,2,Eastern Islands,67.32368048,40.45933429
No,42.89012281,0,14349,0.512193294,62,3,Eastern Islands,63.37693522,43.91012281
No,55.89615275,0,4980,0.533806945,38,4,Northern Rim,60.85946621,56.91615275
No,47.26054744,0,13661,0.525203271,40,4,West,60.49800374,48.28054744
No,52.10190244,0,16906,0.496334357,67,1,Northern Rim,57.99730172,53.12190244
No,52.79299958,0,12478,0.539247421,36,3,Eastern Islands,57.95442534,53.81299958
No,49.09796664,0,6717,0.477422559,53,4,Northern Rim,50.49260081,50.11796664
No,38.83191146,0,4460,0.518731038,70,3,Northern Rim,56.49526602,39.85191146
No,52.11282617,0,10739,0.533199742,35,2,West,52.55089578,53.13282617
No,41.40605835,0,10674,0.480057461,59,4,Eastern Islands,59.37445972,42.42605835
No,51.61071988,0,13536,0.477293992,47,4,West,59.95601429,52.63071988
No,45.78125238,0,10788,0.492410429,45,4,Eastern Islands,62.05232699,46.80125238
No,53.84893665,0,6901,0.518539282,48,3,Northern Rim,50.76693252,54.86893665
No,58.66125348,0,2333,0.511735552,18,2,Eastern Islands,67.54289497,59.68125348
No,51.68550006,0,7229,0.538566595,70,4,Northern Rim,57.63746566,52.70550006
No,52.27113345,0,8459,0.498696859,42,3,West,44.92531867,53.29113345
No,29.51512623,0,16164,0.523859277,28,4,Eastern Islands,39.62102496,30.53512623
No,37.44506323,0,7422,0.494681084,40,4,Eastern Islands,67.10242344,38.46506323
No,58.0403209,1,7162,0.508753294,54,3,West,64.6547315,59.0603209
No,56.29454532,0,9929,0.508507943,39,2,Eastern Islands,69.19521039,57.31454532
No,38.99388557,0,14292,0.512402909,24,3,Eastern Islands,60.27630705,40.01388557
No,49.48396637,0,13242,0.524205762,48,4,West,53.93943823,50.50396637
No,34.22235416,0,15589,0.506199864,64,4,Northern Rim,66.43362562,35.24235416
No,38.99430207,0,16234,0.507311829,54,3,West,64.47764222,40.01430207
No,48.02089041,0,8597,0.503724189,39,4,Northern Rim,59.80802151,49.04089041
No,51.13988631,0,15874,0.486947256,34,4,West,47.25332106,52.15988631
No,47.28635718,0,11536,0.514565932,63,2,Northern Rim,69.08807893,48.30635718
No,54.17542082,0,11696,0.521816558,49,4,Eastern Islands,58.43177767,55.19542082
No,57.07001729,0,15171,0.538155815,61,4,Eastern Islands,55.0552703,58.09001729
No,53.53372303,0,8536,0.490380952,53,5,West,51.61712173,54.55372303
No,34.90707404,0,4096,0.501389863,66,3,Northern Rim,68.72939208,35.92707404
No,55.83640566,0,14458,0.521386503,42,3,West,64.10002089,56.85640566
No,46.73892343,0,11841,0.483702647,66,4,Eastern Islands,51.13258606,47.75892343
No,54.76158034,0,4873,0.505097791,51,3,Eastern Islands,65.87044492,55.78158034
No,45.49733001,0,16173,0.499543989,48,7,West,54.51375133,46.51733001
No,45.01224794,0,13854,0.513349585,62,2,Northern Rim,56.04942144,46.03224794
No,47.14485735,1,11410,0.483123114,24,3,West,56.42121735,48.16485735
No,63.78630116,1,4543,0.530910315,18,2,Eastern Islands,54.41478479,64.80630116
No,57.71333133,1,10327,0.541531717,23,3,West,40.26783617,58.73333133
No,49.55348486,0,1457,0.48727711,49,3,West,52.65317105,50.57348486
No,44.03298496,0,9993,0.53343179,44,4,Eastern Islands,65.28092958,45.05298496
No,35.09218175,0,14892,0.499848993,21,4,Eastern Islands,68.03107933,36.11218175
No,54.65120907,0,14373,0.489798911,56,4,Eastern Islands,54.16904094,55.67120907
No,62.13969872,0,6840,0.52573758,58,4,Northern Rim,64.14369099,63.15969872
No,44.62887531,0,15540,0.525598452,44,5,West,55.79811269,45.64887531
No,47.14412102,0,11495,0.483140821,29,4,West,63.30781752,48.16412102
No,57.35666217,0,4293,0.530691102,60,4,Northern Rim,59.22419034,58.37666217
No,59.62565553,0,13724,0.550637287,58,4,Northern Rim,51.40827147,60.64565553
No,49.9900109,0,8473,0.50913108,42,4,West,46.56183901,51.0100109
No,48.49099497,0,8501,0.501347367,41,5,Eastern Islands,59.99941544,49.51099497
No,54.72624569,0,1999,0.490347513,51,3,Eastern Islands,57.86472817,55.74624569
No,45.92169772,0,5340,0.535814641,89,3,Northern Rim,51.377087,46.94169772
No,53.7217277,0,8096,0.479466566,33,4,Eastern Islands,59.3037534,54.7417277
No,51.18972466,0,5639,0.510987985,54,3,Northern Rim,62.96571871,52.20972466
No,38.41832562,0,7851,0.497715878,40,2,Eastern Islands,61.67286774,39.43832562
No,48.26590895,1,13991,0.525232842,64,4,Eastern Islands,46.57159391,49.28590895
No,50.81928846,0,8801,0.462905326,53,3,Northern Rim,51.79596991,51.83928846
No,46.77009506,0,5341,0.482679815,73,2,West,51.40980369,47.79009506
No,58.26703377,0,17176,0.504690674,41,2,Eastern Islands,54.56198829,59.28703377
No,43.56556151,0,7989,0.491980419,43,4,Northern Rim,57.17404269,44.58556151
No,51.7855479,0,4156,0.510013262,18,3,West,54.4561248,52.8055479
No,62.73327369,0,10690,0.546902298,47,3,Eastern Islands,65.37027342,63.75327369
No,49.5636231,0,12465,0.487489512,19,3,Northern Rim,61.65065709,50.5836231
No,48.32349262,1,9102,0.487859411,39,4,Northern Rim,63.49972309,49.34349262
No,41.86045452,0,6663,0.511123309,48,2,West,51.87671172,42.88045452
No,60.70184672,1,3960,0.538330557,39,3,Eastern Islands,59.60233677,61.72184672
No,41.62856047,0,13475,0.499017096,35,3,Northern Rim,52.09477475,42.64856047
No,48.84056905,0,8432,0.499091362,23,5,Eastern Islands,62.28134061,49.86056905
No,43.98958275,0,14313,0.521686209,60,4,West,62.23072677,45.00958275
No,47.94833826,0,4394,0.509736954,38,4,West,53.32706563,48.96833826
No,44.942676,0,6396,0.498090384,35,3,Eastern Islands,59.93344373,45.962676
No,47.23817778,0,11594,0.522368066,41,3,Eastern Islands,58.26503734,48.25817778
No,49.09847266,0,871,0.521801533,40,6,Northern Rim,54.73263779,50.11847266
No,41.21724334,0,7778,0.485841323,34,3,Northern Rim,49.51619414,42.23724334
No,53.54226638,0,4402,0.506508459,37,4,Eastern Islands,63.64896077,54.56226638
No,66.73980439,0,18737,0.504217487,48,2,Northern Rim,54.36722414,67.75980439
No,67.51592527,0,15371,0.539231001,32,6,Northern Rim,55.84596167,68.53592527
No,59.23560437,0,15825,0.48527098,46,2,Northern Rim,62.16435815,60.25560437
No,39.11434623,0,9120,0.49244755,18,3,West,46.26868416,40.13434623
No,42.93377549,0,11112,0.496996034,25,3,Northern Rim,55.98065033,43.95377549
No,40.81168733,0,7254,0.530387421,53,2,Eastern Islands,58.80779183,41.83168733
No,42.94555473,0,8295,0.522583294,42,5,Eastern Islands,62.33054102,43.96555473
No,50.91348477,0,4557,0.48913464,65,3,West,57.42744206,51.93348477
No,44.66276009,0,8419,0.513133831,38,2,West,60.25805895,45.68276009
No,49.66630585,0,7622,0.494475361,41,3,West,53.44011157,50.68630585
No,44.35962022,0,7631,0.505721766,59,5,West,48.83476718,45.37962022
No,52.96446024,0,12269,0.520219084,30,3,Eastern Islands,57.77779397,53.98446024
No,40.66367267,0,11033,0.523699606,35,3,West,47.85938814,41.68367267
No,51.76711624,0,13675,0.501557712,52,5,Eastern Islands,61.90381849,52.78711624
No,52.84984104,0,13476,0.525478753,41,3,West,67.8113555,53.86984104
No,53.01037774,0,7008,0.523924068,49,3,Northern Rim,68.63250693,54.03037774
No,54.94915697,0,16734,0.499681738,34,3,Northern Rim,59.63936875,55.96915697
No,48.33079167,0,6967,0.503653482,34,5,West,54.38925814,49.35079167
No,51.05254638,0,9771,0.514999174,43,3,Eastern Islands,60.81425522,52.07254638
No,54.09389069,0,12678,0.50477459,39,3,West,66.82474111,55.11389069
No,49.51561022,0,11460,0.496421454,31,1,West,46.45858563,50.53561022
No,61.08924954,0,9868,0.484603887,45,2,West,75.98566949,62.10924954
No,48.79903733,0,11037,0.506015841,36,5,West,61.71418447,49.81903733
No,49.40418923,0,7436,0.529179602,19,3,Eastern Islands,51.10822102,50.42418923
No,52.41215018,0,9818,0.523943868,18,4,West,44.84012411,53.43215018
No,58.28151814,0,11411,0.49874789,19,4,West,49.70939706,59.30151814
No,46.63535683,0,8030,0.535947397,32,5,Eastern Islands,48.76038624,47.65535683
No,52.33630776,1,12388,0.494464977,67,3,Eastern Islands,60.32032596,53.35630776
No,45.11372268,0,7167,0.496352823,19,4,Northern Rim,49.37470714,46.13372268
No,45.2847991,0,11343,0.517674858,48,3,West,48.34962543,46.3047991
No,45.93743407,0,6236,0.503785543,28,6,Northern Rim,71.69909476,46.95743407
No,44.80915926,0,10965,0.56159693,36,2,Northern Rim,52.4466422,45.82915926
No,49.64457625,0,9207,0.51679098,18,3,Eastern Islands,56.63440501,50.66457625
No,50.98918292,0,8217,0.490542507,30,5,West,58.20455311,52.00918292
No,58.92232868,0,7308,0.521087165,43,4,Eastern Islands,57.97619717,59.94232868
No,67.19133744,1,4429,0.499770568,55,3,Northern Rim,50.0398239,68.21133744
No,40.99529576,0,14038,0.53249565,42,4,Eastern Islands,57.37923548,42.01529576
No,59.3283039,0,11487,0.547227869,25,3,West,54.36760838,60.3483039
No,56.63900598,0,13116,0.509672504,42,3,West,44.15984459,57.65900598
No,50.89110199,0,8309,0.507454303,50,5,Eastern Islands,54.25078803,51.91110199
No,56.5241815,0,12455,0.45828652,46,3,West,56.66995749,57.5441815
No,57.16779293,0,8048,0.518278666,53,4,Northern Rim,64.34048898,58.18779293
No,54.152704,0,17912,0.51185143,63,4,Northern Rim,63.96349576,55.172704
No,48.61170028,0,11200,0.499198824,32,4,West,48.45075959,49.63170028
No,55.517428,0,5871,0.506129228,27,5,West,49.12461389,56.537428
No,46.99106855,0,5822,0.496153593,37,2,West,58.52346772,48.01106855
No,56.54954759,0,11718,0.52608298,37,4,West,57.42008415,57.56954759
No,55.74436001,0,784,0.51009375,35,4,Northern Rim,61.56303824,56.76436001
No,51.0936058,0,6419,0.479980441,59,3,Northern Rim,45.17845223,52.1136058
No,54.63905942,0,4631,0.509681256,31,5,Northern Rim,60.00080837,55.65905942
No,66.56177876,0,14923,0.50939976,23,4,Eastern Islands,52.18820241,67.58177876
No,53.60598028,0,3701,0.527422966,53,3,West,52.62130893,54.62598028
No,57.71323193,0,16713,0.467919286,72,5,Northern Rim,54.62002533,58.73323193
No,61.52192937,1,4475,0.521959163,66,5,Eastern Islands,58.89861344,62.54192937
No,48.1859223,0,9783,0.511611343,34,4,West,46.54878755,49.2059223
No,39.79127327,0,10843,0.522205181,47,3,Northern Rim,54.04271186,40.81127327
No,49.34456671,0,8985,0.538739293,70,4,Eastern Islands,54.69849012,50.36456671
No,49.38910436,1,3643,0.509784025,23,2,Northern Rim,48.60109948,50.40910436
No,47.76087183,0,10724,0.514417838,23,2,Eastern Islands,57.15019457,48.78087183
No,33.27826299,0,8569,0.53566925,41,4,West,57.08677622,34.29826299
No,51.31425725,0,10450,0.50761284,42,4,Northern Rim,51.95333334,52.33425725
No,63.6375701,0,15319,0.504616277,38,4,Eastern Islands,57.60236466,64.6575701
No,48.42941913,0,9274,0.519420282,48,2,West,64.25205233,49.44941913
No,49.81209365,0,18955,0.535569374,39,2,Northern Rim,49.2602248,50.83209365
No,48.22650105,0,2718,0.511788655,52,4,West,57.70179703,49.24650105
No,51.27475226,0,11504,0.504823342,36,2,Northern Rim,56.66935328,52.29475226
No,35.12494546,0,7571,0.502580211,61,5,Eastern Islands,56.61276108,36.14494546
No,43.53009182,1,16302,0.510701779,42,5,Eastern Islands,55.28155045,44.55009182
No,51.78949679,0,8297,0.515826411,18,3,Eastern Islands,50.57777069,52.80949679
No,63.14200564,0,15919,0.515050753,43,4,Northern Rim,68.25851926,64.16200564
No,61.30291488,1,10003,0.523020744,42,3,Northern Rim,49.52924847,62.32291488
No,52.16694494,0,9081,0.51076268,20,4,West,55.77477678,53.18694494
No,50.49478029,1,10700,0.540789135,39,3,Eastern Islands,52.11746091,51.51478029
No,42.72139551,1,4537,0.498056776,55,3,Eastern Islands,71.68863805,43.74139551
No,64.38879684,0,10654,0.508380834,58,3,West,61.08640757,65.40879684
No,46.90618625,1,12048,0.509616991,20,3,West,58.32874052,47.92618625
No,64.00113963,0,14356,0.552155285,21,4,Northern Rim,49.93399832,65.02113963
No,49.18368028,0,12919,0.534514881,54,3,Northern Rim,49.53083355,50.20368028
No,47.33921235,0,15175,0.526373116,68,3,West,50.32458029,48.35921235
No,57.87454731,0,14595,0.497553154,45,3,West,65.60481444,58.89454731
No,52.92995408,0,4526,0.490819197,41,4,West,45.50265008,53.94995408
No,63.15266445,0,12434,0.511023665,18,2,Eastern Islands,55.06268455,64.17266445
No,59.37028435,0,14810,0.505044465,29,4,Eastern Islands,51.03903668,60.39028435
No,34.33928492,0,12451,0.53527724,40,4,West,48.42261113,35.35928492
No,56.4062961,0,7331,0.538070658,18,1,Eastern Islands,53.87877466,57.4262961
No,50.67389962,0,12666,0.5211422,25,3,Eastern Islands,49.39173682,51.69389962
No,58.27341718,0,12171,0.530379499,47,4,West,59.06022102,59.29341718
No,58.1584988,0,7085,0.504734165,46,6,West,50.947677,59.1784988
No,32.70260789,1,2096,0.535275326,62,3,Eastern Islands,51.28675211,33.72260789
No,63.02125798,0,10787,0.516945728,54,5,West,59.6202391,64.04125798
No,34.38957246,0,8203,0.476685839,34,5,Northern Rim,55.78734786,35.40957246
No,45.78960129,0,2437,0.545054737,44,5,West,57.39891069,46.80960129
No,31.21261423,0,14946,0.511097126,30,3,West,48.61226889,32.23261423
No,46.65987238,0,8979,0.504285962,45,3,Northern Rim,53.34319243,47.67987238
No,47.86535111,1,14100,0.500258523,46,4,Eastern Islands,56.01044158,48.88535111
No,61.67409922,0,16621,0.526472282,43,5,West,55.67078648,62.69409922
No,45.10448992,0,10787,0.497853926,39,5,Northern Rim,60.67907407,46.12448992
No,37.55322171,0,14380,0.487732093,25,4,Northern Rim,41.43227171,38.57322171
No,44.46066776,0,15202,0.502009096,21,4,West,63.3490749,45.48066776
No,47.02850885,0,7650,0.492115863,52,4,West,55.3058021,48.04850885
No,51.20194135,0,11225,0.517443164,70,4,West,64.46343401,52.22194135
No,49.30914852,0,13037,0.517760329,51,4,Eastern Islands,52.25138401,50.32914852
No,66.43900856,0,16579,0.497436256,66,3,Northern Rim,68.0357511,67.45900856
No,51.45740673,0,11490,0.502962331,63,5,Eastern Islands,61.84897436,52.47740673
No,62.34565607,0,14965,0.541346225,55,4,West,54.29651273,63.36565607
No,43.57662481,0,16196,0.527966233,50,2,Northern Rim,45.82898219,44.59662481
No,49.92911524,0,10787,0.518211975,47,3,West,63.52653201,50.94911524
No,54.14043502,0,8229,0.54883468,48,4,West,72.03229636,55.16043502
No,54.298618,0,7757,0.563432897,19,3,Eastern Islands,64.78769464,55.318618
No,61.68913604,0,13946,0.48545307,44,4,West,50.51007297,62.70913604
No,51.5486478,0,8941,0.509118324,42,4,West,59.26643001,52.5686478
No,55.07601198,0,10299,0.518879917,47,4,West,51.21963531,56.09601198
No,43.1230236,0,10800,0.519183279,33,5,West,61.75221568,44.1430236
No,54.38969095,1,6843,0.507847015,24,3,Eastern Islands,55.78250419,55.40969095
No,59.00636367,0,11415,0.513706596,36,4,Eastern Islands,62.69971059,60.02636367
No,61.00022433,0,1301,0.536987097,39,4,Northern Rim,52.06747175,62.02022433
No,51.0574681,0,14084,0.531334534,32,4,Eastern Islands,56.01202368,52.0774681
No,51.95521945,1,9786,0.520979795,30,4,Eastern Islands,48.983752,52.97521945
No,37.10282366,0,6212,0.500202964,48,4,Northern Rim,64.95827106,38.12282366
No,45.22181966,0,6778,0.503612217,62,5,Eastern Islands,64.84729597,46.24181966
No,53.28108591,0,18291,0.481326939,80,5,Eastern Islands,59.67293707,54.30108591
No,69.32651291,0,11717,0.490396341,49,3,Northern Rim,62.47934078,70.34651291
No,53.38744291,0,2952,0.523359236,33,3,West,69.23384597,54.40744291
No,64.73447877,0,5943,0.515702925,41,1,West,67.32497223,65.75447877
No,32.27088943,0,6102,0.492016445,28,3,Northern Rim,50.8382427,33.29088943
No,48.67476278,0,7283,0.502180141,29,4,Northern Rim,63.78767147,49.69476278
No,64.0342417,0,11505,0.491878929,36,4,Eastern Islands,64.20499326,65.0542417
No,48.95952786,0,13639,0.529264141,30,3,Eastern Islands,58.49667112,49.97952786
No,46.88487124,1,943,0.501047832,21,3,Northern Rim,52.92310415,47.90487124
No,50.97248467,0,7590,0.503104621,32,5,Northern Rim,61.9623651,51.99248467
No,44.01779744,0,5093,0.514175378,48,3,West,61.1715145,45.03779744
No,47.08010253,0,14036,0.477787072,32,4,West,63.35239386,48.10010253
No,52.24183146,0,2208,0.525066298,49,4,West,65.04459548,53.26183146
No,38.91261762,0,14678,0.521498029,18,4,Eastern Islands,59.91185013,39.93261762
No,39.54058248,0,17222,0.495555507,72,2,West,63.06936348,40.56058248
No,47.18323209,0,7968,0.550526538,44,4,Northern Rim,53.38795635,48.20323209
No,50.18736955,0,6620,0.524741455,40,2,West,56.92477738,51.20736955
No,46.06053201,0,9301,0.523219642,41,4,West,68.4342129,47.08053201
No,43.55317277,0,12727,0.494869437,41,3,West,66.0444214,44.57317277
No,46.90725418,0,11643,0.504399383,18,4,West,57.43997133,47.92725418
No,49.25532339,0,10884,0.51021522,34,4,Eastern Islands,61.52146627,50.27532339
No,47.03685878,0,8670,0.522739139,18,4,West,54.6563788,48.05685878
No,47.87140215,0,15006,0.527874814,18,3,West,54.8064759,48.89140215
No,49.9740951,0,11872,0.512056152,52,3,Eastern Islands,56.16030981,50.9940951
No,45.35899545,0,6698,0.464333539,34,4,West,61.41033369,46.37899545
No,45.71073522,0,19524,0.504759656,53,4,Northern Rim,61.35263741,46.73073522
No,51.32368689,0,4473,0.508092316,18,3,Eastern Islands,53.05599635,52.34368689
No,54.17459638,0,7872,0.540157985,22,3,Northern Rim,66.42438739,55.19459638
No,65.91161451,0,14702,0.484337793,59,5,Northern Rim,59.31118034,66.93161451
No,49.89483515,0,7889,0.513987684,69,5,West,62.69552548,50.91483515
No,47.32093635,0,5073,0.542073386,32,4,Northern Rim,32.18449884,48.34093635
No,60.43196737,0,8296,0.47798097,52,4,West,57.65360805,61.45196737
No,54.0860381,0,7025,0.478127749,62,3,West,53.88630828,55.1060381
No,57.30357346,0,14200,0.519211164,29,3,West,63.10135269,58.32357346
No,47.68417815,0,14998,0.513976722,42,4,Eastern Islands,45.80735255,48.70417815
No,47.52734995,0,8772,0.487703563,50,5,Eastern Islands,50.89129529,48.54734995
No,56.61155292,0,5610,0.549518853,38,4,West,55.23036934,57.63155292
No,56.55490348,0,15048,0.520181828,49,2,West,62.00542749,57.57490348
No,39.35638564,0,8417,0.508254665,39,4,Northern Rim,49.82336846,40.37638564
No,42.80328912,0,19030,0.5211209,26,3,Northern Rim,56.19784418,43.82328912
No,52.17759435,0,15701,0.530915089,23,3,West,57.2978679,53.19759435
No,53.67257672,0,7257,0.505750608,29,4,West,49.39411359,54.69257672
No,42.10630042,0,8968,0.495360193,48,1,Eastern Islands,62.34752844,43.12630042
No,47.28283543,1,8863,0.482955822,51,2,West,50.89279397,48.30283543
No,43.94029558,0,7025,0.533016618,64,1,Eastern Islands,54.83095641,44.96029558
No,58.88509311,0,8005,0.509934197,37,2,West,58.72269717,59.90509311
No,48.56335464,0,9450,0.514207126,26,2,Eastern Islands,54.38650681,49.58335464
No,54.02061733,0,10563,0.517787899,33,3,West,49.60834493,55.04061733
No,43.96043601,1,11326,0.51385262,59,3,Northern Rim,68.26378983,44.98043601
No,49.31429594,0,6451,0.521081256,45,3,West,53.29609147,50.33429594
No,68.63679239,0,9117,0.555160924,60,3,Eastern Islands,50.6990952,69.65679239
No,29.04643005,0,12550,0.491209465,25,5,West,54.65963047,30.06643005
No,55.20475026,0,5949,0.502179971,55,3,Eastern Islands,59.25636024,56.22475026
No,60.64836756,0,4571,0.497673065,33,3,West,50.18561895,61.66836756
No,44.91760873,0,9894,0.516033935,39,2,Northern Rim,53.67931004,45.93760873
No,56.27392695,0,9583,0.500372151,60,3,Eastern Islands,53.69111064,57.29392695
No,55.96892467,0,16716,0.526644229,53,5,West,53.52165907,56.98892467
No,54.4175727,0,10237,0.528906878,42,3,West,55.83739216,55.4375727
No,56.87599271,0,2047,0.535620174,56,4,Northern Rim,54.76512277,57.89599271
No,34.7522997,0,15282,0.529689334,52,2,Eastern Islands,51.62302653,35.7722997
No,47.84003541,0,10746,0.513268373,37,3,Northern Rim,55.25512331,48.86003541
No,44.34777631,0,14184,0.52215029,41,3,West,47.18243845,45.36777631
No,43.4005624,0,6611,0.487090113,33,5,Northern Rim,54.31180553,44.4205624
No,66.0874753,0,11252,0.544448273,30,5,West,56.65759543,67.1074753
No,38.95437818,0,9954,0.488950549,46,4,Eastern Islands,53.76022427,39.97437818
No,49.1667619,0,4107,0.512501578,45,4,West,65.63534006,50.1867619
No,39.5853502,0,12286,0.533797948,44,4,Eastern Islands,51.45083248,40.6053502
No,54.03544761,0,5329,0.478112064,48,2,West,46.26434875,55.05544761
No,41.56883454,0,2262,0.4855557,54,3,Eastern Islands,59.2677541,42.58883454
No,54.37305786,0,6638,0.515815963,18,4,Northern Rim,62.10571808,55.39305786
No,41.56689294,0,20109,0.523373233,18,4,West,58.06266384,42.58689294
No,55.71993447,0,15190,0.500334716,35,4,West,44.97020411,56.73993447
No,46.31877578,0,7879,0.48259899,64,6,Eastern Islands,58.94316244,47.33877578
No,43.3846084,0,9436,0.506315966,49,4,Northern Rim,56.97686215,44.4046084
No,51.6116757,0,10613,0.509634015,57,3,West,52.89070885,52.6316757
No,49.83930569,0,12334,0.528755399,31,3,West,53.74129318,50.85930569
No,55.58768054,1,13994,0.519235546,36,3,Northern Rim,56.18390841,56.60768054
No,51.11691746,0,10701,0.517733759,50,4,West,59.85794591,52.13691746
No,44.57880209,0,16318,0.490048874,44,4,Eastern Islands,63.44273721,45.59880209
No,50.9823214,1,5897,0.508649377,63,4,Northern Rim,50.76796105,52.0023214
No,58.26785937,0,15019,0.50441503,24,5,West,50.7028586,59.28785937
No,49.15981785,1,12585,0.466059044,18,4,West,52.64084109,50.17981785
No,44.54669801,0,15296,0.538823857,31,3,Northern Rim,60.50564294,45.56669801
No,50.0421845,0,10859,0.533367681,69,3,West,63.30187401,51.0621845
No,50.76421055,0,7936,0.525730181,35,3,Eastern Islands,52.83836915,51.78421055
No,50.81502385,0,6732,0.513179603,33,5,Northern Rim,51.41999899,51.83502385
No,41.6061633,0,12981,0.487803613,53,3,Northern Rim,62.53973272,42.6261633
No,53.10227906,0,9676,0.490468373,37,3,West,55.05506418,54.12227906
No,55.44444123,0,13622,0.540382735,61,2,Eastern Islands,52.48495438,56.46444123
No,61.03194489,0,8673,0.516943708,50,5,Eastern Islands,53.07920487,62.05194489
No,54.03257494,0,11458,0.536728361,52,4,Northern Rim,47.79527056,55.05257494
No,54.73646758,0,4992,0.527791592,35,4,Northern Rim,61.33402299,55.75646758
No,48.86325688,0,12273,0.501786317,46,5,Northern Rim,61.08398264,49.88325688
No,66.89113924,0,9606,0.533882695,44,4,Eastern Islands,54.49102619,67.91113924
No,48.51462266,1,9613,0.518701113,44,4,West,60.49330063,49.53462266
No,52.02583326,0,6515,0.500516022,18,3,Northern Rim,48.26395573,53.04583326
No,38.88453148,0,10328,0.469611124,34,2,Northern Rim,53.2609916,39.90453148
No,45.85590922,0,10581,0.522540819,30,4,West,62.12177059,46.87590922
No,56.05765955,0,6897,0.494481531,68,3,West,56.49552129,57.07765955
No,40.92234876,0,10889,0.480703406,50,4,West,53.02749573,41.94234876
No,51.50652128,0,11157,0.481138375,18,4,West,58.30395517,52.52652128
No,50.11763042,0,21133,0.52913788,18,3,West,55.11986445,51.13763042
No,52.43460263,0,10144,0.531840847,81,4,West,52.56730157,53.45460263
No,53.1622563,0,1792,0.557584366,54,3,West,53.79262574,54.1822563
No,50.92344565,0,7786,0.496398103,21,3,Eastern Islands,45.60846083,51.94344565
No,52.02421412,0,100,0.552563897,59,2,Northern Rim,61.70883487,53.04421412
No,47.75902671,0,10516,0.481504361,50,2,Eastern Islands,57.03356385,48.77902671
No,47.83893059,0,11497,0.481211594,39,3,West,60.13524874,48.85893059
No,53.49480131,0,11078,0.517914599,29,3,West,44.83646071,54.51480131
No,52.52332343,0,15244,0.52475858,41,6,West,46.9488353,53.54332343
No,63.16163194,0,11568,0.540671427,29,3,West,52.83010285,64.18163194
No,41.49179794,0,19005,0.497238349,58,1,Eastern Islands,70.48673799,42.51179794
No,48.79067588,0,6101,0.50542069,44,3,West,54.31343819,49.81067588
No,42.76462069,0,7491,0.504702167,41,5,Eastern Islands,64.37776907,43.78462069
No,58.32792892,1,12163,0.535976043,33,3,Northern Rim,52.2226874,59.34792892
No,39.87618246,0,13920,0.491104316,18,3,Northern Rim,61.77306227,40.89618246
No,42.36873216,0,9566,0.483494047,39,4,Eastern Islands,59.46789089,43.38873216
No,41.27365712,0,12536,0.535595234,27,4,Eastern Islands,47.41526721,42.29365712
No,64.60435598,1,20786,0.524470502,22,4,Eastern Islands,59.74694688,65.62435598
No,51.66162466,0,15980,0.476207944,65,5,Eastern Islands,67.24618571,52.68162466
No,46.63499425,0,7189,0.535961142,23,3,Northern Rim,57.40456909,47.65499425
No,52.42442286,0,14811,0.505328361,38,4,West,72.77823783,53.44442286
No,71.20281515,0,10270,0.495319453,32,3,Eastern Islands,56.70909628,72.22281515
No,51.73951339,0,13058,0.50641507,45,3,Northern Rim,51.2659158,52.75951339
No,51.61790302,0,12568,0.464455341,51,5,Eastern Islands,65.19313879,52.63790302
No,56.23492926,0,12293,0.519328805,25,4,Eastern Islands,57.47347729,57.25492926
No,56.16838879,0,2470,0.489721748,51,4,West,46.669252,57.18838879
No,39.19764779,0,12020,0.488353084,35,2,Northern Rim,54.49862013,40.21764779
No,40.4318021,1,8907,0.509286721,56,4,Northern Rim,54.61225414,41.4518021
No,50.20823164,0,3456,0.495775403,26,3,West,48.70990708,51.22823164
No,55.96074392,0,6429,0.476091518,29,3,Eastern Islands,55.47403724,56.98074392
No,47.09742652,0,5350,0.512353306,36,3,Northern Rim,65.24329258,48.11742652
No,51.18676784,0,9575,0.477951877,27,4,Eastern Islands,56.79338377,52.20676784
No,39.92946589,0,12002,0.509168996,58,5,West,56.89466182,40.94946589
No,50.29315,0,13931,0.524211078,18,4,Northern Rim,55.7751812,51.31315
No,49.67506602,0,19380,0.489323407,63,4,Northern Rim,51.24189771,50.69506602
No,57.42988439,0,17340,0.519722658,23,4,West,62.35683888,58.44988439
No,56.1853737,0,9585,0.512085652,22,3,Northern Rim,58.72664503,57.2053737
No,44.51515249,1,10873,0.517146756,50,4,West,55.63733502,45.53515249
No,67.45118192,0,11585,0.534183292,50,4,West,50.98530374,68.47118192
No,51.30698188,0,10500,0.510864149,18,4,Eastern Islands,48.50702144,52.32698188
No,47.28147343,0,7203,0.495173302,67,3,West,59.80814495,48.30147343
No,64.02659023,0,11086,0.509889267,43,1,West,63.93173568,65.04659023
No,44.13034824,0,6840,0.532413181,43,4,West,62.00847229,45.15034824
No,55.64080808,0,8961,0.513864577,67,3,Eastern Islands,56.81402787,56.66080808
No,58.13633904,0,9796,0.512631151,48,4,West,61.07698942,59.15633904
No,38.4218756,0,8438,0.518343124,56,4,Northern Rim,42.14251469,39.4418756
No,59.9359162,0,13525,0.5155674,54,2,Northern Rim,52.90792852,60.9559162
No,49.21178307,0,8423,0.499580125,47,4,Eastern Islands,51.89260946,50.23178307
No,71.24796332,0,4729,0.545674928,41,6,Northern Rim,69.14553675,72.26796332
No,42.38000904,0,9617,0.530603468,50,3,Northern Rim,54.64722855,43.40000904
No,39.66824951,0,10773,0.495434132,60,4,West,50.56738907,40.68824951
No,54.94243768,0,11952,0.501784843,38,3,Eastern Islands,50.17798665,55.96243768
No,44.08632142,0,15872,0.522247478,25,5,West,52.35669048,45.10632142
No,72.34071282,0,5395,0.555742494,54,5,West,53.29746546,73.36071282
No,62.30089068,0,9243,0.498383133,30,2,Eastern Islands,60.88458208,63.32089068
No,65.38233208,0,14998,0.495515156,37,5,Eastern Islands,61.98023971,66.40233208
No,62.97250835,0,10922,0.480235767,46,5,Eastern Islands,54.56927487,63.99250835
No,53.64270954,0,9943,0.508907941,35,5,Northern Rim,55.24708986,54.66270954
No,58.42217166,0,17127,0.504325196,45,4,Eastern Islands,67.78822212,59.44217166
No,41.77548643,0,3909,0.477129375,68,3,Eastern Islands,44.38839528,42.79548643
No,53.70042622,0,6063,0.506883448,38,2,West,51.57030444,54.72042622
No,55.5840139,0,10718,0.516634625,53,2,West,54.00856602,56.6040139
No,50.10320368,0,6642,0.491911303,39,4,Eastern Islands,48.22524792,51.12320368
No,39.03739084,1,19341,0.508553783,56,2,Eastern Islands,63.28440171,40.05739084
No,53.11860338,0,6015,0.471824362,35,2,Northern Rim,57.9546887,54.13860338
No,48.93833846,0,8757,0.535189251,64,3,Eastern Islands,43.22426569,49.95833846
No,43.59947104,0,6953,0.496447871,18,3,Eastern Islands,53.10786414,44.61947104
No,58.63008177,0,9829,0.494803253,25,2,Eastern Islands,53.68000524,59.65008177
No,55.00820553,0,10131,0.527317012,42,3,Northern Rim,61.99233549,56.02820553
No,52.71601973,1,16286,0.538201927,57,5,West,49.07523798,53.73601973
No,48.42567624,1,14631,0.498965213,32,3,Eastern Islands,63.70928315,49.44567624
No,52.91336186,0,11250,0.503285737,37,4,Eastern Islands,49.56135798,53.93336186
No,51.04362087,0,2986,0.495542777,54,3,Eastern Islands,57.55942861,52.06362087
No,50.31858149,0,14520,0.499176961,39,4,Northern Rim,58.46941944,51.33858149
No,42.24548793,0,9239,0.514904398,59,3,West,60.0796401,43.26548793
No,44.0820109,0,11389,0.508042051,32,2,West,59.00055822,45.1020109
No,62.1046878,0,13479,0.514401045,40,4,Eastern Islands,70.94442589,63.1246878
No,55.93248629,0,6434,0.527351953,29,4,West,61.11734549,56.95248629
No,68.85858368,0,14520,0.464456699,27,3,Northern Rim,51.72771563,69.87858368
No,44.27973765,0,15788,0.532978075,42,3,Northern Rim,61.87557931,45.29973765
No,56.743509,0,10684,0.515434892,49,4,Eastern Islands,48.66759488,57.763509
No,63.77058528,1,13909,0.49242574,45,5,Northern Rim,54.5980057,64.79058528
No,43.05484424,0,18305,0.478497402,24,4,Eastern Islands,52.55756404,44.07484424
No,45.3481824,0,8772,0.510574022,62,3,Eastern Islands,50.76114134,46.3681824
No,72.31153359,1,6538,0.509382798,62,4,Eastern Islands,54.98212151,73.33153359
No,42.79463364,0,3017,0.486652326,68,3,West,65.77376751,43.81463364
No,65.06805822,0,12007,0.48651972,50,3,West,53.30969648,66.08805822
No,47.09024703,0,6905,0.522028063,52,3,Eastern Islands,60.14314225,48.11024703
No,45.61210569,0,7318,0.533831663,25,4,Eastern Islands,62.96391172,46.63210569
No,61.13032638,0,20195,0.506516457,33,2,Eastern Islands,46.95746928,62.15032638
No,41.09376699,0,6440,0.52013065,46,4,West,52.03344385,42.11376699
No,42.04578055,0,9053,0.563042319,18,3,West,61.16601735,43.06578055
No,77.4140849,0,5793,0.528616521,50,5,Eastern Islands,54.08884161,78.4340849
No,55.694103,0,10886,0.518845996,24,2,Northern Rim,63.42220318,56.714103
No,52.30945755,0,11677,0.503261871,37,5,West,62.57103273,53.32945755
No,62.4617433,0,7914,0.506728079,48,4,West,55.799859,63.4817433
No,78.96053763,0,10609,0.523366928,32,3,Northern Rim,71.92954977,79.98053763
No,59.62978114,0,9064,0.51912517,33,5,Eastern Islands,75.63499747,60.64978114
No,57.10566607,0,17883,0.492902154,60,2,Eastern Islands,58.6404988,58.12566607
No,55.62907574,0,11093,0.491150658,45,5,West,56.46996252,56.64907574
No,56.0524815,0,7993,0.509563509,42,3,Northern Rim,64.35016491,57.0724815
No,34.26837426,0,11967,0.504922161,29,4,Eastern Islands,62.73608763,35.28837426
No,43.50355877,0,17234,0.500267285,47,4,Northern Rim,65.47143013,44.52355877
No,52.61684931,0,3750,0.498551777,37,4,Northern Rim,52.75314672,53.63684931
No,45.79994388,0,14898,0.523901893,27,4,West,54.71270389,46.81994388
No,52.30373769,0,1626,0.537928315,23,3,Northern Rim,52.098246,53.32373769
No,68.85575126,0,9823,0.557521961,44,3,Eastern Islands,62.35645077,69.87575126
No,49.17565049,0,12565,0.514414481,24,4,Eastern Islands,55.16342702,50.19565049
No,42.90493243,0,17184,0.496121055,49,4,Eastern Islands,39.39911324,43.92493243
No,51.85190088,0,3254,0.496510359,30,4,Eastern Islands,64.7894584,52.87190088
No,50.89647603,0,12399,0.552238346,31,3,Eastern Islands,59.82450136,51.91647603
No,52.4198694,0,8745,0.491187407,33,4,Northern Rim,60.63100078,53.4398694
No,52.08982761,0,11334,0.522598037,34,2,West,66.5317806,53.10982761
No,50.06076265,0,15230,0.534461306,60,3,Northern Rim,52.8703281,51.08076265
No,55.54249279,1,13452,0.499842666,45,3,West,54.51685431,56.56249279
No,55.09482331,0,22229,0.512663324,53,3,Eastern Islands,52.51519157,56.11482331
No,44.59099823,0,6910,0.526030823,45,3,West,46.24798943,45.61099823
No,56.61210641,0,8876,0.501434145,18,6,Eastern Islands,52.05116765,57.63210641
No,49.68378157,0,11696,0.508430018,39,2,Northern Rim,70.83595361,50.70378157
No,46.4444409,1,10323,0.484418541,18,3,Northern Rim,47.16055044,47.4644409
No,48.29498954,0,12029,0.495930031,20,2,Northern Rim,53.61167483,49.31498954
No,47.09378616,0,10472,0.521220144,18,3,West,43.90935744,48.11378616
No,56.43244603,0,12972,0.493002302,39,3,West,59.9234641,57.45244603
No,59.37467093,0,10419,0.505701733,38,4,West,63.45596208,60.39467093
No,62.67554544,0,10982,0.527231549,41,3,Eastern Islands,49.09508026,63.69554544
No,47.12288842,0,12632,0.52373739,36,4,West,59.60615691,48.14288842
No,42.56505179,0,13526,0.519904899,18,3,Northern Rim,65.93768978,43.58505179
No,53.77212734,0,11182,0.5116262,28,3,Eastern Islands,68.74501141,54.79212734
No,54.27614747,0,15265,0.5246816,39,4,Northern Rim,54.46642878,55.29614747
No,48.85659365,0,10010,0.525560166,30,1,West,69.02579318,49.87659365
No,40.5561219,0,9373,0.514071988,23,5,Northern Rim,61.38516345,41.5761219
No,49.37689255,0,6347,0.514231944,59,4,West,52.02493738,50.39689255
No,41.77915479,0,13017,0.551744585,58,4,Eastern Islands,60.66888578,42.79915479
No,53.27111152,0,5990,0.540720053,67,3,Northern Rim,65.24626297,54.29111152
No,42.07300834,0,11063,0.49952312,58,2,West,69.07884867,43.09300834
No,46.81778369,0,9501,0.526860485,18,4,Eastern Islands,61.46434725,47.83778369
No,54.67371881,0,12407,0.500759983,54,3,Eastern Islands,50.04633912,55.69371881
No,55.64768655,0,10032,0.525611362,26,2,West,51.57015996,56.66768655
No,70.36616605,0,14852,0.48693582,43,4,Northern Rim,51.04239446,71.38616605
No,54.96456038,0,12895,0.516355406,29,3,West,47.00616627,55.98456038
No,56.03206272,0,6616,0.503071188,18,5,Northern Rim,59.69263951,57.05206272
No,38.96935855,0,9512,0.509023718,43,3,Eastern Islands,45.79929096,39.98935855
No,54.8649937,0,11616,0.529705822,29,4,Northern Rim,68.68783829,55.8849937
No,47.9248706,0,13337,0.492215544,39,3,West,52.55421128,48.9448706
No,45.35179544,0,12324,0.488437601,50,4,Eastern Islands,59.99425912,46.37179544
No,49.44466835,0,8351,0.500283332,32,3,Northern Rim,42.65775338,50.46466835
No,56.00971119,1,4968,0.497494204,41,2,West,52.87281198,57.02971119
No,51.08389064,0,9967,0.540102174,36,4,West,52.4606666,52.10389064
No,50.56165134,0,6016,0.509386833,55,4,West,56.94017335,51.58165134
No,46.03601843,0,15331,0.49448936,56,3,Northern Rim,52.17843344,47.05601843
No,47.26267068,0,8610,0.477957382,40,3,Eastern Islands,62.74653256,48.28267068
No,43.03353325,0,6043,0.467592494,80,3,Northern Rim,66.1277963,44.05353325
No,57.74462592,0,9691,0.450881297,42,4,Eastern Islands,56.8567665,58.76462592
No,47.99748053,0,8550,0.486643692,24,3,Eastern Islands,51.21572913,49.01748053
No,34.07976898,0,10074,0.511127915,42,2,Eastern Islands,56.60104454,35.09976898
No,58.68725633,0,14953,0.517026831,46,2,Northern Rim,58.31949897,59.70725633
No,39.23333941,0,9584,0.49973182,58,2,Northern Rim,55.69344033,40.25333941
No,48.4474463,0,6634,0.513189636,18,2,Northern Rim,59.05918273,49.4674463
No,52.93729338,0,2844,0.513151271,54,4,West,52.44324229,53.95729338
No,67.90321558,0,4766,0.515740451,56,4,Eastern Islands,54.81853154,68.92321558
No,52.6323554,0,7886,0.517275504,26,2,Northern Rim,49.22550135,53.6523554
No,58.88358363,1,6773,0.499999798,50,4,West,60.80397607,59.90358363
No,64.63141291,0,14334,0.511480711,31,4,Eastern Islands,58.57214774,65.65141291
No,49.85828637,0,9805,0.485881876,43,5,West,62.62070535,50.87828637
No,49.6510775,0,5575,0.493047742,66,2,West,58.74641175,50.6710775
No,52.73345064,0,12989,0.507205463,43,3,Northern Rim,51.26142018,53.75345064
No,41.37234045,0,10350,0.52225416,37,3,Northern Rim,53.25280389,42.39234045
No,50.10152322,0,14594,0.505820186,35,3,Northern Rim,57.77868853,51.12152322
No,60.37882075,0,9737,0.506664907,41,2,West,53.25460169,61.39882075
No,40.88973509,0,9109,0.471257831,48,3,West,55.86033957,41.90973509
No,44.9152466,0,14076,0.510075413,29,4,West,54.80447181,45.9352466
No,60.1839264,0,10932,0.518807695,46,4,West,48.70010706,61.2039264
No,48.07202025,0,7819,0.511919256,62,3,Eastern Islands,59.23533746,49.09202025
No,46.53341796,0,10460,0.525067215,18,5,West,43.98145456,47.55341796
No,45.03514212,0,9723,0.500200342,38,2,Eastern Islands,53.30234935,46.05514212
No,52.33119688,0,5675,0.487857464,35,5,Eastern Islands,43.70042551,53.35119688
No,47.14773892,0,6596,0.530800323,27,5,Northern Rim,61.84796974,48.16773892
No,67.95232336,0,12503,0.509081883,48,4,Eastern Islands,57.69661816,68.97232336
No,51.27472487,0,8380,0.531101147,41,2,Northern Rim,65.32733938,52.29472487
No,41.36522502,0,5955,0.517740108,46,3,West,55.95125227,42.38522502
No,31.42518162,0,9199,0.503261674,45,3,West,58.01988603,32.44518162
No,54.86522807,0,15700,0.540007426,61,3,West,72.40280631,55.88522807
No,55.08845812,0,7402,0.510221764,49,6,Northern Rim,59.33513065,56.10845812
No,52.56534866,0,13371,0.491544817,65,3,West,50.91035406,53.58534866
No,46.06290419,0,10871,0.476126698,28,4,West,60.60963195,47.08290419
No,52.42517609,0,10309,0.553287324,38,4,West,69.60799028,53.44517609
No,56.02338946,0,14360,0.520829723,51,5,Northern Rim,63.04372848,57.04338946
No,43.42901018,0,9121,0.549406827,41,5,Northern Rim,64.40262509,44.44901018
No,57.49678572,0,5341,0.484231294,50,3,Northern Rim,53.38677263,58.51678572
No,68.68079224,0,7727,0.514063433,55,4,West,62.50968778,69.70079224
No,46.50225491,0,13150,0.528584653,56,4,West,42.91983296,47.52225491
No,30.73312663,0,9585,0.497012774,38,4,West,63.19461942,31.75312663
No,52.5305438,0,5344,0.510705296,23,2,Eastern Islands,52.88953022,53.5505438
No,51.26932071,1,13808,0.495703878,24,4,Northern Rim,51.24874471,52.28932071
No,43.5355614,0,27478,0.50188936,37,3,West,59.44013289,44.5555614
No,62.69330994,0,15580,0.509050322,56,3,Eastern Islands,63.48273741,63.71330994
No,48.63965794,0,7292,0.505340719,48,3,West,58.70351474,49.65965794
No,51.23864995,0,9686,0.514004104,42,4,West,66.02201897,52.25864995
No,41.75597041,0,1412,0.503474136,18,4,Eastern Islands,56.65075104,42.77597041
No,59.95723841,0,14891,0.473814246,46,5,Northern Rim,60.71224494,60.97723841
No,31.21088952,0,9012,0.509682816,30,4,Eastern Islands,59.91946941,32.23088952
No,50.71932866,0,12457,0.498290058,28,3,West,58.83068732,51.73932866
No,51.59729521,1,13538,0.485869927,59,3,Eastern Islands,63.45658402,52.61729521
No,50.83801697,0,10245,0.49355917,32,4,Eastern Islands,58.17057802,51.85801697
No,45.91483612,0,17423,0.525292577,48,4,West,70.0695641,46.93483612
No,45.59733495,0,10670,0.533686896,20,4,Northern Rim,63.6654289,46.61733495
No,51.69323574,1,10944,0.492378372,46,5,Northern Rim,59.87487009,52.71323574
No,46.43789041,0,8393,0.516148459,56,3,West,56.40758585,47.45789041
No,50.74508913,0,3733,0.475112633,65,1,Eastern Islands,59.38284458,51.76508913
No,40.76872198,0,1778,0.512542522,28,2,West,56.87199563,41.78872198
No,40.79048953,0,14440,0.501126302,38,1,Northern Rim,63.13881871,41.81048953
No,66.0236221,0,7351,0.537785792,45,2,Eastern Islands,66.16029481,67.0436221
No,42.36836758,0,12623,0.536733258,61,6,Eastern Islands,57.82686977,43.38836758
No,56.83724438,0,9320,0.51081928,32,2,Eastern Islands,53.71608077,57.85724438
No,48.73762933,0,11421,0.486272814,35,2,Northern Rim,61.57221141,49.75762933
No,49.77881872,0,9595,0.513174188,31,5,Eastern Islands,60.78456009,50.79881872
No,58.04580916,0,14645,0.49091107,27,4,West,69.88081906,59.06580916
No,59.395556,0,10699,0.527242336,39,2,West,63.35742668,60.415556
No,58.10805759,0,14151,0.532578522,52,3,West,53.13535438,59.12805759
No,46.46985437,0,9239,0.522522721,20,5,Eastern Islands,62.46878021,47.48985437
No,38.13427535,0,12310,0.48150833,47,4,Northern Rim,60.82437863,39.15427535
No,34.63688181,0,9385,0.51246485,27,2,Northern Rim,46.81515081,35.65688181
No,57.86492971,0,13213,0.539851629,35,4,Northern Rim,60.85837173,58.88492971
No,50.84992714,0,18676,0.493647417,25,4,West,55.30578837,51.86992714
No,68.95064215,1,8509,0.514575162,64,2,Northern Rim,48.75275556,69.97064215
No,41.91906481,0,10930,0.531247355,27,3,West,61.61828593,42.93906481
No,39.84125409,0,18585,0.544169888,43,5,West,54.31827329,40.86125409
No,47.39114653,0,11843,0.515022816,25,3,Northern Rim,59.20064431,48.41114653
No,57.63578949,0,5762,0.519451948,18,6,West,51.53050076,58.65578949
No,46.20483455,0,11301,0.519559391,22,3,West,45.46652168,47.22483455
No,49.50880111,0,100,0.493685338,51,4,Eastern Islands,52.75915606,50.52880111
No,57.69963158,0,12356,0.497307544,44,2,West,68.55068825,58.71963158
No,69.87258258,0,6730,0.522310678,26,4,Northern Rim,70.95982903,70.89258258
No,51.98377772,1,11985,0.501799027,55,4,Northern Rim,60.92638716,53.00377772
No,48.7452938,0,7096,0.500637372,39,5,West,59.8029882,49.7652938
No,59.67467724,0,11290,0.534548515,36,4,West,67.4015501,60.69467724
No,40.29191167,0,5812,0.466386724,46,4,Northern Rim,54.50850427,41.31191167
No,44.5633294,0,8587,0.530988073,44,3,Northern Rim,43.59000672,45.5833294
No,59.3514655,1,7324,0.508904226,20,2,Northern Rim,64.25040721,60.3714655
No,46.20495299,0,7142,0.565006801,27,4,Eastern Islands,47.03772271,47.22495299
No,35.3391679,0,8301,0.508582579,34,4,Eastern Islands,53.90645418,36.3591679
No,51.61707167,0,7948,0.525608815,31,3,Northern Rim,57.9376453,52.63707167
No,44.14305482,0,10408,0.52681387,24,4,West,64.21639911,45.16305482
No,49.39242258,0,5074,0.544013919,34,3,West,59.04819999,50.41242258
No,50.33365575,0,3121,0.502976753,21,4,Eastern Islands,55.52907995,51.35365575
No,55.33583811,0,10902,0.476377093,51,3,Eastern Islands,55.77718942,56.35583811
No,58.87494699,0,2771,0.487962966,28,3,West,55.36806504,59.89494699
No,57.13243154,0,3981,0.476717919,55,5,Northern Rim,53.71612834,58.15243154
No,46.7678992,1,11287,0.511668938,57,3,Eastern Islands,54.20411984,47.7878992
No,52.23016445,0,10767,0.5614452,47,3,Eastern Islands,59.41063776,53.25016445
No,53.253816,0,6549,0.459887076,18,3,West,43.73285147,54.273816
No,44.57440865,1,6596,0.513088065,26,5,West,57.36604468,45.59440865
No,50.10319459,0,7999,0.517914719,23,4,Northern Rim,52.38222321,51.12319459
No,44.87771003,0,14428,0.514027998,36,4,Eastern Islands,65.10905256,45.89771003
No,53.40901998,0,4008,0.512515324,68,3,Northern Rim,51.96520287,54.42901998
No,57.31235278,0,6977,0.530119582,42,5,Eastern Islands,59.37361205,58.33235278
No,41.86748811,1,13237,0.527125893,61,3,Northern Rim,53.85856038,42.88748811
No,41.20535939,0,7239,0.521635513,41,4,Eastern Islands,55.45261504,42.22535939
No,40.14094228,0,12114,0.525559199,65,3,Northern Rim,48.04933058,41.16094228
No,50.30425846,0,7422,0.492298404,29,3,West,59.81201871,51.32425846
No,49.99275479,0,11713,0.544485452,59,3,West,62.67071284,51.01275479
No,41.5270285,0,9432,0.53719253,33,6,West,63.75391474,42.5470285
No,41.49803188,0,11381,0.502759018,42,5,West,58.10539647,42.51803188
No,48.59349582,0,10981,0.53703634,18,3,Northern Rim,50.14758636,49.61349582
No,69.5438084,0,8307,0.499832041,44,3,Northern Rim,52.4572292,70.5638084
No,49.57793971,0,11259,0.53478434,21,3,Eastern Islands,55.25296174,50.59793971
No,44.99717825,0,16832,0.525882655,71,5,Eastern Islands,50.40048721,46.01717825
No,41.62661574,0,3250,0.475527856,51,4,Eastern Islands,57.81555203,42.64661574
No,65.43664377,0,6382,0.506354149,47,4,Northern Rim,56.7647782,66.45664377
No,48.82877652,0,11835,0.495394366,18,4,West,50.4767801,49.84877652
No,49.12429213,0,6791,0.517951685,37,3,West,41.92604587,50.14429213
No,58.82665752,0,11624,0.517191153,67,3,West,50.30672218,59.84665752
No,40.7911638,0,7476,0.505162194,53,4,Eastern Islands,67.7644935,41.8111638
No,44.59614299,0,13552,0.549028969,43,5,Eastern Islands,42.29556444,45.61614299
No,46.92148331,0,8370,0.511383659,47,4,Eastern Islands,69.69559174,47.94148331
No,61.87334229,0,7315,0.548903478,30,4,Northern Rim,50.50795674,62.89334229
No,39.31304304,0,10060,0.543832144,62,4,Northern Rim,49.59808333,40.33304304
No,45.4434601,0,18807,0.530051285,50,5,Northern Rim,51.31032157,46.4634601
No,41.54810701,1,8960,0.548591369,43,3,Eastern Islands,52.99560457,42.56810701
No,55.88167419,0,14183,0.536872386,31,5,Eastern Islands,51.82024183,56.90167419
No,52.27088393,0,11069,0.520873019,43,5,Northern Rim,61.3101272,53.29088393
No,50.67627818,0,3282,0.529341532,33,3,West,58.93814806,51.69627818
No,48.27726468,0,14745,0.502109076,25,2,Eastern Islands,47.57295575,49.29726468
No,44.59878324,0,7908,0.511544592,54,4,Eastern Islands,49.20225677,45.61878324
No,47.17188023,0,20632,0.502297635,33,5,West,43.70074897,48.19188023
No,46.62000663,0,13194,0.531009109,19,3,West,72.02338641,47.64000663
No,52.18298313,1,9075,0.507339635,47,4,Northern Rim,52.30821161,53.20298313
No,45.7088535,0,7611,0.551915105,18,4,Northern Rim,63.01472352,46.7288535
No,55.65748236,1,11603,0.531117551,42,2,Eastern Islands,56.13560423,56.67748236
No,58.01811119,0,7996,0.556198315,68,3,Eastern Islands,47.13968929,59.03811119
No,61.65204627,0,3325,0.508063777,18,2,Eastern Islands,61.95744592,62.67204627
No,51.95143825,0,10826,0.515310358,44,4,Eastern Islands,60.48005436,52.97143825
No,32.98857,0,13394,0.475586892,24,3,Northern Rim,59.66352805,34.00857
No,52.42276685,0,7416,0.521881806,50,4,Northern Rim,66.34454526,53.44276685
No,54.84866253,0,8848,0.540164006,42,3,West,59.27198172,55.86866253
No,52.80444891,0,6297,0.491895503,45,4,West,65.13328739,53.82444891
No,45.14886033,1,13957,0.506443353,53,3,Eastern Islands,43.49508176,46.16886033
No,53.90971805,0,14859,0.53253837,79,3,Northern Rim,54.68201371,54.92971805
No,46.97811074,0,1025,0.52946619,18,3,Eastern Islands,57.41472473,47.99811074
No,52.71408675,0,9106,0.50075585,37,4,Northern Rim,63.7280909,53.73408675
No,51.83384968,0,5940,0.531991003,44,3,West,55.1716018,52.85384968
No,46.84622044,0,16461,0.480109009,18,5,Northern Rim,58.09547272,47.86622044
No,65.7524118,0,5969,0.506472399,47,4,Northern Rim,38.69886272,66.7724118
No,63.15234078,0,4532,0.512167545,29,1,Eastern Islands,56.61069163,64.17234078
No,63.62776331,0,10968,0.478027678,58,5,Northern Rim,64.29102489,64.64776331
No,40.6872005,0,10105,0.52387206,18,5,West,62.26143766,41.7072005
No,30.86420516,0,11001,0.498074048,37,5,Eastern Islands,56.88778654,31.88420516
No,55.25074717,0,6137,0.521429633,42,4,Eastern Islands,55.93793115,56.27074717
No,45.69746121,1,14368,0.509784761,40,5,Eastern Islands,58.33499095,46.71746121
No,54.7038797,0,5635,0.499395022,47,4,West,67.88989935,55.7238797
No,30.27174724,0,12501,0.562699163,59,5,West,61.95186221,31.29174724
No,58.7828803,0,9877,0.524847084,18,2,Northern Rim,50.04700247,59.8028803
No,50.8785589,0,13912,0.511412668,35,3,Northern Rim,46.6358752,51.8985589
No,66.43635953,0,8295,0.476163564,26,2,West,54.00058179,67.45635953
No,44.10291745,0,3724,0.530452966,34,5,Eastern Islands,72.96386715,45.12291745
No,50.7824679,0,9689,0.478102262,30,3,Eastern Islands,58.85327735,51.8024679
No,46.39765809,0,2085,0.514168972,45,4,Eastern Islands,55.31127471,47.41765809
No,44.53791362,0,13149,0.526116346,32,4,West,52.34402006,45.55791362
No,64.23399586,0,10507,0.520880544,40,5,Northern Rim,47.51044314,65.25399586
No,59.00980474,0,14115,0.554026356,75,4,Eastern Islands,56.9490669,60.02980474
No,54.60760039,0,12294,0.510019329,44,4,West,65.02947067,55.62760039
No,42.02443538,0,13280,0.511781878,65,3,Northern Rim,58.91818802,43.04443538
No,62.59653053,0,9107,0.49468505,44,4,West,54.80081686,63.61653053
No,32.56053086,0,9792,0.493955114,62,5,West,61.76896231,33.58053086
No,58.37358879,0,10256,0.502585267,41,4,Northern Rim,53.0619204,59.39358879
No,53.00452693,0,11482,0.497523882,76,4,West,65.50633336,54.02452693
No,52.00493592,0,6965,0.505709947,44,5,Northern Rim,53.53680344,53.02493592
No,57.83535553,0,6069,0.512136713,35,4,West,49.58076887,58.85535553
No,45.97857637,0,10016,0.510318179,57,4,West,65.89436819,46.99857637
No,48.22997919,0,6164,0.520817125,32,5,Eastern Islands,55.9045334,49.24997919
No,61.49993554,0,17461,0.522096845,18,3,Eastern Islands,60.62105863,62.51993554
No,63.61746548,0,2046,0.479368106,54,3,Northern Rim,56.45722752,64.63746548
No,50.076011,0,11047,0.505415283,74,3,Eastern Islands,48.59110539,51.096011
No,58.21056447,0,11977,0.514080639,40,3,West,64.95593735,59.23056447
No,49.59420533,0,11823,0.498344128,42,3,Northern Rim,60.71118377,50.61420533
No,45.77650094,1,13320,0.496909089,49,4,Eastern Islands,62.92994693,46.79650094
No,47.63450891,0,12001,0.488292548,55,3,Eastern Islands,65.53404615,48.65450891
No,46.69919232,0,13647,0.483434914,49,3,Northern Rim,51.53925822,47.71919232
No,55.68660895,0,12395,0.493289366,43,3,Eastern Islands,58.64728097,56.70660895
No,61.90543872,0,13069,0.464881885,26,3,Eastern Islands,62.94972223,62.92543872
No,50.07919711,0,15023,0.490907809,21,4,Eastern Islands,71.57367679,51.09919711
No,50.7830838,0,12297,0.487389706,22,4,Northern Rim,61.55264258,51.8030838
No,32.98032272,0,100,0.501500124,51,2,Northern Rim,57.01279648,34.00032272
No,37.70438795,0,5167,0.501552901,41,3,Eastern Islands,58.93115835,38.72438795
No,57.07166587,1,14447,0.527031409,38,4,Eastern Islands,52.28952189,58.09166587
No,44.38047382,0,9443,0.508288023,40,4,West,58.39819131,45.40047382
No,41.43200548,0,4042,0.491415817,42,3,West,48.22115609,42.45200548
No,48.95554028,0,16629,0.465500577,26,4,West,54.37194724,49.97554028
No,45.49647521,0,9661,0.518737444,18,3,Northern Rim,58.13191154,46.51647521
No,51.2521984,0,12471,0.529803158,50,4,West,65.86186344,52.2721984
No,61.20898632,0,7176,0.544642083,21,3,Northern Rim,53.24420762,62.22898632
No,50.38276597,0,11121,0.515714125,51,3,West,59.65938281,51.40276597
No,46.16050105,0,6385,0.518192757,63,4,Eastern Islands,58.24938359,47.18050105
No,45.84331118,0,14021,0.522296051,44,5,West,57.87853051,46.86331118
No,58.04685645,0,15631,0.520618368,18,3,West,57.97858711,59.06685645
No,55.14252609,1,10155,0.51190694,21,5,West,53.6740742,56.16252609
No,53.16522055,0,5071,0.503421788,51,5,Northern Rim,58.37783062,54.18522055
No,48.30721561,0,7034,0.544147353,63,3,West,60.85564986,49.32721561
No,52.61167016,0,9818,0.503760184,31,4,Eastern Islands,57.4207375,53.63167016
No,53.96317491,0,13676,0.524582698,49,3,West,52.91358597,54.98317491
No,51.12424791,0,11871,0.520100887,40,3,Northern Rim,67.06905981,52.14424791
No,46.09067601,1,10263,0.511956083,36,2,Northern Rim,74.66917793,47.11067601
No,48.54136352,1,8888,0.482141463,45,4,Northern Rim,63.64903474,49.56136352
No,40.67036368,0,12032,0.500741177,37,5,West,59.63205855,41.69036368
No,61.82512839,0,12084,0.504345558,55,2,Eastern Islands,70.62688543,62.84512839
No,52.55643513,0,9903,0.525975795,58,3,Northern Rim,64.8015211,53.57643513
No,55.43107804,0,10695,0.519491953,64,4,Northern Rim,61.93210459,56.45107804
No,73.0844322,0,12830,0.509124045,39,4,Northern Rim,62.25467111,74.1044322
No,41.66525041,0,14769,0.503005995,60,4,Eastern Islands,54.46815581,42.68525041
No,62.28993968,0,20226,0.498927191,47,3,West,62.53147072,63.30993968
No,41.96506627,0,13587,0.478893175,43,2,Northern Rim,66.22897613,42.98506627
No,43.66948852,0,2993,0.513784072,36,5,Northern Rim,59.4950781,44.68948852
No,57.45321952,1,2568,0.50362571,25,2,West,53.78961456,58.47321952
No,44.49061348,0,10204,0.515892241,55,4,Eastern Islands,56.50437812,45.51061348
No,58.58562919,0,12388,0.511992716,39,2,Eastern Islands,66.63274168,59.60562919
No,44.0512795,1,10105,0.521229521,71,5,West,59.49187606,45.0712795
No,51.08219046,0,14569,0.55818561,32,5,Eastern Islands,73.6760783,52.10219046
No,56.8134766,0,9581,0.503605262,18,5,Northern Rim,44.47460229,57.8334766
No,44.6105092,0,7800,0.470976345,36,3,Northern Rim,64.08991308,45.6305092
No,51.05156572,1,7263,0.51454432,52,3,West,69.1905713,52.07156572
No,59.15282862,0,15709,0.498702675,49,3,Eastern Islands,63.40571568,60.17282862
No,37.74832659,0,8561,0.508293589,29,3,Northern Rim,51.07768607,38.76832659
No,51.69160791,0,13900,0.520513057,64,4,Northern Rim,69.72083332,52.71160791
No,57.69733764,0,8488,0.533386213,31,5,Eastern Islands,61.8769671,58.71733764
No,55.86553045,0,13480,0.493961561,41,3,Northern Rim,50.41832373,56.88553045
No,46.97790034,0,9568,0.529241272,22,4,Eastern Islands,47.24560566,47.99790034
No,52.39692166,0,11184,0.489863214,42,4,Northern Rim,60.1219419,53.41692166
No,56.56582861,0,8385,0.505245279,67,3,Northern Rim,59.26025699,57.58582861
No,77.36010021,0,11650,0.494684798,60,3,Northern Rim,66.3374389,78.38010021
No,46.65553154,0,11846,0.500678566,29,3,Northern Rim,65.82040685,47.67553154
No,35.22225037,0,14827,0.537617139,25,4,Northern Rim,62.26590154,36.24225037
No,56.54318279,0,11884,0.518027381,47,4,West,45.91779089,57.56318279
No,57.07324519,0,12084,0.544005108,62,5,Northern Rim,78.71081094,58.09324519
No,51.15544973,0,4494,0.531748524,49,3,Eastern Islands,34.96395927,52.17544973
No,49.10002648,1,13315,0.516198077,59,5,West,51.65379193,50.12002648
No,58.86293997,0,12588,0.511780608,34,3,West,56.50928378,59.88293997
No,38.44743721,0,11435,0.527589837,18,3,Eastern Islands,54.02652248,39.46743721
No,51.06654575,0,5131,0.505377593,29,2,Eastern Islands,59.89694789,52.08654575
No,52.28603202,0,7165,0.516222563,26,3,Eastern Islands,57.12434121,53.30603202
No,60.91685657,1,4560,0.516792128,27,3,West,42.88064859,61.93685657
No,51.21174075,0,8112,0.487546397,23,3,Northern Rim,69.46323381,52.23174075
No,53.74595715,0,8102,0.485023965,37,3,Eastern Islands,57.55354542,54.76595715
No,44.35059739,0,12012,0.510474838,50,5,West,61.33148527,45.37059739
No,49.39510937,1,10577,0.509244177,57,5,Eastern Islands,59.67087761,50.41510937
No,53.14194163,0,19695,0.455179605,70,3,Northern Rim,48.35835715,54.16194163
No,47.79841224,0,16837,0.506509398,42,3,Eastern Islands,64.92072403,48.81841224
No,36.12086494,0,12165,0.511259605,44,4,West,64.59165496,37.14086494
No,36.97206774,0,10736,0.526947098,43,3,Northern Rim,60.80571818,37.99206774
No,47.38310704,0,12519,0.485186744,21,4,Northern Rim,53.61141906,48.40310704
No,44.92328385,0,10893,0.516439969,44,3,Northern Rim,68.75518164,45.94328385
No,49.30127072,0,10305,0.504726699,29,5,Eastern Islands,47.7141629,50.32127072
No,46.12827084,0,9545,0.477955939,34,3,Eastern Islands,59.9179546,47.14827084
No,52.15801242,0,12541,0.515460071,68,2,Northern Rim,47.79524624,53.17801242
No,45.00386067,0,11873,0.492171996,28,4,Northern Rim,55.88614007,46.02386067
No,45.13073923,0,3147,0.491452892,18,4,West,51.69877288,46.15073923
No,54.27512415,0,5889,0.497712517,62,4,Northern Rim,50.29686336,55.29512415
No,55.56096688,0,15319,0.518806523,46,3,Eastern Islands,63.80934013,56.58096688
No,36.01083106,0,11323,0.528464965,38,3,Eastern Islands,58.02563733,37.03083106
No,61.65483933,0,14505,0.504737208,65,4,Northern Rim,62.97663677,62.67483933
No,53.53505775,0,8460,0.542780586,34,3,Northern Rim,56.32468783,54.55505775
No,45.85754401,0,12394,0.486858709,78,3,Northern Rim,57.90530774,46.87754401
No,50.20890828,0,6897,0.520848247,34,4,Northern Rim,50.5221572,51.22890828
No,38.81592753,0,5037,0.504888101,40,3,Eastern Islands,56.09952319,39.83592753
No,53.6165269,0,3779,0.496089148,52,2,West,56.1127099,54.6365269
No,61.44820267,1,5656,0.516416445,64,3,Eastern Islands,64.86555989,62.46820267
No,52.2096758,0,16812,0.506535171,33,3,Northern Rim,56.48382196,53.2296758
No,55.7598754,1,1421,0.53427401,43,4,Eastern Islands,56.78857955,56.7798754
No,48.88728556,0,8774,0.467639211,53,5,West,46.79369414,49.90728556
No,56.19144685,0,10229,0.529570808,40,4,Northern Rim,59.28351284,57.21144685
No,49.35506402,0,12423,0.490202116,39,5,West,64.16055464,50.37506402
No,57.80572179,0,15779,0.511481667,47,3,Northern Rim,57.99317142,58.82572179
No,54.46250124,0,9718,0.509871023,34,3,Eastern Islands,53.68876326,55.48250124
No,51.06409769,0,6061,0.505229512,57,4,Northern Rim,53.59975146,52.08409769
No,60.45228962,0,4412,0.538186017,30,2,West,54.07955693,61.47228962
No,56.50900574,0,13820,0.493971452,42,1,West,56.18650854,57.52900574
No,40.30617767,0,12338,0.486453478,18,6,Northern Rim,51.58088037,41.32617767
No,58.22887808,0,12575,0.498240426,18,3,Northern Rim,60.79235229,59.24887808
No,59.62488438,0,13612,0.497216117,18,3,Eastern Islands,57.91011876,60.64488438
No,42.56749982,0,16435,0.521912394,23,4,West,67.84157928,43.58749982
No,40.14538683,0,10087,0.497570048,19,4,West,68.14131978,41.16538683
No,42.56062984,0,10409,0.496173525,45,6,West,48.353939,43.58062984
No,57.80586875,0,16248,0.46814049,53,3,West,60.62408246,58.82586875
No,39.14501772,0,12340,0.519742827,27,3,Eastern Islands,45.64218949,40.16501772
No,43.50952414,0,18551,0.51898101,53,4,Eastern Islands,56.30985985,44.52952414
No,45.59682197,0,14026,0.490213132,27,3,West,67.67180783,46.61682197
No,48.34289539,0,10374,0.484922016,22,4,Northern Rim,67.48918591,49.36289539
No,40.78281206,1,10004,0.491703089,43,3,Northern Rim,62.224432,41.80281206
No,43.83341999,0,15828,0.495049079,18,4,West,55.65222103,44.85341999
No,41.59086878,0,10302,0.543201524,18,2,Eastern Islands,56.15084627,42.61086878
No,49.16588874,0,11437,0.51397968,46,6,West,62.65700905,50.18588874
No,51.3566746,1,12778,0.518253499,31,3,Northern Rim,56.91352628,52.3766746
No,43.28738629,0,10577,0.53533405,20,4,Northern Rim,62.97940617,44.30738629
No,47.61977023,0,2260,0.53998142,41,4,Northern Rim,56.88861162,48.63977023
No,40.86077279,0,11691,0.492452478,23,3,Northern Rim,64.68426385,41.88077279
No,59.26926363,0,7490,0.515253108,49,3,West,58.79957509,60.28926363
No,44.91568252,0,10109,0.549192659,33,3,Northern Rim,42.7146788,45.93568252
No,56.32221334,0,12981,0.530376492,50,2,Eastern Islands,42.49773639,57.34221334
No,71.96014729,0,14254,0.508617666,35,5,West,57.36808061,72.98014729
No,37.11353775,0,11621,0.513881773,22,3,West,56.30348791,38.13353775
No,48.82309304,1,7447,0.506293454,43,4,West,52.90809669,49.84309304
No,51.56534237,0,9618,0.517547499,61,4,Northern Rim,73.06532905,52.58534237
No,55.04049905,0,14988,0.487855457,59,3,Eastern Islands,69.19328294,56.06049905
No,39.57202219,0,8256,0.519935425,34,4,West,52.80418825,40.59202219
No,60.89697763,0,6793,0.513630065,36,5,Eastern Islands,57.68836617,61.91697763
No,53.98764949,0,3900,0.484883735,31,4,Eastern Islands,53.34773589,55.00764949
No,45.51611654,0,10546,0.490283154,35,3,West,57.60030103,46.53611654
No,36.06448908,0,14575,0.483108647,47,4,Eastern Islands,56.16147652,37.08448908
No,51.83300628,0,9285,0.504069842,27,3,West,46.93046387,52.85300628
No,59.8353625,0,10908,0.528172052,41,4,Eastern Islands,54.68813252,60.8553625
No,39.68635951,0,7258,0.517976415,33,3,West,62.26449467,40.70635951
No,53.83933759,0,4247,0.497198871,55,4,Northern Rim,55.4302272,54.85933759
No,50.09398319,0,11561,0.475282919,35,5,Northern Rim,59.16290219,51.11398319
No,49.07930722,0,10926,0.544516024,18,4,Northern Rim,52.49019393,50.09930722
No,56.23398153,0,13346,0.494635409,18,4,Northern Rim,49.85113564,57.25398153
No,55.63787179,0,13596,0.539610357,23,3,West,53.02011347,56.65787179
No,50.34396827,0,7049,0.506412389,29,3,Eastern Islands,54.65869178,51.36396827
No,42.34810154,0,14205,0.471045891,22,4,Eastern Islands,48.19707071,43.36810154
No,42.86701097,1,8864,0.477344062,42,4,West,38.66661066,43.88701097
No,59.70150437,0,13169,0.520212037,38,2,Eastern Islands,63.56723725,60.72150437
No,48.5154294,0,5851,0.474344961,24,2,West,63.4694044,49.5354294
No,59.20878695,0,9287,0.510051352,27,3,West,61.34164612,60.22878695
No,47.40368759,0,13629,0.511541942,39,4,Eastern Islands,48.68878361,48.42368759
No,58.27748706,0,13361,0.508223946,51,3,Eastern Islands,54.98362161,59.29748706
No,46.24374962,0,16271,0.497780065,36,4,Eastern Islands,53.18062619,47.26374962
No,53.79547911,0,9411,0.5180388,31,4,West,54.64605446,54.81547911
No,58.22243108,0,7764,0.523973255,40,2,Northern Rim,66.77709685,59.24243108
No,62.86754944,0,8883,0.534647524,24,2,Eastern Islands,50.25201025,63.88754944
No,51.93287667,0,3320,0.511797899,53,3,Eastern Islands,66.69148342,52.95287667
No,44.83086803,0,12760,0.544463986,18,4,Northern Rim,54.22698342,45.85086803
No,42.29835926,0,7764,0.506161195,50,2,Northern Rim,67.2393971,43.31835926
No,43.24321837,0,10399,0.537319489,49,4,Eastern Islands,70.23334753,44.26321837
No,57.13514587,0,10112,0.509684124,28,4,West,52.6421787,58.15514587
No,54.57051156,0,7617,0.523978813,41,5,Eastern Islands,58.64046075,55.59051156
No,53.74800593,0,9633,0.527387642,56,3,Eastern Islands,53.02885635,54.76800593
No,57.80233562,0,10999,0.475962612,18,2,Northern Rim,46.42737349,58.82233562
No,68.63847894,0,2101,0.53994634,22,4,West,48.68888436,69.65847894
No,60.36919168,0,17674,0.530140998,38,4,Northern Rim,62.80622947,61.38919168
No,40.36381028,1,9913,0.508718358,72,3,Northern Rim,51.92080016,41.38381028
No,51.42002168,0,14586,0.509710302,28,5,Eastern Islands,54.12368202,52.44002168
No,50.03165175,0,7630,0.519074159,68,3,Northern Rim,44.74987026,51.05165175
No,58.43741905,0,4294,0.534447121,24,2,Eastern Islands,51.57831864,59.45741905
No,51.89224597,0,13752,0.495005908,47,2,Eastern Islands,49.16443602,52.91224597
No,62.0478373,0,10452,0.519764387,61,5,Northern Rim,65.96641992,63.0678373
No,51.01072118,0,14885,0.492751428,45,4,West,58.74022486,52.03072118
No,52.71906605,0,6426,0.52183909,37,3,Northern Rim,64.47003559,53.73906605
No,65.1249381,0,12461,0.514737144,59,3,West,62.3340666,66.1449381
No,49.03476822,0,7651,0.520582811,60,3,Northern Rim,61.93337752,50.05476822
No,57.78909466,0,12173,0.503836923,30,3,West,45.50989513,58.80909466
No,42.10594435,0,7501,0.498383863,37,4,Eastern Islands,65.37553354,43.12594435
No,36.30953149,0,10730,0.524228782,39,3,Northern Rim,44.88218659,37.32953149
No,54.34285203,0,8956,0.52746324,34,5,Eastern Islands,59.89321339,55.36285203
No,42.45972623,1,12228,0.539449097,45,4,Northern Rim,66.7337753,43.47972623
No,47.21919947,0,11593,0.503358842,54,4,Northern Rim,53.66844968,48.23919947
No,47.69144922,0,13072,0.524243402,19,4,Northern Rim,54.92247939,48.71144922
No,40.94818442,0,15395,0.528415001,24,5,Northern Rim,51.11330168,41.96818442
No,49.0144945,0,8348,0.516352536,61,3,Eastern Islands,61.60851516,50.0344945
No,60.19456504,0,13890,0.532031696,23,3,Northern Rim,59.45601691,61.21456504
No,57.21157093,0,3772,0.514210068,53,4,Eastern Islands,53.99903084,58.23157093
No,47.7528903,0,5276,0.535006219,18,2,West,53.95845836,48.7728903
No,64.94993303,0,7082,0.522096065,31,2,Northern Rim,60.55912404,65.96993303
No,34.40578589,0,10868,0.544001609,30,5,West,50.95793063,35.42578589
No,66.41508324,0,8621,0.507963457,28,5,Eastern Islands,52.7794655,67.43508324
No,62.82526447,0,13453,0.513342281,39,3,Eastern Islands,57.55542555,63.84526447
No,37.52873001,0,16941,0.4910126,40,4,Northern Rim,37.98540976,38.54873001
No,47.92407466,0,11043,0.511619859,48,3,Northern Rim,57.66759881,48.94407466
No,52.70620127,0,15096,0.532494123,51,3,Northern Rim,68.35770345,53.72620127
No,36.15757151,0,10359,0.513005514,39,5,Northern Rim,55.80591061,37.17757151
No,45.37991606,0,11445,0.481115724,18,4,West,49.05621589,46.39991606
No,60.36248061,0,8463,0.527674239,53,2,Northern Rim,44.55128327,61.38248061
No,55.64871993,0,14981,0.510865569,50,3,Northern Rim,55.79283296,56.66871993
No,49.88534004,0,7269,0.489627036,36,3,Northern Rim,61.44269778,50.90534004
No,53.06751746,0,14874,0.543619041,44,5,Eastern Islands,66.35066915,54.08751746
No,44.78169132,0,11940,0.475075319,41,3,Northern Rim,51.4261539,45.80169132
No,38.98714775,0,9785,0.531840545,53,4,West,48.80638254,40.00714775
No,51.67682827,0,4978,0.529500573,37,4,Eastern Islands,60.36716707,52.69682827
No,52.83494806,0,6670,0.517819349,43,3,Eastern Islands,69.76191905,53.85494806
No,44.78680481,0,2960,0.522876696,58,4,West,51.39538356,45.80680481
No,57.51322574,1,13460,0.537433818,50,4,West,56.45924836,58.53322574
No,32.43832892,0,6244,0.506246498,18,2,West,66.42428268,33.45832892
No,55.47570251,0,18910,0.518305449,35,4,West,44.20603965,56.49570251
No,53.11551229,0,8452,0.493201742,60,5,Eastern Islands,50.41460761,54.13551229
No,52.44684428,0,3809,0.514889293,20,4,Eastern Islands,58.77419395,53.46684428
No,48.14464034,0,13988,0.520912448,44,3,Eastern Islands,33.81411402,49.16464034
No,67.73371506,0,11914,0.519673767,59,2,West,61.85881672,68.75371506
No,58.15561524,0,6987,0.50965103,41,6,Northern Rim,76.00024971,59.17561524
No,54.54883162,0,16125,0.490004229,35,2,Northern Rim,47.60244929,55.56883162
No,60.8218703,0,7042,0.521352268,64,2,West,62.2317947,61.8418703
No,45.30856735,0,8424,0.545643643,21,2,Northern Rim,60.25234588,46.32856735
No,67.67280827,1,1880,0.553403885,30,1,West,50.94933333,68.69280827
No,43.64647523,0,13741,0.49694618,49,4,West,54.72645971,44.66647523
No,48.03277216,1,14945,0.497200598,18,3,West,50.6635967,49.05277216
No,54.83184221,0,14022,0.513999538,46,3,West,64.97707538,55.85184221
No,53.18884389,1,7504,0.502453133,47,4,Northern Rim,61.7887701,54.20884389
No,42.71212849,0,9622,0.507170173,18,5,West,61.26455185,43.73212849
No,52.43398154,0,8288,0.505639183,36,4,West,60.2849689,53.45398154
No,55.49166462,0,17645,0.522727675,18,4,West,69.38038828,56.51166462
No,56.26759358,0,8448,0.494957408,60,3,Eastern Islands,54.52729971,57.28759358
No,53.37440306,0,9872,0.49828694,43,5,Northern Rim,68.83772554,54.39440306
No,48.9515854,0,10568,0.515577585,36,3,West,61.0019143,49.9715854
No,49.55703247,0,13547,0.541193425,40,3,Northern Rim,48.06008476,50.57703247
No,35.79422476,0,9355,0.541359224,45,3,Northern Rim,78.50565246,36.81422476
No,56.32995731,0,10105,0.488311686,18,5,Northern Rim,46.91601672,57.34995731
No,71.64049797,0,17970,0.49340454,56,5,Eastern Islands,45.36715525,72.66049797
No,50.82485477,0,9975,0.514456515,38,3,Northern Rim,72.05536521,51.84485477
No,53.09720578,0,10213,0.510256361,41,5,Eastern Islands,55.16197374,54.11720578
No,43.88104394,0,10045,0.51864764,36,5,Northern Rim,57.37029701,44.90104394
No,49.64865086,0,11319,0.5299335,19,5,Northern Rim,61.062823,50.66865086
No,53.38251572,1,16009,0.535121899,41,5,Northern Rim,60.46253021,54.40251572
No,45.99062232,0,2361,0.50923478,67,4,Northern Rim,63.32403164,47.01062232
No,37.58134398,0,10344,0.522937781,22,1,West,66.63801357,38.60134398
No,55.09860186,1,9904,0.488580375,59,3,Eastern Islands,53.21010105,56.11860186
No,43.80265335,1,15885,0.514368948,32,2,West,55.66950011,44.82265335
No,47.16895418,0,6859,0.540919835,60,3,Northern Rim,58.07844926,48.18895418
No,40.53045812,0,3341,0.517344749,35,3,Northern Rim,58.01956076,41.55045812
No,47.62868983,0,9762,0.521024368,25,3,Northern Rim,59.22784067,48.64868983
No,50.43789871,0,7394,0.462709084,59,4,Northern Rim,56.55163876,51.45789871
No,52.79741221,0,14634,0.537635552,30,3,West,57.66239725,53.81741221
No,55.83368009,0,15726,0.5098802,36,3,Northern Rim,60.15133695,56.85368009
No,65.39688248,0,4124,0.483644991,18,4,West,62.41221316,66.41688248
No,51.69782759,0,8047,0.515655541,29,4,Northern Rim,55.41398343,52.71782759
No,53.23608691,0,13958,0.534298139,22,4,West,57.52181675,54.25608691
No,56.10194955,0,8540,0.520870477,47,4,West,57.9021842,57.12194955
No,61.48778882,0,3190,0.503072037,42,3,Eastern Islands,55.67070095,62.50778882
No,56.18406794,0,11169,0.5063782,20,4,Northern Rim,60.95218221,57.20406794
No,53.53628067,1,16363,0.510233736,25,3,Northern Rim,56.0912876,54.55628067
No,46.61022901,0,14962,0.518857586,18,4,Eastern Islands,47.91546683,47.63022901
No,56.01199208,0,14546,0.489861423,74,5,West,66.58872341,57.03199208
No,59.69969181,0,7581,0.512577669,57,1,Eastern Islands,40.80341949,60.71969181
No,34.36384953,0,11570,0.55752669,44,5,West,45.36387697,35.38384953
No,50.75038975,0,13895,0.519483696,47,4,Northern Rim,53.92773402,51.77038975
No,53.327023,0,9984,0.48607212,49,3,Eastern Islands,70.03750321,54.347023
No,35.09324834,0,2572,0.50968026,26,3,Northern Rim,54.17191163,36.11324834
No,37.40279224,0,9930,0.496040169,41,4,Eastern Islands,56.05853634,38.42279224
No,52.42669816,0,16461,0.51831069,40,4,Eastern Islands,42.03902616,53.44669816
No,64.81457082,0,7455,0.529345688,51,3,Northern Rim,47.63192087,65.83457082
No,36.74534454,0,11504,0.483128059,28,3,West,51.67173266,37.76534454
No,64.05460335,0,14716,0.523694281,33,4,Eastern Islands,58.4058386,65.07460335
No,54.62106399,0,15946,0.499999981,60,4,Northern Rim,65.0660816,55.64106399
No,45.94483002,0,12357,0.537070109,45,1,Eastern Islands,57.31332531,46.96483002
No,46.78198921,0,13161,0.492311548,43,4,Northern Rim,43.482969,47.80198921
No,42.38521183,0,13511,0.494406599,39,4,West,56.76367811,43.40521183
No,56.83971566,1,13092,0.51101368,31,3,Eastern Islands,54.34913929,57.85971566
No,48.94415999,0,477,0.520504126,51,3,Eastern Islands,70.23093765,49.96415999
No,46.99427845,1,8771,0.497489761,59,4,Eastern Islands,65.57161788,48.01427845
No,40.50250015,0,9101,0.507479227,72,4,Northern Rim,42.11434095,41.52250015
No,64.8878851,0,6376,0.49376058,79,4,West,58.95677919,65.9078851
No,47.14239084,0,12723,0.485761019,36,4,Northern Rim,59.97927255,48.16239084
No,31.48246821,0,6678,0.522367723,50,5,Eastern Islands,64.33632379,32.50246821
No,49.31183982,1,11065,0.514481046,22,3,Eastern Islands,53.91622426,50.33183982
No,51.44152146,0,5679,0.485162346,18,3,Northern Rim,54.78355954,52.46152146
No,57.54809583,0,1061,0.526284865,77,5,West,52.6628061,58.56809583
No,47.22866025,0,12180,0.509084161,35,3,West,59.40933042,48.24866025
No,52.72591911,0,17298,0.514650086,49,4,West,50.60974296,53.74591911
No,44.90279658,0,11901,0.489277349,66,2,Northern Rim,69.64917528,45.92279658
No,50.35665729,0,8081,0.501068569,47,3,Northern Rim,50.87793575,51.37665729
No,37.05322387,0,8525,0.508770865,18,3,Eastern Islands,62.60065122,38.07322387
No,49.56124049,0,7131,0.516166215,61,2,Eastern Islands,67.26689517,50.58124049
No,44.21407672,0,3139,0.543077561,54,5,Eastern Islands,64.36009646,45.23407672
No,64.27192309,0,17933,0.525136936,18,4,Northern Rim,52.49015405,65.29192309
No,37.77585177,0,10028,0.486510871,73,4,West,62.87572287,38.79585177
No,51.39663544,0,11872,0.496861749,36,4,West,62.17712541,52.41663544
No,39.80924518,1,11585,0.524762585,21,4,West,64.29853929,40.82924518
No,48.86642141,0,14236,0.51135343,20,3,Eastern Islands,56.16253298,49.88642141
No,68.19685611,0,9257,0.519862145,25,3,Eastern Islands,66.9499488,69.21685611
No,46.74764157,0,13439,0.493301177,18,3,West,48.08770368,47.76764157
No,35.67705936,0,14858,0.502765925,55,4,Northern Rim,62.11556914,36.69705936
No,51.77367409,0,6758,0.480511232,37,2,Northern Rim,52.96089431,52.79367409
No,49.60261669,0,8390,0.51066566,48,4,West,62.30536309,50.62261669
No,51.811996,1,12967,0.493814777,32,4,West,61.484737,52.831996
No,59.64429856,1,6967,0.535682905,48,3,Northern Rim,53.58053659,60.66429856
No,53.24359227,0,13373,0.535031122,48,3,Eastern Islands,56.32624526,54.26359227
No,56.02501012,0,9486,0.508342306,36,3,Northern Rim,54.52749952,57.04501012
No,45.92640849,0,964,0.517967863,66,6,West,69.38286305,46.94640849
No,47.6285275,1,10454,0.505495147,39,4,West,67.74241753,48.6485275
No,55.42885333,0,11798,0.481483062,40,4,West,45.555452,56.44885333
No,42.72301068,0,4478,0.520779738,45,4,West,61.91703013,43.74301068
No,47.67051303,0,11717,0.548693546,40,3,Northern Rim,53.16378955,48.69051303
No,50.92992458,0,12069,0.494429999,26,4,Northern Rim,49.97193704,51.94992458
No,48.31532707,0,10236,0.517737582,59,3,Eastern Islands,49.49919033,49.33532707
No,37.34263119,0,8363,0.509068368,52,2,Northern Rim,46.80784566,38.36263119
No,47.07458358,0,13439,0.497931624,57,2,Northern Rim,66.4993145,48.09458358
No,57.56285484,0,13365,0.509290906,57,3,Northern Rim,57.341051,58.58285484
No,54.4334665,0,15795,0.495302296,44,5,Northern Rim,60.5069435,55.4534665
No,63.15994104,1,18682,0.510002643,48,3,Eastern Islands,61.81710886,64.17994104
No,47.04737792,0,8300,0.522066749,42,2,West,59.48513765,48.06737792
No,56.13860403,0,6045,0.524928422,18,2,West,50.3580949,57.15860403
No,56.97787173,1,9616,0.521629873,18,4,Eastern Islands,57.98906505,57.99787173
No,61.58450659,0,6206,0.483311613,40,3,Northern Rim,66.95438781,62.60450659
No,42.91311634,0,11513,0.488484755,35,4,Northern Rim,64.87308684,43.93311634
No,44.32766626,0,9659,0.501277349,29,3,Northern Rim,59.57834912,45.34766626
No,41.99607248,0,17088,0.517057196,50,4,West,62.01073303,43.01607248
No,62.15087463,0,17413,0.556182731,43,4,Northern Rim,55.77593156,63.17087463
No,51.92033307,0,7381,0.512488109,41,4,Northern Rim,60.75008047,52.94033307
No,44.68445469,0,4393,0.489033131,41,4,Northern Rim,52.92781987,45.70445469
No,54.17465219,0,12663,0.495921157,52,2,Northern Rim,56.90137315,55.19465219
No,57.29387627,0,11855,0.516438058,49,2,Eastern Islands,53.4188423,58.31387627
No,60.51784947,1,6019,0.524021977,63,4,West,51.54384358,61.53784947
No,53.42711935,0,12092,0.506267509,40,3,Northern Rim,49.91252478,54.44711935
No,47.27802325,1,6650,0.491639489,57,4,Eastern Islands,59.39726934,48.29802325
No,60.66210794,0,7398,0.462448015,52,4,Eastern Islands,69.95308769,61.68210794
No,41.82175604,0,8400,0.486703303,60,4,West,50.08406937,42.84175604
No,42.9172725,0,6833,0.531168883,20,3,West,58.69873718,43.9372725
No,37.7607764,0,5597,0.503686724,27,4,Northern Rim,59.92133626,38.7807764
No,55.28080034,0,10668,0.552580604,37,5,West,50.60608461,56.30080034
No,56.82251359,0,7047,0.497794871,39,2,West,58.65535935,57.84251359
No,59.17370992,0,12707,0.526369695,25,3,Eastern Islands,64.7467108,60.19370992
No,69.01197395,0,12008,0.558172663,21,3,West,62.0078561,70.03197395
No,28.99636757,0,8444,0.50561016,64,3,West,48.09469088,30.01636757
No,48.68120103,0,9851,0.540730307,46,3,West,48.69558402,49.70120103
No,53.50032829,0,9380,0.502057457,21,4,West,56.84077471,54.52032829
No,61.87418228,0,11433,0.51486992,29,3,West,73.33264157,62.89418228
No,50.85957684,0,14527,0.548245867,48,4,Northern Rim,62.91487744,51.87957684
No,43.86433407,0,14600,0.537114742,25,4,West,46.4900469,44.88433407
No,54.70221059,0,13287,0.525097041,50,3,Northern Rim,66.57899552,55.72221059
No,30.11373025,0,8704,0.540678224,34,2,Northern Rim,42.45197342,31.13373025
No,50.15071407,0,11058,0.510644549,29,3,Northern Rim,58.63599222,51.17071407
No,63.08097842,1,4830,0.548505597,65,4,West,60.12110341,64.10097842
No,47.98441763,0,15753,0.464375221,50,4,Eastern Islands,47.43086493,49.00441763
No,45.94549013,0,5795,0.52632298,32,4,Eastern Islands,64.77369955,46.96549013
No,35.06423155,0,9835,0.524300755,30,2,Northern Rim,49.29406491,36.08423155
No,42.21595652,0,12107,0.512313791,27,6,Northern Rim,57.15640835,43.23595652
No,53.12448104,0,6872,0.487569959,53,4,West,60.6028357,54.14448104
No,55.32690503,1,8788,0.512008851,52,2,Northern Rim,43.51763048,56.34690503
No,42.80190916,0,7431,0.539607367,52,3,West,53.11939427,43.82190916
No,59.21246852,0,7149,0.515310305,32,4,West,78.9946647,60.23246852
No,39.17712572,0,3472,0.525462718,18,3,Eastern Islands,57.20400362,40.19712572
No,61.11920899,0,15997,0.511736786,38,3,Northern Rim,51.15300327,62.13920899
No,54.28686257,0,16010,0.509450985,38,2,Eastern Islands,59.52163566,55.30686257
No,53.0749677,0,8397,0.526920743,43,3,Eastern Islands,50.90294663,54.0949677
No,57.62535896,0,14789,0.496791777,58,3,West,63.25136253,58.64535896
No,74.32096846,0,5382,0.499510979,62,4,Northern Rim,49.0077161,75.34096846
No,57.27920639,0,6805,0.506588564,44,5,West,65.0971321,58.29920639
No,65.5833159,0,13804,0.538990058,21,4,Eastern Islands,55.59720733,66.6033159
No,56.89076345,0,16879,0.487040907,34,2,Northern Rim,57.63210413,57.91076345
No,56.78655633,0,9319,0.519804157,39,3,Northern Rim,60.18769951,57.80655633
No,49.27571381,0,4417,0.508418702,31,4,West,70.89064076,50.29571381
No,48.79453197,0,7641,0.499830168,28,4,Eastern Islands,64.64922566,49.81453197
No,41.97637758,0,15102,0.519750411,39,4,Northern Rim,67.18367214,42.99637758
No,54.61439096,0,5223,0.515767073,54,5,Eastern Islands,70.08927318,55.63439096
No,50.51671708,0,8901,0.485374728,57,3,Northern Rim,50.04208418,51.53671708
No,52.99006625,0,9024,0.524784628,54,4,West,57.9150233,54.01006625
No,58.18584269,0,14560,0.523552189,35,3,Eastern Islands,43.10102732,59.20584269
No,62.35123677,0,12379,0.537926089,42,5,West,56.72503373,63.37123677
No,55.68859917,0,9463,0.519724989,18,3,West,50.33985761,56.70859917
No,47.34693445,0,100,0.500741774,38,2,Eastern Islands,54.9774442,48.36693445
No,41.70788696,0,15177,0.475374513,27,4,Eastern Islands,47.63344491,42.72788696
No,56.04976921,0,11940,0.515787441,36,5,Northern Rim,67.99026428,57.06976921
No,54.27620161,0,6342,0.483629962,56,4,Northern Rim,50.06993001,55.29620161
No,43.98087688,1,17201,0.505368681,37,3,Northern Rim,63.81353053,45.00087688
No,48.63179952,0,6135,0.530780825,57,3,Eastern Islands,56.51491395,49.65179952
No,46.90018534,1,12131,0.509300688,47,4,Eastern Islands,65.55743099,47.92018534
No,58.05645946,0,9299,0.515373168,31,5,West,55.58096285,59.07645946
No,42.75862983,0,8020,0.491356609,45,3,West,62.29879964,43.77862983
No,53.38464814,0,4011,0.543646661,28,3,West,51.35522705,54.40464814
No,46.69413527,0,9356,0.516114646,26,2,West,54.07223843,47.71413527
No,39.56101205,0,12968,0.518306535,54,4,West,51.5119349,40.58101205
No,42.66472313,0,100,0.520933524,62,3,Eastern Islands,60.31719891,43.68472313
No,44.93934874,0,13151,0.5559567,67,3,Eastern Islands,52.27919932,45.95934874
No,56.92325983,0,19752,0.494277411,49,1,Northern Rim,56.84984639,57.94325983
No,54.55403287,0,7260,0.506956703,32,4,Northern Rim,71.70791864,55.57403287
No,57.82391353,0,4396,0.463376158,60,2,Northern Rim,51.05295486,58.84391353
No,42.17903857,0,12334,0.550149828,27,3,Eastern Islands,65.03300009,43.19903857
No,37.17872635,0,100,0.51851395,38,4,Eastern Islands,67.86867866,38.19872635
No,70.47123068,0,11812,0.513772165,27,5,West,51.85379448,71.49123068
No,46.66088407,0,6103,0.530072056,51,4,Eastern Islands,53.85369019,47.68088407
No,48.15668172,0,6898,0.539202457,31,3,West,42.82795128,49.17668172
No,47.3661298,0,12051,0.52970833,42,4,Eastern Islands,69.51852998,48.3861298
No,49.17240796,0,11722,0.515242151,47,4,Northern Rim,55.63159386,50.19240796
No,41.65917562,0,8893,0.50534603,51,2,West,65.82336258,42.67917562
No,63.69026822,0,15472,0.481441639,18,2,West,57.08341189,64.71026822
No,53.02019472,0,13245,0.530663371,29,2,Northern Rim,52.53758336,54.04019472
No,50.75900145,0,4682,0.515055152,29,2,Northern Rim,49.56248903,51.77900145
No,47.5217535,1,5517,0.506308763,38,3,West,50.38478138,48.5417535
No,56.18894252,0,8585,0.497490061,51,5,Northern Rim,59.11311273,57.20894252
No,45.3618068,0,12013,0.502987345,42,6,Northern Rim,57.63918853,46.3818068
No,48.75383116,0,10919,0.469967776,40,5,West,51.49923148,49.77383116
No,56.66463898,0,11269,0.513379619,29,2,West,55.78902517,57.68463898
No,48.36288924,0,18977,0.522238287,59,2,West,65.47437353,49.38288924
No,56.49756536,1,13351,0.504101697,41,3,Eastern Islands,61.1204929,57.51756536
No,50.96034182,0,10995,0.506300199,56,4,Northern Rim,46.91985372,51.98034182
No,37.11287493,0,11934,0.477852494,42,4,Eastern Islands,57.07499757,38.13287493